INSERT INTO dqa_batch_type (type_code, type_label) VALUES ('S', 'Submission');

DROP TABLE dqa_code_received;

CREATE TABLE dqa_code_received
(
  code_id             INTEGER NOT NULL AUTO_INCREMENT PRIMARY KEY,
  code_label          VARCHAR(30),
  profile_id          INTEGER NOT NULL,
  table_id            INTEGER NOT NULL,
  received_value      VARCHAR(50) NOT NULL,
  code_value          VARCHAR(50),
  code_status         VARCHAR(1) NOT NULL,
  received_count      INTEGER
);

DELETE FROM dqa_issue_found;
DELETE FROM dqa_message_received;
DELETE FROM dqa_patient;
DELETE FROM dqa_next_of_kin;
DELETE FROM dqa_vaccination;

DROP TABLE dqa_code_table;

CREATE TABLE dqa_code_table
(
  table_id             INTEGER NOT NULL PRIMARY KEY,
  table_label          VARCHAR(50) NOT NULL, 
  default_code_value   VARCHAR(50)
);

INSERT INTO dqa_code_table (table_id, table_label, default_code_value) VALUES(2, 'Address Country', '');
INSERT INTO dqa_code_table (table_id, table_label, default_code_value) VALUES(3, 'Address County', '');
INSERT INTO dqa_code_table (table_id, table_label, default_code_value) VALUES(4, 'Address State', '');
INSERT INTO dqa_code_table (table_id, table_label, default_code_value) VALUES(5, 'Address Type', '');
INSERT INTO dqa_code_table (table_id, table_label, default_code_value) VALUES(6, 'Administration Unit', '');
INSERT INTO dqa_code_table (table_id, table_label, default_code_value) VALUES(7, 'Birth Order', '');
INSERT INTO dqa_code_table (table_id, table_label, default_code_value) VALUES(8, 'Body Route', '');
INSERT INTO dqa_code_table (table_id, table_label, default_code_value) VALUES(9, 'Body Site', '');
INSERT INTO dqa_code_table (table_id, table_label, default_code_value) VALUES(10, 'Financial Status Code', '');
INSERT INTO dqa_code_table (table_id, table_label, default_code_value) VALUES(11, 'Id Assigning Authority', '');
INSERT INTO dqa_code_table (table_id, table_label, default_code_value) VALUES(12, 'Id Type Code', '');
INSERT INTO dqa_code_table (table_id, table_label, default_code_value) VALUES(13, 'Organization', '');
INSERT INTO dqa_code_table (table_id, table_label, default_code_value) VALUES(14, 'Patient Ethnicity', '');
INSERT INTO dqa_code_table (table_id, table_label, default_code_value) VALUES(15, 'Patient Id', '');
INSERT INTO dqa_code_table (table_id, table_label, default_code_value) VALUES(16, 'Patient Protection', '');
INSERT INTO dqa_code_table (table_id, table_label, default_code_value) VALUES(17, 'Patient Publicity', '');
INSERT INTO dqa_code_table (table_id, table_label, default_code_value) VALUES(18, 'Patient Race', '');
INSERT INTO dqa_code_table (table_id, table_label, default_code_value) VALUES(19, 'Patient Sex', '');
INSERT INTO dqa_code_table (table_id, table_label, default_code_value) VALUES(20, 'Person Language', '');
INSERT INTO dqa_code_table (table_id, table_label, default_code_value) VALUES(21, 'Person Name Type', '');
INSERT INTO dqa_code_table (table_id, table_label, default_code_value) VALUES(22, 'Person Relationship', '');
INSERT INTO dqa_code_table (table_id, table_label, default_code_value) VALUES(23, 'Physician Number', '');
INSERT INTO dqa_code_table (table_id, table_label, default_code_value) VALUES(24, 'Registry Status', '');
INSERT INTO dqa_code_table (table_id, table_label, default_code_value) VALUES(25, 'Vaccination Action Code', 'A');
INSERT INTO dqa_code_table (table_id, table_label, default_code_value) VALUES(26, 'Vaccination Completion', '');
INSERT INTO dqa_code_table (table_id, table_label, default_code_value) VALUES(27, 'Vaccination Confidentiality', '');
INSERT INTO dqa_code_table (table_id, table_label, default_code_value) VALUES(28, 'Vaccination CPT Code', '');
INSERT INTO dqa_code_table (table_id, table_label, default_code_value) VALUES(29, 'Vaccination CVX Code', '');
INSERT INTO dqa_code_table (table_id, table_label, default_code_value) VALUES(30, 'Vaccination Information Source', '');
INSERT INTO dqa_code_table (table_id, table_label, default_code_value) VALUES(31, 'Vaccination Manufacturer Code', '');
INSERT INTO dqa_code_table (table_id, table_label, default_code_value) VALUES(32, 'Vaccination Refusal', '');
INSERT INTO dqa_code_table (table_id, table_label, default_code_value) VALUES(33, 'Vaccine Product', '');

DROP TABLE dqa_potential_issue;
CREATE TABLE dqa_potential_issue
(
  issue_id            INTEGER NOT NULL PRIMARY KEY,
  target_object       VARCHAR(30) NOT NULL,
  target_field        VARCHAR(50) NOT NULL,
  issue_type          VARCHAR(50) NOT NULL,
  field_value         VARCHAR(50),
  default_action_code VARCHAR(1) NOT NULL,
  change_priority     VARCHAR(7) NOT NULL, -- Must, Should, Can, May, Blocked
  report_denominator  VARCHAR(30) NOT NULL,
  issue_description   VARCHAR(4000)
);


INSERT INTO dqa_potential_issue(issue_id, target_object, target_field, issue_type, field_value, default_action_code, change_priority, report_denominator, issue_description) VALUES (2, 'General', 'authorization', 'exception', '', 'E', 'Blocked', 'Message Count', 'Submitter is not authorized to submit messages');
INSERT INTO dqa_potential_issue(issue_id, target_object, target_field, issue_type, field_value, default_action_code, change_priority, report_denominator, issue_description) VALUES (3, 'General', 'configuration', 'exception', '', 'E', 'Blocked', 'Message Count', 'Profile is not configured properly, unable to accept messages');
INSERT INTO dqa_potential_issue(issue_id, target_object, target_field, issue_type, field_value, default_action_code, change_priority, report_denominator, issue_description) VALUES (4, 'General', 'parse', 'exception', '', 'E', 'Blocked', 'Message Count', 'Message can not be parsed');
INSERT INTO dqa_potential_issue(issue_id, target_object, target_field, issue_type, field_value, default_action_code, change_priority, report_denominator, issue_description) VALUES (5, 'General', 'processing', 'exception', '', 'E', 'Blocked', 'Message Count', 'General unexpected exception while processing message');
INSERT INTO dqa_potential_issue(issue_id, target_object, target_field, issue_type, field_value, default_action_code, change_priority, report_denominator, issue_description) VALUES (6, 'HL7 MSH', 'acknowledgement type', 'is missing', '', 'A', 'May', 'Message Count', '');
INSERT INTO dqa_potential_issue(issue_id, target_object, target_field, issue_type, field_value, default_action_code, change_priority, report_denominator, issue_description) VALUES (7, 'HL7 MSH', 'acknowledgement type', 'is unrecognized', '', 'W', 'May', 'Message Count', '');
INSERT INTO dqa_potential_issue(issue_id, target_object, target_field, issue_type, field_value, default_action_code, change_priority, report_denominator, issue_description) VALUES (8, 'HL7 MSH', 'acknowledgement type', 'is valued as', 'always', 'A', 'May', 'Message Count', '');
INSERT INTO dqa_potential_issue(issue_id, target_object, target_field, issue_type, field_value, default_action_code, change_priority, report_denominator, issue_description) VALUES (9, 'HL7 MSH', 'acknowledgement type', 'is valued as', 'never', 'A', 'May', 'Message Count', '');
INSERT INTO dqa_potential_issue(issue_id, target_object, target_field, issue_type, field_value, default_action_code, change_priority, report_denominator, issue_description) VALUES (10, 'HL7 MSH', 'acknowledgement type', 'is valued as', 'only on errors', 'A', 'May', 'Message Count', '');
INSERT INTO dqa_potential_issue(issue_id, target_object, target_field, issue_type, field_value, default_action_code, change_priority, report_denominator, issue_description) VALUES (11, 'HL7 MSH', 'encoding character', 'is invalid', '', 'E', 'Blocked', 'Message Count', '');
INSERT INTO dqa_potential_issue(issue_id, target_object, target_field, issue_type, field_value, default_action_code, change_priority, report_denominator, issue_description) VALUES (12, 'HL7 MSH', 'encoding character', 'is missing', '', 'E', 'Blocked', 'Message Count', '');
INSERT INTO dqa_potential_issue(issue_id, target_object, target_field, issue_type, field_value, default_action_code, change_priority, report_denominator, issue_description) VALUES (13, 'HL7 MSH', 'encoding character', 'is non-standard', '', 'E', 'May', 'Message Count', '');
INSERT INTO dqa_potential_issue(issue_id, target_object, target_field, issue_type, field_value, default_action_code, change_priority, report_denominator, issue_description) VALUES (14, 'HL7 MSH', 'message control id', 'is missing', '', 'W', 'May', 'Message Count', '');
INSERT INTO dqa_potential_issue(issue_id, target_object, target_field, issue_type, field_value, default_action_code, change_priority, report_denominator, issue_description) VALUES (15, 'HL7 MSH', 'message date', 'is in future', '', 'E', 'May', 'Message Count', '');
INSERT INTO dqa_potential_issue(issue_id, target_object, target_field, issue_type, field_value, default_action_code, change_priority, report_denominator, issue_description) VALUES (16, 'HL7 MSH', 'message date', 'is invalid', '', 'E', 'May', 'Message Count', '');
INSERT INTO dqa_potential_issue(issue_id, target_object, target_field, issue_type, field_value, default_action_code, change_priority, report_denominator, issue_description) VALUES (17, 'HL7 MSH', 'message date', 'is missing', '', 'E', 'May', 'Message Count', '');
INSERT INTO dqa_potential_issue(issue_id, target_object, target_field, issue_type, field_value, default_action_code, change_priority, report_denominator, issue_description) VALUES (18, 'HL7 MSH', 'message trigger', 'is missing', '', 'W', 'May', 'Message Count', '');
INSERT INTO dqa_potential_issue(issue_id, target_object, target_field, issue_type, field_value, default_action_code, change_priority, report_denominator, issue_description) VALUES (19, 'HL7 MSH', 'message trigger', 'is unrecognized', '', 'E', 'May', 'Message Count', '');
INSERT INTO dqa_potential_issue(issue_id, target_object, target_field, issue_type, field_value, default_action_code, change_priority, report_denominator, issue_description) VALUES (20, 'HL7 MSH', 'message type', 'is missing', '', 'W', 'May', 'Message Count', '');
INSERT INTO dqa_potential_issue(issue_id, target_object, target_field, issue_type, field_value, default_action_code, change_priority, report_denominator, issue_description) VALUES (21, 'HL7 MSH', 'message type', 'is unrecognized', '', 'E', 'Blocked', 'Message Count', '');
INSERT INTO dqa_potential_issue(issue_id, target_object, target_field, issue_type, field_value, default_action_code, change_priority, report_denominator, issue_description) VALUES (22, 'HL7 MSH', 'message type', 'is unsupported', '', 'E', 'Blocked', 'Message Count', '');
INSERT INTO dqa_potential_issue(issue_id, target_object, target_field, issue_type, field_value, default_action_code, change_priority, report_denominator, issue_description) VALUES (23, 'HL7 MSH', 'processing id', 'is missing', '', 'A', 'May', 'Message Count', '');
INSERT INTO dqa_potential_issue(issue_id, target_object, target_field, issue_type, field_value, default_action_code, change_priority, report_denominator, issue_description) VALUES (24, 'HL7 MSH', 'processing id', 'is valued as', 'debug', 'A', 'May', 'Message Count', '');
INSERT INTO dqa_potential_issue(issue_id, target_object, target_field, issue_type, field_value, default_action_code, change_priority, report_denominator, issue_description) VALUES (25, 'HL7 MSH', 'processing id', 'is valued as', 'production', 'A', 'May', 'Message Count', '');
INSERT INTO dqa_potential_issue(issue_id, target_object, target_field, issue_type, field_value, default_action_code, change_priority, report_denominator, issue_description) VALUES (26, 'HL7 MSH', 'processing id', 'is valued as', 'training', 'A', 'May', 'Message Count', '');
INSERT INTO dqa_potential_issue(issue_id, target_object, target_field, issue_type, field_value, default_action_code, change_priority, report_denominator, issue_description) VALUES (27, 'HL7 MSH', 'profile id', 'is missing', '', 'A', 'May', 'Message Count', '');
INSERT INTO dqa_potential_issue(issue_id, target_object, target_field, issue_type, field_value, default_action_code, change_priority, report_denominator, issue_description) VALUES (28, 'HL7 MSH', 'profile id', 'is unrecognized', '', 'A', 'May', 'Message Count', '');
INSERT INTO dqa_potential_issue(issue_id, target_object, target_field, issue_type, field_value, default_action_code, change_priority, report_denominator, issue_description) VALUES (29, 'HL7 MSH', 'receiving application', 'is invalid', '', 'W', 'May', 'Message Count', '');
INSERT INTO dqa_potential_issue(issue_id, target_object, target_field, issue_type, field_value, default_action_code, change_priority, report_denominator, issue_description) VALUES (30, 'HL7 MSH', 'receiving application', 'is missing', '', 'A', 'May', 'Message Count', '');
INSERT INTO dqa_potential_issue(issue_id, target_object, target_field, issue_type, field_value, default_action_code, change_priority, report_denominator, issue_description) VALUES (31, 'HL7 MSH', 'receiving facility', 'is invalid', '', 'W', 'May', 'Message Count', '');
INSERT INTO dqa_potential_issue(issue_id, target_object, target_field, issue_type, field_value, default_action_code, change_priority, report_denominator, issue_description) VALUES (32, 'HL7 MSH', 'receiving facility', 'is missing', '', 'A', 'May', 'Message Count', '');
INSERT INTO dqa_potential_issue(issue_id, target_object, target_field, issue_type, field_value, default_action_code, change_priority, report_denominator, issue_description) VALUES (33, 'HL7 MSH', 'segment', 'is missing', '', 'E', 'Blocked', 'Message Count', '');
INSERT INTO dqa_potential_issue(issue_id, target_object, target_field, issue_type, field_value, default_action_code, change_priority, report_denominator, issue_description) VALUES (34, 'HL7 MSH', 'sending application', 'is invalid', '', 'W', 'May', 'Message Count', '');
INSERT INTO dqa_potential_issue(issue_id, target_object, target_field, issue_type, field_value, default_action_code, change_priority, report_denominator, issue_description) VALUES (35, 'HL7 MSH', 'sending application', 'is missing', '', 'A', 'May', 'Message Count', '');
INSERT INTO dqa_potential_issue(issue_id, target_object, target_field, issue_type, field_value, default_action_code, change_priority, report_denominator, issue_description) VALUES (36, 'HL7 MSH', 'sending facility', 'is invalid', '', 'W', 'May', 'Message Count', '');
INSERT INTO dqa_potential_issue(issue_id, target_object, target_field, issue_type, field_value, default_action_code, change_priority, report_denominator, issue_description) VALUES (37, 'HL7 MSH', 'sending facility', 'is missing', '', 'A', 'May', 'Message Count', '');
INSERT INTO dqa_potential_issue(issue_id, target_object, target_field, issue_type, field_value, default_action_code, change_priority, report_denominator, issue_description) VALUES (38, 'HL7 MSH', 'version', 'is missing', '', 'A', 'May', 'Message Count', '');
INSERT INTO dqa_potential_issue(issue_id, target_object, target_field, issue_type, field_value, default_action_code, change_priority, report_denominator, issue_description) VALUES (39, 'HL7 MSH', 'version', 'is unrecognized', '', 'W', 'May', 'Message Count', '');
INSERT INTO dqa_potential_issue(issue_id, target_object, target_field, issue_type, field_value, default_action_code, change_priority, report_denominator, issue_description) VALUES (40, 'HL7 MSH', 'version', 'is valued as', '2.3.1', 'A', 'May', 'Message Count', '');
INSERT INTO dqa_potential_issue(issue_id, target_object, target_field, issue_type, field_value, default_action_code, change_priority, report_denominator, issue_description) VALUES (41, 'HL7 MSH', 'version', 'is valued as', '2.4', 'A', 'May', 'Message Count', '');
INSERT INTO dqa_potential_issue(issue_id, target_object, target_field, issue_type, field_value, default_action_code, change_priority, report_denominator, issue_description) VALUES (42, 'HL7 MSH', 'version', 'is valued as', '2.5', 'A', 'May', 'Message Count', '');
INSERT INTO dqa_potential_issue(issue_id, target_object, target_field, issue_type, field_value, default_action_code, change_priority, report_denominator, issue_description) VALUES (43, 'HL7 NK1', 'segment', 'is missing', '', 'W', 'Should', 'Next-of-Kin Count', '');
INSERT INTO dqa_potential_issue(issue_id, target_object, target_field, issue_type, field_value, default_action_code, change_priority, report_denominator, issue_description) VALUES (44, 'HL7 NK1', 'segment', 'is repeated', '', 'A', 'May', 'Next-of-Kin Count', '');
INSERT INTO dqa_potential_issue(issue_id, target_object, target_field, issue_type, field_value, default_action_code, change_priority, report_denominator, issue_description) VALUES (45, 'HL7 OBX', 'segment', 'is missing', '', 'A', 'May', 'Observation Count', '');
INSERT INTO dqa_potential_issue(issue_id, target_object, target_field, issue_type, field_value, default_action_code, change_priority, report_denominator, issue_description) VALUES (46, 'HL7 ORC', 'segment', 'is missing', '', 'A', 'May', 'Vaccination Count', '');
INSERT INTO dqa_potential_issue(issue_id, target_object, target_field, issue_type, field_value, default_action_code, change_priority, report_denominator, issue_description) VALUES (47, 'HL7 ORC', 'segment', 'is repeated', '', 'E', 'Blocked', 'Message Count', '');
INSERT INTO dqa_potential_issue(issue_id, target_object, target_field, issue_type, field_value, default_action_code, change_priority, report_denominator, issue_description) VALUES (48, 'HL7 PD1', 'segment', 'is missing', '', 'A', 'May', 'Message Count', '');
INSERT INTO dqa_potential_issue(issue_id, target_object, target_field, issue_type, field_value, default_action_code, change_priority, report_denominator, issue_description) VALUES (49, 'HL7 PID', 'segment', 'is missing', '', 'E', 'Blocked', 'Message Count', '');
INSERT INTO dqa_potential_issue(issue_id, target_object, target_field, issue_type, field_value, default_action_code, change_priority, report_denominator, issue_description) VALUES (50, 'HL7 PID', 'segment', 'is repeated', '', 'E', 'Blocked', 'Message Count', '');
INSERT INTO dqa_potential_issue(issue_id, target_object, target_field, issue_type, field_value, default_action_code, change_priority, report_denominator, issue_description) VALUES (51, 'HL7 PV1', 'segment', 'is missing', '', 'A', 'May', 'Message Count', '');
INSERT INTO dqa_potential_issue(issue_id, target_object, target_field, issue_type, field_value, default_action_code, change_priority, report_denominator, issue_description) VALUES (52, 'HL7 RXA', 'segment', 'is missing', '', 'W', 'Can', 'Message Count', '');
INSERT INTO dqa_potential_issue(issue_id, target_object, target_field, issue_type, field_value, default_action_code, change_priority, report_denominator, issue_description) VALUES (53, 'HL7 RXA', 'segment', 'is repeated', '', 'A', 'Can', 'Message Count', '');
INSERT INTO dqa_potential_issue(issue_id, target_object, target_field, issue_type, field_value, default_action_code, change_priority, report_denominator, issue_description) VALUES (54, 'HL7 RXR', 'segment', 'is missing', '', 'A', 'May', 'Vaccination Count', '');
INSERT INTO dqa_potential_issue(issue_id, target_object, target_field, issue_type, field_value, default_action_code, change_priority, report_denominator, issue_description) VALUES (55, 'HL7 RXR', 'segment', 'is repeated', '', 'A', 'May', 'Vaccination Count', '');
INSERT INTO dqa_potential_issue(issue_id, target_object, target_field, issue_type, field_value, default_action_code, change_priority, report_denominator, issue_description) VALUES (56, 'Next-of-kin', 'address', 'is different from patient address', '', 'A', 'May', 'Next-of-Kin Count', '');
INSERT INTO dqa_potential_issue(issue_id, target_object, target_field, issue_type, field_value, default_action_code, change_priority, report_denominator, issue_description) VALUES (57, 'Next-of-kin', 'address', 'is missing', '', 'A', 'May', 'Next-of-Kin Count', '');
INSERT INTO dqa_potential_issue(issue_id, target_object, target_field, issue_type, field_value, default_action_code, change_priority, report_denominator, issue_description) VALUES (58, 'Next-of-kin', 'address city', 'is invalid', '', 'W', 'May', 'Next-of-Kin Count', '');
INSERT INTO dqa_potential_issue(issue_id, target_object, target_field, issue_type, field_value, default_action_code, change_priority, report_denominator, issue_description) VALUES (59, 'Next-of-kin', 'address city', 'is missing', '', 'A', 'May', 'Next-of-Kin Count', '');
INSERT INTO dqa_potential_issue(issue_id, target_object, target_field, issue_type, field_value, default_action_code, change_priority, report_denominator, issue_description) VALUES (60, 'Next-of-kin', 'address country', 'is deprecated', '', 'W', 'May', 'Next-of-Kin Count', '');
INSERT INTO dqa_potential_issue(issue_id, target_object, target_field, issue_type, field_value, default_action_code, change_priority, report_denominator, issue_description) VALUES (61, 'Next-of-kin', 'address country', 'is ignored', '', 'S', 'May', 'Next-of-Kin Count', '');
INSERT INTO dqa_potential_issue(issue_id, target_object, target_field, issue_type, field_value, default_action_code, change_priority, report_denominator, issue_description) VALUES (62, 'Next-of-kin', 'address country', 'is invalid', '', 'W', 'May', 'Next-of-Kin Count', '');
INSERT INTO dqa_potential_issue(issue_id, target_object, target_field, issue_type, field_value, default_action_code, change_priority, report_denominator, issue_description) VALUES (63, 'Next-of-kin', 'address country', 'is missing', '', 'A', 'May', 'Next-of-Kin Count', '');
INSERT INTO dqa_potential_issue(issue_id, target_object, target_field, issue_type, field_value, default_action_code, change_priority, report_denominator, issue_description) VALUES (64, 'Next-of-kin', 'address country', 'is unrecognized', '', 'W', 'May', 'Next-of-Kin Count', '');
INSERT INTO dqa_potential_issue(issue_id, target_object, target_field, issue_type, field_value, default_action_code, change_priority, report_denominator, issue_description) VALUES (65, 'Next-of-kin', 'address county', 'is deprecated', '', 'W', 'May', 'Next-of-Kin Count', '');
INSERT INTO dqa_potential_issue(issue_id, target_object, target_field, issue_type, field_value, default_action_code, change_priority, report_denominator, issue_description) VALUES (66, 'Next-of-kin', 'address county', 'is ignored', '', 'S', 'May', 'Next-of-Kin Count', '');
INSERT INTO dqa_potential_issue(issue_id, target_object, target_field, issue_type, field_value, default_action_code, change_priority, report_denominator, issue_description) VALUES (67, 'Next-of-kin', 'address county', 'is invalid', '', 'W', 'May', 'Next-of-Kin Count', '');
INSERT INTO dqa_potential_issue(issue_id, target_object, target_field, issue_type, field_value, default_action_code, change_priority, report_denominator, issue_description) VALUES (68, 'Next-of-kin', 'address county', 'is missing', '', 'A', 'May', 'Next-of-Kin Count', '');
INSERT INTO dqa_potential_issue(issue_id, target_object, target_field, issue_type, field_value, default_action_code, change_priority, report_denominator, issue_description) VALUES (69, 'Next-of-kin', 'address county', 'is unrecognized', '', 'W', 'May', 'Next-of-Kin Count', '');
INSERT INTO dqa_potential_issue(issue_id, target_object, target_field, issue_type, field_value, default_action_code, change_priority, report_denominator, issue_description) VALUES (70, 'Next-of-kin', 'address state', 'is deprecated', '', 'W', 'May', 'Next-of-Kin Count', '');
INSERT INTO dqa_potential_issue(issue_id, target_object, target_field, issue_type, field_value, default_action_code, change_priority, report_denominator, issue_description) VALUES (71, 'Next-of-kin', 'address state', 'is ignored', '', 'S', 'May', 'Next-of-Kin Count', '');
INSERT INTO dqa_potential_issue(issue_id, target_object, target_field, issue_type, field_value, default_action_code, change_priority, report_denominator, issue_description) VALUES (72, 'Next-of-kin', 'address state', 'is invalid', '', 'W', 'May', 'Next-of-Kin Count', '');
INSERT INTO dqa_potential_issue(issue_id, target_object, target_field, issue_type, field_value, default_action_code, change_priority, report_denominator, issue_description) VALUES (73, 'Next-of-kin', 'address state', 'is missing', '', 'A', 'May', 'Next-of-Kin Count', '');
INSERT INTO dqa_potential_issue(issue_id, target_object, target_field, issue_type, field_value, default_action_code, change_priority, report_denominator, issue_description) VALUES (74, 'Next-of-kin', 'address state', 'is unrecognized', '', 'W', 'May', 'Next-of-Kin Count', '');
INSERT INTO dqa_potential_issue(issue_id, target_object, target_field, issue_type, field_value, default_action_code, change_priority, report_denominator, issue_description) VALUES (75, 'Next-of-kin', 'address street', 'is missing', '', 'A', 'May', 'Next-of-Kin Count', '');
INSERT INTO dqa_potential_issue(issue_id, target_object, target_field, issue_type, field_value, default_action_code, change_priority, report_denominator, issue_description) VALUES (76, 'Next-of-kin', 'address street2', 'is missing', '', 'A', 'May', 'Next-of-Kin Count', '');
INSERT INTO dqa_potential_issue(issue_id, target_object, target_field, issue_type, field_value, default_action_code, change_priority, report_denominator, issue_description) VALUES (77, 'Next-of-kin', 'address zip', 'is invalid', '', 'W', 'May', 'Next-of-Kin Count', '');
INSERT INTO dqa_potential_issue(issue_id, target_object, target_field, issue_type, field_value, default_action_code, change_priority, report_denominator, issue_description) VALUES (78, 'Next-of-kin', 'address zip', 'is missing', '', 'A', 'May', 'Next-of-Kin Count', '');
INSERT INTO dqa_potential_issue(issue_id, target_object, target_field, issue_type, field_value, default_action_code, change_priority, report_denominator, issue_description) VALUES (79, 'Next-of-kin', 'name', 'is missing', '', 'W', 'Can', 'Next-of-Kin Count', '');
INSERT INTO dqa_potential_issue(issue_id, target_object, target_field, issue_type, field_value, default_action_code, change_priority, report_denominator, issue_description) VALUES (80, 'Next-of-kin', 'name first', 'is missing', '', 'W', 'Can', 'Next-of-Kin Count', '');
INSERT INTO dqa_potential_issue(issue_id, target_object, target_field, issue_type, field_value, default_action_code, change_priority, report_denominator, issue_description) VALUES (81, 'Next-of-kin', 'name last', 'is missing', '', 'W', 'Can', 'Next-of-Kin Count', '');
INSERT INTO dqa_potential_issue(issue_id, target_object, target_field, issue_type, field_value, default_action_code, change_priority, report_denominator, issue_description) VALUES (82, 'Next-of-kin', 'phone number', 'is incomplete', '', 'W', 'May', 'Next-of-Kin Count', '');
INSERT INTO dqa_potential_issue(issue_id, target_object, target_field, issue_type, field_value, default_action_code, change_priority, report_denominator, issue_description) VALUES (83, 'Next-of-kin', 'phone number', 'is invalid', '', 'W', 'May', 'Next-of-Kin Count', '');
INSERT INTO dqa_potential_issue(issue_id, target_object, target_field, issue_type, field_value, default_action_code, change_priority, report_denominator, issue_description) VALUES (84, 'Next-of-kin', 'phone number', 'is missing', '', 'A', 'Can', 'Next-of-Kin Count', '');
INSERT INTO dqa_potential_issue(issue_id, target_object, target_field, issue_type, field_value, default_action_code, change_priority, report_denominator, issue_description) VALUES (85, 'Next-of-kin', 'relationship', 'is deprecated', '', 'W', 'May', 'Next-of-Kin Count', '');
INSERT INTO dqa_potential_issue(issue_id, target_object, target_field, issue_type, field_value, default_action_code, change_priority, report_denominator, issue_description) VALUES (86, 'Next-of-kin', 'relationship', 'is ignored', '', 'S', 'May', 'Next-of-Kin Count', '');
INSERT INTO dqa_potential_issue(issue_id, target_object, target_field, issue_type, field_value, default_action_code, change_priority, report_denominator, issue_description) VALUES (87, 'Next-of-kin', 'relationship', 'is invalid', '', 'W', 'May', 'Next-of-Kin Count', '');
INSERT INTO dqa_potential_issue(issue_id, target_object, target_field, issue_type, field_value, default_action_code, change_priority, report_denominator, issue_description) VALUES (88, 'Next-of-kin', 'relationship', 'is missing', '', 'W', 'Should', 'Next-of-Kin Count', '');
INSERT INTO dqa_potential_issue(issue_id, target_object, target_field, issue_type, field_value, default_action_code, change_priority, report_denominator, issue_description) VALUES (89, 'Next-of-kin', 'relationship', 'is not responsible party', '', 'A', 'May', 'Next-of-Kin Count', '');
INSERT INTO dqa_potential_issue(issue_id, target_object, target_field, issue_type, field_value, default_action_code, change_priority, report_denominator, issue_description) VALUES (90, 'Next-of-kin', 'relationship', 'is unrecognized', '', 'W', 'May', 'Next-of-Kin Count', '');
INSERT INTO dqa_potential_issue(issue_id, target_object, target_field, issue_type, field_value, default_action_code, change_priority, report_denominator, issue_description) VALUES (91, 'Next-of-kin', 'SSN', 'is missing', '', 'A', 'May', 'Next-of-Kin Count', '');
INSERT INTO dqa_potential_issue(issue_id, target_object, target_field, issue_type, field_value, default_action_code, change_priority, report_denominator, issue_description) VALUES (92, 'Patient', 'address', 'is missing', '', 'E', 'Should', 'Patient Count', '');
INSERT INTO dqa_potential_issue(issue_id, target_object, target_field, issue_type, field_value, default_action_code, change_priority, report_denominator, issue_description) VALUES (93, 'Patient', 'address city', 'is invalid', '', 'E', 'May', 'Patient Count', '');
INSERT INTO dqa_potential_issue(issue_id, target_object, target_field, issue_type, field_value, default_action_code, change_priority, report_denominator, issue_description) VALUES (94, 'Patient', 'address city', 'is missing', '', 'W', 'May', 'Patient Count', '');
INSERT INTO dqa_potential_issue(issue_id, target_object, target_field, issue_type, field_value, default_action_code, change_priority, report_denominator, issue_description) VALUES (95, 'Patient', 'address country', 'is deprecated', '', 'W', 'May', 'Patient Count', '');
INSERT INTO dqa_potential_issue(issue_id, target_object, target_field, issue_type, field_value, default_action_code, change_priority, report_denominator, issue_description) VALUES (96, 'Patient', 'address country', 'is ignored', '', 'S', 'May', 'Patient Count', '');
INSERT INTO dqa_potential_issue(issue_id, target_object, target_field, issue_type, field_value, default_action_code, change_priority, report_denominator, issue_description) VALUES (97, 'Patient', 'address country', 'is invalid', '', 'W', 'May', 'Patient Count', '');
INSERT INTO dqa_potential_issue(issue_id, target_object, target_field, issue_type, field_value, default_action_code, change_priority, report_denominator, issue_description) VALUES (98, 'Patient', 'address country', 'is missing', '', 'A', 'May', 'Patient Count', '');
INSERT INTO dqa_potential_issue(issue_id, target_object, target_field, issue_type, field_value, default_action_code, change_priority, report_denominator, issue_description) VALUES (99, 'Patient', 'address country', 'is unrecognized', '', 'W', 'May', 'Patient Count', '');
INSERT INTO dqa_potential_issue(issue_id, target_object, target_field, issue_type, field_value, default_action_code, change_priority, report_denominator, issue_description) VALUES (100, 'Patient', 'address county', 'is deprecated', '', 'W', 'May', 'Patient Count', '');
INSERT INTO dqa_potential_issue(issue_id, target_object, target_field, issue_type, field_value, default_action_code, change_priority, report_denominator, issue_description) VALUES (101, 'Patient', 'address county', 'is ignored', '', 'S', 'May', 'Patient Count', '');
INSERT INTO dqa_potential_issue(issue_id, target_object, target_field, issue_type, field_value, default_action_code, change_priority, report_denominator, issue_description) VALUES (102, 'Patient', 'address county', 'is invalid', '', 'W', 'May', 'Patient Count', '');
INSERT INTO dqa_potential_issue(issue_id, target_object, target_field, issue_type, field_value, default_action_code, change_priority, report_denominator, issue_description) VALUES (103, 'Patient', 'address county', 'is missing', '', 'A', 'May', 'Patient Count', '');
INSERT INTO dqa_potential_issue(issue_id, target_object, target_field, issue_type, field_value, default_action_code, change_priority, report_denominator, issue_description) VALUES (104, 'Patient', 'address county', 'is unrecognized', '', 'W', 'May', 'Patient Count', '');
INSERT INTO dqa_potential_issue(issue_id, target_object, target_field, issue_type, field_value, default_action_code, change_priority, report_denominator, issue_description) VALUES (105, 'Patient', 'address state', 'is deprecated', '', 'W', 'May', 'Patient Count', '');
INSERT INTO dqa_potential_issue(issue_id, target_object, target_field, issue_type, field_value, default_action_code, change_priority, report_denominator, issue_description) VALUES (106, 'Patient', 'address state', 'is ignored', '', 'S', 'May', 'Patient Count', '');
INSERT INTO dqa_potential_issue(issue_id, target_object, target_field, issue_type, field_value, default_action_code, change_priority, report_denominator, issue_description) VALUES (107, 'Patient', 'address state', 'is invalid', '', 'W', 'May', 'Patient Count', '');
INSERT INTO dqa_potential_issue(issue_id, target_object, target_field, issue_type, field_value, default_action_code, change_priority, report_denominator, issue_description) VALUES (108, 'Patient', 'address state', 'is missing', '', 'W', 'May', 'Patient Count', '');
INSERT INTO dqa_potential_issue(issue_id, target_object, target_field, issue_type, field_value, default_action_code, change_priority, report_denominator, issue_description) VALUES (109, 'Patient', 'address state', 'is unrecognized', '', 'W', 'May', 'Patient Count', '');
INSERT INTO dqa_potential_issue(issue_id, target_object, target_field, issue_type, field_value, default_action_code, change_priority, report_denominator, issue_description) VALUES (110, 'Patient', 'address street', 'is missing', '', 'W', 'May', 'Patient Count', '');
INSERT INTO dqa_potential_issue(issue_id, target_object, target_field, issue_type, field_value, default_action_code, change_priority, report_denominator, issue_description) VALUES (111, 'Patient', 'address street2', 'is missing', '', 'A', 'Can', 'Patient Count', '');
INSERT INTO dqa_potential_issue(issue_id, target_object, target_field, issue_type, field_value, default_action_code, change_priority, report_denominator, issue_description) VALUES (112, 'Patient', 'address zip', 'is invalid', '', 'W', 'May', 'Patient Count', '');
INSERT INTO dqa_potential_issue(issue_id, target_object, target_field, issue_type, field_value, default_action_code, change_priority, report_denominator, issue_description) VALUES (113, 'Patient', 'address zip', 'is missing', '', 'W', 'May', 'Patient Count', '');
INSERT INTO dqa_potential_issue(issue_id, target_object, target_field, issue_type, field_value, default_action_code, change_priority, report_denominator, issue_description) VALUES (114, 'Patient', 'alias', 'is missing', '', 'A', 'May', 'Patient Count', '');
INSERT INTO dqa_potential_issue(issue_id, target_object, target_field, issue_type, field_value, default_action_code, change_priority, report_denominator, issue_description) VALUES (115, 'Patient', 'birth date', 'is after submission', '', 'E', 'Blocked', 'Patient Count', '');
INSERT INTO dqa_potential_issue(issue_id, target_object, target_field, issue_type, field_value, default_action_code, change_priority, report_denominator, issue_description) VALUES (116, 'Patient', 'birth date', 'is in future', '', 'E', 'Blocked', 'Patient Count', '');
INSERT INTO dqa_potential_issue(issue_id, target_object, target_field, issue_type, field_value, default_action_code, change_priority, report_denominator, issue_description) VALUES (117, 'Patient', 'birth date', 'is invalid', '', 'E', 'Blocked', 'Patient Count', '');
INSERT INTO dqa_potential_issue(issue_id, target_object, target_field, issue_type, field_value, default_action_code, change_priority, report_denominator, issue_description) VALUES (118, 'Patient', 'birth date', 'is missing', '', 'E', 'Blocked', 'Patient Count', '');
INSERT INTO dqa_potential_issue(issue_id, target_object, target_field, issue_type, field_value, default_action_code, change_priority, report_denominator, issue_description) VALUES (119, 'Patient', 'birth date', 'is underage', '', 'A', 'May', 'Patient Count', '');
INSERT INTO dqa_potential_issue(issue_id, target_object, target_field, issue_type, field_value, default_action_code, change_priority, report_denominator, issue_description) VALUES (120, 'Patient', 'birth date', 'is very long ago', '', 'E', 'Blocked', 'Patient Count', '');
INSERT INTO dqa_potential_issue(issue_id, target_object, target_field, issue_type, field_value, default_action_code, change_priority, report_denominator, issue_description) VALUES (121, 'Patient', 'birth indicator', 'is invalid', '', 'W', 'May', 'Patient Count', '');
INSERT INTO dqa_potential_issue(issue_id, target_object, target_field, issue_type, field_value, default_action_code, change_priority, report_denominator, issue_description) VALUES (122, 'Patient', 'birth indicator', 'is missing', '', 'A', 'Should', 'Patient Count', '');
INSERT INTO dqa_potential_issue(issue_id, target_object, target_field, issue_type, field_value, default_action_code, change_priority, report_denominator, issue_description) VALUES (123, 'Patient', 'birth order', 'is invalid', '', 'W', 'May', 'Patient Count', '');
INSERT INTO dqa_potential_issue(issue_id, target_object, target_field, issue_type, field_value, default_action_code, change_priority, report_denominator, issue_description) VALUES (124, 'Patient', 'birth order', 'is missing', '', 'A', 'Should', 'Patient Count', '');
INSERT INTO dqa_potential_issue(issue_id, target_object, target_field, issue_type, field_value, default_action_code, change_priority, report_denominator, issue_description) VALUES (125, 'Patient', 'birth order', 'is missing and multiple birth indicated', '', 'E', 'May', 'Patient Count', '');
INSERT INTO dqa_potential_issue(issue_id, target_object, target_field, issue_type, field_value, default_action_code, change_priority, report_denominator, issue_description) VALUES (126, 'Patient', 'birth place', 'is missing', '', 'A', 'May', 'Patient Count', '');
INSERT INTO dqa_potential_issue(issue_id, target_object, target_field, issue_type, field_value, default_action_code, change_priority, report_denominator, issue_description) VALUES (127, 'Patient', 'birth registry id', 'is invalid', '', 'W', 'May', 'Patient Count', '');
INSERT INTO dqa_potential_issue(issue_id, target_object, target_field, issue_type, field_value, default_action_code, change_priority, report_denominator, issue_description) VALUES (128, 'Patient', 'birth registry id', 'is missing', '', 'A', 'May', 'Patient Count', '');
INSERT INTO dqa_potential_issue(issue_id, target_object, target_field, issue_type, field_value, default_action_code, change_priority, report_denominator, issue_description) VALUES (129, 'Patient', 'death date', 'is before birth', '', 'E', 'Blocked', 'Patient Count', '');
INSERT INTO dqa_potential_issue(issue_id, target_object, target_field, issue_type, field_value, default_action_code, change_priority, report_denominator, issue_description) VALUES (130, 'Patient', 'death date', 'is in future', '', 'E', 'Blocked', 'Patient Count', '');
INSERT INTO dqa_potential_issue(issue_id, target_object, target_field, issue_type, field_value, default_action_code, change_priority, report_denominator, issue_description) VALUES (131, 'Patient', 'death date', 'is invalid', '', 'E', 'Blocked', 'Patient Count', '');
INSERT INTO dqa_potential_issue(issue_id, target_object, target_field, issue_type, field_value, default_action_code, change_priority, report_denominator, issue_description) VALUES (132, 'Patient', 'death date', 'is missing', '', 'A', 'May', 'Patient Count', '');
INSERT INTO dqa_potential_issue(issue_id, target_object, target_field, issue_type, field_value, default_action_code, change_priority, report_denominator, issue_description) VALUES (133, 'Patient', 'death indicator', 'is inconsistent', '', 'E', 'May', 'Patient Count', '');
INSERT INTO dqa_potential_issue(issue_id, target_object, target_field, issue_type, field_value, default_action_code, change_priority, report_denominator, issue_description) VALUES (134, 'Patient', 'death indicator', 'is missing', '', 'A', 'May', 'Patient Count', '');
INSERT INTO dqa_potential_issue(issue_id, target_object, target_field, issue_type, field_value, default_action_code, change_priority, report_denominator, issue_description) VALUES (135, 'Patient', 'ethnicity', 'is deprecated', '', 'W', 'May', 'Patient Count', '');
INSERT INTO dqa_potential_issue(issue_id, target_object, target_field, issue_type, field_value, default_action_code, change_priority, report_denominator, issue_description) VALUES (136, 'Patient', 'ethnicity', 'is ignored', '', 'S', 'May', 'Patient Count', '');
INSERT INTO dqa_potential_issue(issue_id, target_object, target_field, issue_type, field_value, default_action_code, change_priority, report_denominator, issue_description) VALUES (137, 'Patient', 'ethnicity', 'is invalid', '', 'W', 'May', 'Patient Count', '');
INSERT INTO dqa_potential_issue(issue_id, target_object, target_field, issue_type, field_value, default_action_code, change_priority, report_denominator, issue_description) VALUES (138, 'Patient', 'ethnicity', 'is missing', '', 'A', 'Should', 'Patient Count', '');
INSERT INTO dqa_potential_issue(issue_id, target_object, target_field, issue_type, field_value, default_action_code, change_priority, report_denominator, issue_description) VALUES (139, 'Patient', 'ethnicity', 'is unrecognized', '', 'W', 'May', 'Patient Count', '');
INSERT INTO dqa_potential_issue(issue_id, target_object, target_field, issue_type, field_value, default_action_code, change_priority, report_denominator, issue_description) VALUES (140, 'Patient', 'first name', 'is invalid', '', 'E', 'May', 'Patient Count', '');
INSERT INTO dqa_potential_issue(issue_id, target_object, target_field, issue_type, field_value, default_action_code, change_priority, report_denominator, issue_description) VALUES (141, 'Patient', 'first name', 'is missing', '', 'E', 'May', 'Patient Count', '');
INSERT INTO dqa_potential_issue(issue_id, target_object, target_field, issue_type, field_value, default_action_code, change_priority, report_denominator, issue_description) VALUES (142, 'Patient', 'first name', 'may include middle initial', '', 'A', 'May', 'Patient Count', '');
INSERT INTO dqa_potential_issue(issue_id, target_object, target_field, issue_type, field_value, default_action_code, change_priority, report_denominator, issue_description) VALUES (143, 'Patient', 'gender', 'is deprecated', '', 'W', 'May', 'Patient Count', '');
INSERT INTO dqa_potential_issue(issue_id, target_object, target_field, issue_type, field_value, default_action_code, change_priority, report_denominator, issue_description) VALUES (144, 'Patient', 'gender', 'is ignored', '', 'S', 'May', 'Patient Count', '');
INSERT INTO dqa_potential_issue(issue_id, target_object, target_field, issue_type, field_value, default_action_code, change_priority, report_denominator, issue_description) VALUES (145, 'Patient', 'gender', 'is invalid', '', 'E', 'May', 'Patient Count', '');
INSERT INTO dqa_potential_issue(issue_id, target_object, target_field, issue_type, field_value, default_action_code, change_priority, report_denominator, issue_description) VALUES (146, 'Patient', 'gender', 'is missing', '', 'E', 'Blocked', 'Patient Count', '');
INSERT INTO dqa_potential_issue(issue_id, target_object, target_field, issue_type, field_value, default_action_code, change_priority, report_denominator, issue_description) VALUES (147, 'Patient', 'gender', 'is unrecognized', '', 'E', 'May', 'Patient Count', '');
INSERT INTO dqa_potential_issue(issue_id, target_object, target_field, issue_type, field_value, default_action_code, change_priority, report_denominator, issue_description) VALUES (148, 'Patient', 'guardian address', 'is missing', '', 'A', 'May', 'Patient Underage Count', '');
INSERT INTO dqa_potential_issue(issue_id, target_object, target_field, issue_type, field_value, default_action_code, change_priority, report_denominator, issue_description) VALUES (149, 'Patient', 'guardian address city', 'is missing', '', 'A', 'May', 'Patient Underage Count', '');
INSERT INTO dqa_potential_issue(issue_id, target_object, target_field, issue_type, field_value, default_action_code, change_priority, report_denominator, issue_description) VALUES (150, 'Patient', 'guardian address state', 'is missing', '', 'A', 'May', 'Patient Underage Count', '');
INSERT INTO dqa_potential_issue(issue_id, target_object, target_field, issue_type, field_value, default_action_code, change_priority, report_denominator, issue_description) VALUES (151, 'Patient', 'guardian address street', 'is missing', '', 'A', 'May', 'Patient Underage Count', '');
INSERT INTO dqa_potential_issue(issue_id, target_object, target_field, issue_type, field_value, default_action_code, change_priority, report_denominator, issue_description) VALUES (152, 'Patient', 'guardian address zip', 'is missing', '', 'A', 'May', 'Patient Underage Count', '');
INSERT INTO dqa_potential_issue(issue_id, target_object, target_field, issue_type, field_value, default_action_code, change_priority, report_denominator, issue_description) VALUES (153, 'Patient', 'guardian first name', 'is missing', '', 'W', 'May', 'Patient Underage Count', '');
INSERT INTO dqa_potential_issue(issue_id, target_object, target_field, issue_type, field_value, default_action_code, change_priority, report_denominator, issue_description) VALUES (154, 'Patient', 'guardian last name', 'is missing', '', 'W', 'May', 'Patient Underage Count', '');
INSERT INTO dqa_potential_issue(issue_id, target_object, target_field, issue_type, field_value, default_action_code, change_priority, report_denominator, issue_description) VALUES (155, 'Patient', 'guardian name', 'is missing', '', 'A', 'May', 'Patient Underage Count', '');
INSERT INTO dqa_potential_issue(issue_id, target_object, target_field, issue_type, field_value, default_action_code, change_priority, report_denominator, issue_description) VALUES (156, 'Patient', 'guardian name', 'is same as underage patient', '', 'A', 'May', 'Patient Underage Count', '');
INSERT INTO dqa_potential_issue(issue_id, target_object, target_field, issue_type, field_value, default_action_code, change_priority, report_denominator, issue_description) VALUES (157, 'Patient', 'guardian party', 'is missing', '', 'W', 'May', 'Patient Underage Count', '');
INSERT INTO dqa_potential_issue(issue_id, target_object, target_field, issue_type, field_value, default_action_code, change_priority, report_denominator, issue_description) VALUES (158, 'Patient', 'guardian phone', 'is missing', '', 'A', 'May', 'Patient Underage Count', '');
INSERT INTO dqa_potential_issue(issue_id, target_object, target_field, issue_type, field_value, default_action_code, change_priority, report_denominator, issue_description) VALUES (159, 'Patient', 'guardian relationship', 'is missing', '', 'W', 'May', 'Patient Underage Count', '');
INSERT INTO dqa_potential_issue(issue_id, target_object, target_field, issue_type, field_value, default_action_code, change_priority, report_denominator, issue_description) VALUES (160, 'Patient', 'immunization registry status', 'is deprecated', '', 'W', 'May', 'Patient Count', '');
INSERT INTO dqa_potential_issue(issue_id, target_object, target_field, issue_type, field_value, default_action_code, change_priority, report_denominator, issue_description) VALUES (161, 'Patient', 'immunization registry status', 'is ignored', '', 'S', 'May', 'Patient Count', '');
INSERT INTO dqa_potential_issue(issue_id, target_object, target_field, issue_type, field_value, default_action_code, change_priority, report_denominator, issue_description) VALUES (162, 'Patient', 'immunization registry status', 'is invalid', '', 'W', 'May', 'Patient Count', '');
INSERT INTO dqa_potential_issue(issue_id, target_object, target_field, issue_type, field_value, default_action_code, change_priority, report_denominator, issue_description) VALUES (163, 'Patient', 'immunization registry status', 'is missing', '', 'A', 'May', 'Patient Count', '');
INSERT INTO dqa_potential_issue(issue_id, target_object, target_field, issue_type, field_value, default_action_code, change_priority, report_denominator, issue_description) VALUES (164, 'Patient', 'immunization registry status', 'is unrecognized', '', 'W', 'May', 'Patient Count', '');
INSERT INTO dqa_potential_issue(issue_id, target_object, target_field, issue_type, field_value, default_action_code, change_priority, report_denominator, issue_description) VALUES (165, 'Patient', 'last name', 'is invalid', '', 'E', 'May', 'Patient Count', '');
INSERT INTO dqa_potential_issue(issue_id, target_object, target_field, issue_type, field_value, default_action_code, change_priority, report_denominator, issue_description) VALUES (166, 'Patient', 'last name', 'is missing', '', 'E', 'May', 'Patient Count', '');
INSERT INTO dqa_potential_issue(issue_id, target_object, target_field, issue_type, field_value, default_action_code, change_priority, report_denominator, issue_description) VALUES (167, 'Patient', 'Medicaid number', 'is invalid', '', 'A', 'Can', 'Patient Count', '');
INSERT INTO dqa_potential_issue(issue_id, target_object, target_field, issue_type, field_value, default_action_code, change_priority, report_denominator, issue_description) VALUES (168, 'Patient', 'Medicaid number', 'is missing', '', 'A', 'Can', 'Patient Count', '');
INSERT INTO dqa_potential_issue(issue_id, target_object, target_field, issue_type, field_value, default_action_code, change_priority, report_denominator, issue_description) VALUES (169, 'Patient', 'middle name', 'is missing', '', 'A', 'May', 'Patient Count', '');
INSERT INTO dqa_potential_issue(issue_id, target_object, target_field, issue_type, field_value, default_action_code, change_priority, report_denominator, issue_description) VALUES (170, 'Patient', 'middle name', 'may be initial', '', 'A', 'May', 'Patient Count', '');
INSERT INTO dqa_potential_issue(issue_id, target_object, target_field, issue_type, field_value, default_action_code, change_priority, report_denominator, issue_description) VALUES (171, 'Patient', 'mother''s maiden name', 'is missing', '', 'A', 'Should', 'Patient Count', '');
INSERT INTO dqa_potential_issue(issue_id, target_object, target_field, issue_type, field_value, default_action_code, change_priority, report_denominator, issue_description) VALUES (172, 'Patient', 'name', 'may be temporary newborn name', '', 'A', 'Should', 'Patient Count', '');
INSERT INTO dqa_potential_issue(issue_id, target_object, target_field, issue_type, field_value, default_action_code, change_priority, report_denominator, issue_description) VALUES (173, 'Patient', 'name', 'may be test name', '', 'A', 'Should', 'Patient Count', '');
INSERT INTO dqa_potential_issue(issue_id, target_object, target_field, issue_type, field_value, default_action_code, change_priority, report_denominator, issue_description) VALUES (174, 'Patient', 'phone', 'is incomplete', '', 'W', 'May', 'Patient Count', '');
INSERT INTO dqa_potential_issue(issue_id, target_object, target_field, issue_type, field_value, default_action_code, change_priority, report_denominator, issue_description) VALUES (175, 'Patient', 'phone', 'is invalid', '', 'W', 'May', 'Patient Count', '');
INSERT INTO dqa_potential_issue(issue_id, target_object, target_field, issue_type, field_value, default_action_code, change_priority, report_denominator, issue_description) VALUES (176, 'Patient', 'phone', 'is missing', '', 'A', 'May', 'Patient Count', '');
INSERT INTO dqa_potential_issue(issue_id, target_object, target_field, issue_type, field_value, default_action_code, change_priority, report_denominator, issue_description) VALUES (177, 'Patient', 'primary facility id', 'is deprecated', '', 'W', 'May', 'Patient Count', '');
INSERT INTO dqa_potential_issue(issue_id, target_object, target_field, issue_type, field_value, default_action_code, change_priority, report_denominator, issue_description) VALUES (178, 'Patient', 'primary facility id', 'is ignored', '', 'S', 'May', 'Patient Count', '');
INSERT INTO dqa_potential_issue(issue_id, target_object, target_field, issue_type, field_value, default_action_code, change_priority, report_denominator, issue_description) VALUES (179, 'Patient', 'primary facility id', 'is invalid', '', 'E', 'May', 'Patient Count', '');
INSERT INTO dqa_potential_issue(issue_id, target_object, target_field, issue_type, field_value, default_action_code, change_priority, report_denominator, issue_description) VALUES (180, 'Patient', 'primary facility id', 'is missing', '', 'A', 'May', 'Patient Count', '');
INSERT INTO dqa_potential_issue(issue_id, target_object, target_field, issue_type, field_value, default_action_code, change_priority, report_denominator, issue_description) VALUES (181, 'Patient', 'primary facility id', 'is unrecognized', '', 'W', 'May', 'Patient Count', '');
INSERT INTO dqa_potential_issue(issue_id, target_object, target_field, issue_type, field_value, default_action_code, change_priority, report_denominator, issue_description) VALUES (182, 'Patient', 'primary facility name', 'is missing', '', 'A', 'May', 'Patient Count', '');
INSERT INTO dqa_potential_issue(issue_id, target_object, target_field, issue_type, field_value, default_action_code, change_priority, report_denominator, issue_description) VALUES (183, 'Patient', 'primary lanaguage', 'is deprecated', '', 'A', 'May', 'Patient Count', '');
INSERT INTO dqa_potential_issue(issue_id, target_object, target_field, issue_type, field_value, default_action_code, change_priority, report_denominator, issue_description) VALUES (184, 'Patient', 'primary lanaguage', 'is ignored', '', 'S', 'May', 'Patient Count', '');
INSERT INTO dqa_potential_issue(issue_id, target_object, target_field, issue_type, field_value, default_action_code, change_priority, report_denominator, issue_description) VALUES (185, 'Patient', 'primary lanaguage', 'is invalid', '', 'W', 'May', 'Patient Count', '');
INSERT INTO dqa_potential_issue(issue_id, target_object, target_field, issue_type, field_value, default_action_code, change_priority, report_denominator, issue_description) VALUES (186, 'Patient', 'primary lanaguage', 'is missing', '', 'A', 'May', 'Patient Count', '');
INSERT INTO dqa_potential_issue(issue_id, target_object, target_field, issue_type, field_value, default_action_code, change_priority, report_denominator, issue_description) VALUES (187, 'Patient', 'primary lanaguage', 'is unrecognized', '', 'W', 'May', 'Patient Count', '');
INSERT INTO dqa_potential_issue(issue_id, target_object, target_field, issue_type, field_value, default_action_code, change_priority, report_denominator, issue_description) VALUES (188, 'Patient', 'primary physician id', 'is deprecated', '', 'W', 'May', 'Patient Count', '');
INSERT INTO dqa_potential_issue(issue_id, target_object, target_field, issue_type, field_value, default_action_code, change_priority, report_denominator, issue_description) VALUES (189, 'Patient', 'primary physician id', 'is ignored', '', 'S', 'May', 'Patient Count', '');
INSERT INTO dqa_potential_issue(issue_id, target_object, target_field, issue_type, field_value, default_action_code, change_priority, report_denominator, issue_description) VALUES (190, 'Patient', 'primary physician id', 'is invalid', '', 'W', 'May', 'Patient Count', '');
INSERT INTO dqa_potential_issue(issue_id, target_object, target_field, issue_type, field_value, default_action_code, change_priority, report_denominator, issue_description) VALUES (191, 'Patient', 'primary physician id', 'is missing', '', 'A', 'May', 'Patient Count', '');
INSERT INTO dqa_potential_issue(issue_id, target_object, target_field, issue_type, field_value, default_action_code, change_priority, report_denominator, issue_description) VALUES (192, 'Patient', 'primary physician id', 'is unrecognized', '', 'W', 'May', 'Patient Count', '');
INSERT INTO dqa_potential_issue(issue_id, target_object, target_field, issue_type, field_value, default_action_code, change_priority, report_denominator, issue_description) VALUES (193, 'Patient', 'primary physician name', 'is missing', '', 'A', 'May', 'Patient Count', '');
INSERT INTO dqa_potential_issue(issue_id, target_object, target_field, issue_type, field_value, default_action_code, change_priority, report_denominator, issue_description) VALUES (194, 'Patient', 'protection indicator', 'is deprecated', '', 'W', 'May', 'Patient Count', '');
INSERT INTO dqa_potential_issue(issue_id, target_object, target_field, issue_type, field_value, default_action_code, change_priority, report_denominator, issue_description) VALUES (195, 'Patient', 'protection indicator', 'is ignored', '', 'S', 'May', 'Patient Count', '');
INSERT INTO dqa_potential_issue(issue_id, target_object, target_field, issue_type, field_value, default_action_code, change_priority, report_denominator, issue_description) VALUES (196, 'Patient', 'protection indicator', 'is invalid', '', 'W', 'May', 'Patient Count', '');
INSERT INTO dqa_potential_issue(issue_id, target_object, target_field, issue_type, field_value, default_action_code, change_priority, report_denominator, issue_description) VALUES (197, 'Patient', 'protection indicator', 'is missing', '', 'A', 'May', 'Patient Count', '');
INSERT INTO dqa_potential_issue(issue_id, target_object, target_field, issue_type, field_value, default_action_code, change_priority, report_denominator, issue_description) VALUES (198, 'Patient', 'protection indicator', 'is unrecognized', '', 'W', 'May', 'Patient Count', '');
INSERT INTO dqa_potential_issue(issue_id, target_object, target_field, issue_type, field_value, default_action_code, change_priority, report_denominator, issue_description) VALUES (199, 'Patient', 'protection indicator', 'is valued as', 'no', 'W', 'May', 'Patient Count', '');
INSERT INTO dqa_potential_issue(issue_id, target_object, target_field, issue_type, field_value, default_action_code, change_priority, report_denominator, issue_description) VALUES (200, 'Patient', 'protection indicator', 'is valued as', 'yes', 'W', 'May', 'Patient Count', '');
INSERT INTO dqa_potential_issue(issue_id, target_object, target_field, issue_type, field_value, default_action_code, change_priority, report_denominator, issue_description) VALUES (201, 'Patient', 'publicity code', 'is deprecated', '', 'W', 'May', 'Patient Count', '');
INSERT INTO dqa_potential_issue(issue_id, target_object, target_field, issue_type, field_value, default_action_code, change_priority, report_denominator, issue_description) VALUES (202, 'Patient', 'publicity code', 'is ignored', '', 'S', 'May', 'Patient Count', '');
INSERT INTO dqa_potential_issue(issue_id, target_object, target_field, issue_type, field_value, default_action_code, change_priority, report_denominator, issue_description) VALUES (203, 'Patient', 'publicity code', 'is invalid', '', 'W', 'May', 'Patient Count', '');
INSERT INTO dqa_potential_issue(issue_id, target_object, target_field, issue_type, field_value, default_action_code, change_priority, report_denominator, issue_description) VALUES (204, 'Patient', 'publicity code', 'is missing', '', 'A', 'May', 'Patient Count', '');
INSERT INTO dqa_potential_issue(issue_id, target_object, target_field, issue_type, field_value, default_action_code, change_priority, report_denominator, issue_description) VALUES (205, 'Patient', 'publicity code', 'is unrecognized', '', 'W', 'May', 'Patient Count', '');
INSERT INTO dqa_potential_issue(issue_id, target_object, target_field, issue_type, field_value, default_action_code, change_priority, report_denominator, issue_description) VALUES (206, 'Patient', 'race', 'is deprecated', '', 'W', 'May', 'Patient Count', '');
INSERT INTO dqa_potential_issue(issue_id, target_object, target_field, issue_type, field_value, default_action_code, change_priority, report_denominator, issue_description) VALUES (207, 'Patient', 'race', 'is ignored', '', 'S', 'May', 'Patient Count', '');
INSERT INTO dqa_potential_issue(issue_id, target_object, target_field, issue_type, field_value, default_action_code, change_priority, report_denominator, issue_description) VALUES (208, 'Patient', 'race', 'is invalid', '', 'W', 'May', 'Patient Count', '');
INSERT INTO dqa_potential_issue(issue_id, target_object, target_field, issue_type, field_value, default_action_code, change_priority, report_denominator, issue_description) VALUES (209, 'Patient', 'race', 'is missing', '', 'A', 'May', 'Patient Count', '');
INSERT INTO dqa_potential_issue(issue_id, target_object, target_field, issue_type, field_value, default_action_code, change_priority, report_denominator, issue_description) VALUES (210, 'Patient', 'race', 'is unrecognized', '', 'W', 'May', 'Patient Count', '');
INSERT INTO dqa_potential_issue(issue_id, target_object, target_field, issue_type, field_value, default_action_code, change_priority, report_denominator, issue_description) VALUES (211, 'Patient', 'registry id', 'is missing', '', 'A', 'May', 'Patient Count', '');
INSERT INTO dqa_potential_issue(issue_id, target_object, target_field, issue_type, field_value, default_action_code, change_priority, report_denominator, issue_description) VALUES (212, 'Patient', 'registry id', 'is unrecognized', '', 'A', 'May', 'Patient Count', '');
INSERT INTO dqa_potential_issue(issue_id, target_object, target_field, issue_type, field_value, default_action_code, change_priority, report_denominator, issue_description) VALUES (213, 'Patient', 'registry status', 'is deprecated', '', 'W', 'May', 'Patient Count', '');
INSERT INTO dqa_potential_issue(issue_id, target_object, target_field, issue_type, field_value, default_action_code, change_priority, report_denominator, issue_description) VALUES (214, 'Patient', 'registry status', 'is ignored', '', 'S', 'May', 'Patient Count', '');
INSERT INTO dqa_potential_issue(issue_id, target_object, target_field, issue_type, field_value, default_action_code, change_priority, report_denominator, issue_description) VALUES (215, 'Patient', 'registry status', 'is invalid', '', 'W', 'May', 'Patient Count', '');
INSERT INTO dqa_potential_issue(issue_id, target_object, target_field, issue_type, field_value, default_action_code, change_priority, report_denominator, issue_description) VALUES (216, 'Patient', 'registry status', 'is missing', '', 'A', 'May', 'Patient Count', '');
INSERT INTO dqa_potential_issue(issue_id, target_object, target_field, issue_type, field_value, default_action_code, change_priority, report_denominator, issue_description) VALUES (217, 'Patient', 'registry status', 'is unrecognized', '', 'W', 'May', 'Patient Count', '');
INSERT INTO dqa_potential_issue(issue_id, target_object, target_field, issue_type, field_value, default_action_code, change_priority, report_denominator, issue_description) VALUES (218, 'Patient', 'SSN', 'is invalid', '', 'W', 'May', 'Patient Count', '');
INSERT INTO dqa_potential_issue(issue_id, target_object, target_field, issue_type, field_value, default_action_code, change_priority, report_denominator, issue_description) VALUES (219, 'Patient', 'SSN', 'is missing', '', 'A', 'May', 'Patient Count', '');
INSERT INTO dqa_potential_issue(issue_id, target_object, target_field, issue_type, field_value, default_action_code, change_priority, report_denominator, issue_description) VALUES (220, 'Patient', 'submitter id', 'is missing', '', 'E', 'Blocked', 'Patient Count', '');
INSERT INTO dqa_potential_issue(issue_id, target_object, target_field, issue_type, field_value, default_action_code, change_priority, report_denominator, issue_description) VALUES (221, 'Patient', 'VFC effective date', 'is before birth', '', 'E', 'May', 'Patient Count', '');
INSERT INTO dqa_potential_issue(issue_id, target_object, target_field, issue_type, field_value, default_action_code, change_priority, report_denominator, issue_description) VALUES (222, 'Patient', 'VFC effective date', 'is in future', '', 'E', 'May', 'Patient Count', '');
INSERT INTO dqa_potential_issue(issue_id, target_object, target_field, issue_type, field_value, default_action_code, change_priority, report_denominator, issue_description) VALUES (223, 'Patient', 'VFC effective date', 'is invalid', '', 'E', 'May', 'Patient Count', '');
INSERT INTO dqa_potential_issue(issue_id, target_object, target_field, issue_type, field_value, default_action_code, change_priority, report_denominator, issue_description) VALUES (224, 'Patient', 'VFC effective date', 'is missing', '', 'A', 'May', 'Patient Count', '');
INSERT INTO dqa_potential_issue(issue_id, target_object, target_field, issue_type, field_value, default_action_code, change_priority, report_denominator, issue_description) VALUES (225, 'Patient', 'VFC status', 'is deprecated', '', 'W', 'May', 'Patient Count', '');
INSERT INTO dqa_potential_issue(issue_id, target_object, target_field, issue_type, field_value, default_action_code, change_priority, report_denominator, issue_description) VALUES (226, 'Patient', 'VFC status', 'is ignored', '', 'S', 'May', 'Patient Count', '');
INSERT INTO dqa_potential_issue(issue_id, target_object, target_field, issue_type, field_value, default_action_code, change_priority, report_denominator, issue_description) VALUES (227, 'Patient', 'VFC status', 'is invalid', '', 'W', 'May', 'Patient Count', '');
INSERT INTO dqa_potential_issue(issue_id, target_object, target_field, issue_type, field_value, default_action_code, change_priority, report_denominator, issue_description) VALUES (228, 'Patient', 'VFC status', 'is missing', '', 'A', 'May', 'Patient Count', '');
INSERT INTO dqa_potential_issue(issue_id, target_object, target_field, issue_type, field_value, default_action_code, change_priority, report_denominator, issue_description) VALUES (229, 'Patient', 'VFC status', 'is unrecognized', '', 'W', 'May', 'Patient Count', '');
INSERT INTO dqa_potential_issue(issue_id, target_object, target_field, issue_type, field_value, default_action_code, change_priority, report_denominator, issue_description) VALUES (230, 'Patient', 'WIC id', 'is invalid', '', 'A', 'May', 'Patient Count', '');
INSERT INTO dqa_potential_issue(issue_id, target_object, target_field, issue_type, field_value, default_action_code, change_priority, report_denominator, issue_description) VALUES (231, 'Patient', 'WIC id', 'is missing', '', 'A', 'May', 'Patient Count', '');
INSERT INTO dqa_potential_issue(issue_id, target_object, target_field, issue_type, field_value, default_action_code, change_priority, report_denominator, issue_description) VALUES (232, 'Vaccination', 'action code', 'is deprecated', '', 'W', 'May', 'Vaccination Count', '');
INSERT INTO dqa_potential_issue(issue_id, target_object, target_field, issue_type, field_value, default_action_code, change_priority, report_denominator, issue_description) VALUES (233, 'Vaccination', 'action code', 'is ignored', '', 'S', 'May', 'Vaccination Count', '');
INSERT INTO dqa_potential_issue(issue_id, target_object, target_field, issue_type, field_value, default_action_code, change_priority, report_denominator, issue_description) VALUES (234, 'Vaccination', 'action code', 'is invalid', '', 'E', 'May', 'Vaccination Count', '');
INSERT INTO dqa_potential_issue(issue_id, target_object, target_field, issue_type, field_value, default_action_code, change_priority, report_denominator, issue_description) VALUES (235, 'Vaccination', 'action code', 'is missing', '', 'A', 'May', 'Vaccination Count', '');
INSERT INTO dqa_potential_issue(issue_id, target_object, target_field, issue_type, field_value, default_action_code, change_priority, report_denominator, issue_description) VALUES (236, 'Vaccination', 'action code', 'is unrecognized', '', 'W', 'May', 'Vaccination Count', '');
INSERT INTO dqa_potential_issue(issue_id, target_object, target_field, issue_type, field_value, default_action_code, change_priority, report_denominator, issue_description) VALUES (237, 'Vaccination', 'action code', 'is valued as', 'add', 'A', 'May', 'Vaccination Count', '');
INSERT INTO dqa_potential_issue(issue_id, target_object, target_field, issue_type, field_value, default_action_code, change_priority, report_denominator, issue_description) VALUES (238, 'Vaccination', 'action code', 'is valued as', 'add or update', 'A', 'May', 'Vaccination Count', '');
INSERT INTO dqa_potential_issue(issue_id, target_object, target_field, issue_type, field_value, default_action_code, change_priority, report_denominator, issue_description) VALUES (239, 'Vaccination', 'action code', 'is valued as', 'delete', 'A', 'May', 'Vaccination Count', '');
INSERT INTO dqa_potential_issue(issue_id, target_object, target_field, issue_type, field_value, default_action_code, change_priority, report_denominator, issue_description) VALUES (240, 'Vaccination', 'action code', 'is valued as', 'update', 'A', 'May', 'Vaccination Count', '');
INSERT INTO dqa_potential_issue(issue_id, target_object, target_field, issue_type, field_value, default_action_code, change_priority, report_denominator, issue_description) VALUES (241, 'Vaccination', 'admin code', 'is deprecated', '', 'W', 'May', 'Vaccination Count', '');
INSERT INTO dqa_potential_issue(issue_id, target_object, target_field, issue_type, field_value, default_action_code, change_priority, report_denominator, issue_description) VALUES (242, 'Vaccination', 'admin code', 'is ignored', '', 'S', 'May', 'Vaccination Count', '');
INSERT INTO dqa_potential_issue(issue_id, target_object, target_field, issue_type, field_value, default_action_code, change_priority, report_denominator, issue_description) VALUES (243, 'Vaccination', 'admin code', 'is invalid', '', 'E', 'May', 'Vaccination Count', '');
INSERT INTO dqa_potential_issue(issue_id, target_object, target_field, issue_type, field_value, default_action_code, change_priority, report_denominator, issue_description) VALUES (244, 'Vaccination', 'admin code', 'is missing', '', 'E', 'May', 'Vaccination Count', '');
INSERT INTO dqa_potential_issue(issue_id, target_object, target_field, issue_type, field_value, default_action_code, change_priority, report_denominator, issue_description) VALUES (245, 'Vaccination', 'admin code', 'is not specific', '', 'W', 'May', 'Vaccination Admin Count', '');
INSERT INTO dqa_potential_issue(issue_id, target_object, target_field, issue_type, field_value, default_action_code, change_priority, report_denominator, issue_description) VALUES (246, 'Vaccination', 'admin code', 'is not vaccine', '', 'W', 'May', 'Vaccination Count', '');
INSERT INTO dqa_potential_issue(issue_id, target_object, target_field, issue_type, field_value, default_action_code, change_priority, report_denominator, issue_description) VALUES (247, 'Vaccination', 'admin code', 'is unrecognized', '', 'E', 'May', 'Vaccination Count', '');
INSERT INTO dqa_potential_issue(issue_id, target_object, target_field, issue_type, field_value, default_action_code, change_priority, report_denominator, issue_description) VALUES (248, 'Vaccination', 'admin code', 'is valued as', 'not administered', 'S', 'May', 'Vaccination Count', '');
INSERT INTO dqa_potential_issue(issue_id, target_object, target_field, issue_type, field_value, default_action_code, change_priority, report_denominator, issue_description) VALUES (249, 'Vaccination', 'admin code', 'is valued as', 'unknown', 'W', 'May', 'Vaccination Count', '');
INSERT INTO dqa_potential_issue(issue_id, target_object, target_field, issue_type, field_value, default_action_code, change_priority, report_denominator, issue_description) VALUES (250, 'Vaccination', 'admin code', 'may be variation of previously reported codes', '', 'W', 'May', 'Vaccination Count', '');
INSERT INTO dqa_potential_issue(issue_id, target_object, target_field, issue_type, field_value, default_action_code, change_priority, report_denominator, issue_description) VALUES (251, 'Vaccination', 'admin date', 'is after lot expiration date', '', 'W', 'May', 'Vaccination Admin Count', '');
INSERT INTO dqa_potential_issue(issue_id, target_object, target_field, issue_type, field_value, default_action_code, change_priority, report_denominator, issue_description) VALUES (252, 'Vaccination', 'admin date', 'is after message submitted', '', 'E', 'May', 'Vaccination Count', '');
INSERT INTO dqa_potential_issue(issue_id, target_object, target_field, issue_type, field_value, default_action_code, change_priority, report_denominator, issue_description) VALUES (253, 'Vaccination', 'admin date', 'is after patient death date', '', 'E', 'May', 'Vaccination Count', '');
INSERT INTO dqa_potential_issue(issue_id, target_object, target_field, issue_type, field_value, default_action_code, change_priority, report_denominator, issue_description) VALUES (254, 'Vaccination', 'admin date', 'is after system entry date', '', 'E', 'May', 'Vaccination Count', '');
INSERT INTO dqa_potential_issue(issue_id, target_object, target_field, issue_type, field_value, default_action_code, change_priority, report_denominator, issue_description) VALUES (255, 'Vaccination', 'admin date', 'is before birth', '', 'E', 'May', 'Vaccination Count', '');
INSERT INTO dqa_potential_issue(issue_id, target_object, target_field, issue_type, field_value, default_action_code, change_priority, report_denominator, issue_description) VALUES (256, 'Vaccination', 'admin date', 'is before or after expected vaccine usage range', '', 'W', 'May', 'Vaccination Count', '');
INSERT INTO dqa_potential_issue(issue_id, target_object, target_field, issue_type, field_value, default_action_code, change_priority, report_denominator, issue_description) VALUES (257, 'Vaccination', 'admin date', 'is before or after licensed vaccine range', '', 'E', 'May', 'Vaccination Count', '');
INSERT INTO dqa_potential_issue(issue_id, target_object, target_field, issue_type, field_value, default_action_code, change_priority, report_denominator, issue_description) VALUES (258, 'Vaccination', 'admin date', 'is before or after when expected for patient age', '', 'W', 'May', 'Vaccination Count', '');
INSERT INTO dqa_potential_issue(issue_id, target_object, target_field, issue_type, field_value, default_action_code, change_priority, report_denominator, issue_description) VALUES (259, 'Vaccination', 'admin date', 'is before or after when valid for patient age', '', 'E', 'May', 'Vaccination Count', '');
INSERT INTO dqa_potential_issue(issue_id, target_object, target_field, issue_type, field_value, default_action_code, change_priority, report_denominator, issue_description) VALUES (260, 'Vaccination', 'admin date', 'is invalid', '', 'E', 'May', 'Vaccination Count', '');
INSERT INTO dqa_potential_issue(issue_id, target_object, target_field, issue_type, field_value, default_action_code, change_priority, report_denominator, issue_description) VALUES (261, 'Vaccination', 'admin date', 'is missing', '', 'E', 'May', 'Vaccination Count', '');
INSERT INTO dqa_potential_issue(issue_id, target_object, target_field, issue_type, field_value, default_action_code, change_priority, report_denominator, issue_description) VALUES (262, 'Vaccination', 'admin date', 'is on 15th day of month', '', 'A', 'May', 'Vaccination Count', '');
INSERT INTO dqa_potential_issue(issue_id, target_object, target_field, issue_type, field_value, default_action_code, change_priority, report_denominator, issue_description) VALUES (263, 'Vaccination', 'admin date', 'is on first day of month', '', 'A', 'May', 'Vaccination Count', '');
INSERT INTO dqa_potential_issue(issue_id, target_object, target_field, issue_type, field_value, default_action_code, change_priority, report_denominator, issue_description) VALUES (264, 'Vaccination', 'admin date', 'is on last day of month', '', 'A', 'May', 'Vaccination Count', '');
INSERT INTO dqa_potential_issue(issue_id, target_object, target_field, issue_type, field_value, default_action_code, change_priority, report_denominator, issue_description) VALUES (265, 'Vaccination', 'admin date', 'is reported late', '', 'W', 'May', 'Vaccination Admin Count', '');
INSERT INTO dqa_potential_issue(issue_id, target_object, target_field, issue_type, field_value, default_action_code, change_priority, report_denominator, issue_description) VALUES (266, 'Vaccination', 'admin date end', 'is different from start date', '', 'W', 'May', 'Vaccination Count', '');
INSERT INTO dqa_potential_issue(issue_id, target_object, target_field, issue_type, field_value, default_action_code, change_priority, report_denominator, issue_description) VALUES (267, 'Vaccination', 'admin date end', 'is missing', '', 'A', 'May', 'Vaccination Count', '');
INSERT INTO dqa_potential_issue(issue_id, target_object, target_field, issue_type, field_value, default_action_code, change_priority, report_denominator, issue_description) VALUES (268, 'Vaccination', 'administered amount', 'is invalid', '', 'W', 'May', 'Vaccination Admin Count', '');
INSERT INTO dqa_potential_issue(issue_id, target_object, target_field, issue_type, field_value, default_action_code, change_priority, report_denominator, issue_description) VALUES (269, 'Vaccination', 'administered amount', 'is missing', '', 'A', 'May', 'Vaccination Admin Count', '');
INSERT INTO dqa_potential_issue(issue_id, target_object, target_field, issue_type, field_value, default_action_code, change_priority, report_denominator, issue_description) VALUES (270, 'Vaccination', 'administered amount', 'is valued as', 'zero', 'A', 'May', 'Vaccination Admin Count', '');
INSERT INTO dqa_potential_issue(issue_id, target_object, target_field, issue_type, field_value, default_action_code, change_priority, report_denominator, issue_description) VALUES (271, 'Vaccination', 'administered amount', 'is valued as', 'unknown', 'A', 'May', 'Vaccination Admin Count', '');
INSERT INTO dqa_potential_issue(issue_id, target_object, target_field, issue_type, field_value, default_action_code, change_priority, report_denominator, issue_description) VALUES (272, 'Vaccination', 'administered unit', 'is missing', '', 'A', 'May', 'Vaccination Admin Count', '');
INSERT INTO dqa_potential_issue(issue_id, target_object, target_field, issue_type, field_value, default_action_code, change_priority, report_denominator, issue_description) VALUES (273, 'Vaccination', 'body route', 'is deprecated', '', 'W', 'May', 'Vaccination Admin Count', '');
INSERT INTO dqa_potential_issue(issue_id, target_object, target_field, issue_type, field_value, default_action_code, change_priority, report_denominator, issue_description) VALUES (274, 'Vaccination', 'body route', 'is ignored', '', 'S', 'May', 'Vaccination Admin Count', '');
INSERT INTO dqa_potential_issue(issue_id, target_object, target_field, issue_type, field_value, default_action_code, change_priority, report_denominator, issue_description) VALUES (275, 'Vaccination', 'body route', 'is invalid', '', 'W', 'May', 'Vaccination Admin Count', '');
INSERT INTO dqa_potential_issue(issue_id, target_object, target_field, issue_type, field_value, default_action_code, change_priority, report_denominator, issue_description) VALUES (276, 'Vaccination', 'body route', 'is invalid for vaccine indicated', '', 'W', 'May', 'Vaccination Admin Count', '');
INSERT INTO dqa_potential_issue(issue_id, target_object, target_field, issue_type, field_value, default_action_code, change_priority, report_denominator, issue_description) VALUES (277, 'Vaccination', 'body route', 'is missing', '', 'A', 'May', 'Vaccination Admin Count', '');
INSERT INTO dqa_potential_issue(issue_id, target_object, target_field, issue_type, field_value, default_action_code, change_priority, report_denominator, issue_description) VALUES (278, 'Vaccination', 'body route', 'is unrecognized', '', 'W', 'May', 'Vaccination Admin Count', '');
INSERT INTO dqa_potential_issue(issue_id, target_object, target_field, issue_type, field_value, default_action_code, change_priority, report_denominator, issue_description) VALUES (279, 'Vaccination', 'body site', 'is deprecated', '', 'W', 'May', 'Vaccination Admin Count', '');
INSERT INTO dqa_potential_issue(issue_id, target_object, target_field, issue_type, field_value, default_action_code, change_priority, report_denominator, issue_description) VALUES (280, 'Vaccination', 'body site', 'is ignored', '', 'S', 'May', 'Vaccination Admin Count', '');
INSERT INTO dqa_potential_issue(issue_id, target_object, target_field, issue_type, field_value, default_action_code, change_priority, report_denominator, issue_description) VALUES (281, 'Vaccination', 'body site', 'is invalid', '', 'W', 'May', 'Vaccination Admin Count', '');
INSERT INTO dqa_potential_issue(issue_id, target_object, target_field, issue_type, field_value, default_action_code, change_priority, report_denominator, issue_description) VALUES (282, 'Vaccination', 'body site', 'is invalid for vaccine indicated', '', 'W', 'May', 'Vaccination Admin Count', '');
INSERT INTO dqa_potential_issue(issue_id, target_object, target_field, issue_type, field_value, default_action_code, change_priority, report_denominator, issue_description) VALUES (283, 'Vaccination', 'body site', 'is missing', '', 'A', 'May', 'Vaccination Admin Count', '');
INSERT INTO dqa_potential_issue(issue_id, target_object, target_field, issue_type, field_value, default_action_code, change_priority, report_denominator, issue_description) VALUES (284, 'Vaccination', 'body site', 'is unrecognized', '', 'W', 'May', 'Vaccination Admin Count', '');
INSERT INTO dqa_potential_issue(issue_id, target_object, target_field, issue_type, field_value, default_action_code, change_priority, report_denominator, issue_description) VALUES (285, 'Vaccination', 'completion status', 'is deprecated', '', 'W', 'May', 'Vaccination Count', '');
INSERT INTO dqa_potential_issue(issue_id, target_object, target_field, issue_type, field_value, default_action_code, change_priority, report_denominator, issue_description) VALUES (286, 'Vaccination', 'completion status', 'is ignored', '', 'S', 'May', 'Vaccination Count', '');
INSERT INTO dqa_potential_issue(issue_id, target_object, target_field, issue_type, field_value, default_action_code, change_priority, report_denominator, issue_description) VALUES (287, 'Vaccination', 'completion status', 'is invalid', '', 'E', 'May', 'Vaccination Count', '');
INSERT INTO dqa_potential_issue(issue_id, target_object, target_field, issue_type, field_value, default_action_code, change_priority, report_denominator, issue_description) VALUES (288, 'Vaccination', 'completion status', 'is missing', '', 'A', 'May', 'Vaccination Count', '');
INSERT INTO dqa_potential_issue(issue_id, target_object, target_field, issue_type, field_value, default_action_code, change_priority, report_denominator, issue_description) VALUES (289, 'Vaccination', 'completion status', 'is unrecognized', '', 'E', 'May', 'Vaccination Count', '');
INSERT INTO dqa_potential_issue(issue_id, target_object, target_field, issue_type, field_value, default_action_code, change_priority, report_denominator, issue_description) VALUES (290, 'Vaccination', 'completion status', 'is valued as', 'completed', 'A', 'May', 'Vaccination Count', '');
INSERT INTO dqa_potential_issue(issue_id, target_object, target_field, issue_type, field_value, default_action_code, change_priority, report_denominator, issue_description) VALUES (291, 'Vaccination', 'completion status', 'is valued as', 'not administered', 'A', 'May', 'Vaccination Count', '');
INSERT INTO dqa_potential_issue(issue_id, target_object, target_field, issue_type, field_value, default_action_code, change_priority, report_denominator, issue_description) VALUES (292, 'Vaccination', 'completion status', 'is valued as', 'partially administered', 'A', 'May', 'Vaccination Count', '');
INSERT INTO dqa_potential_issue(issue_id, target_object, target_field, issue_type, field_value, default_action_code, change_priority, report_denominator, issue_description) VALUES (293, 'Vaccination', 'completion status', 'is valued as', 'refused', 'A', 'May', 'Vaccination Count', '');
INSERT INTO dqa_potential_issue(issue_id, target_object, target_field, issue_type, field_value, default_action_code, change_priority, report_denominator, issue_description) VALUES (294, 'Vaccination', 'confidentiality code', 'is deprecated', '', 'W', 'May', 'Vaccination Count', '');
INSERT INTO dqa_potential_issue(issue_id, target_object, target_field, issue_type, field_value, default_action_code, change_priority, report_denominator, issue_description) VALUES (295, 'Vaccination', 'confidentiality code', 'is ignored', '', 'S', 'May', 'Vaccination Count', '');
INSERT INTO dqa_potential_issue(issue_id, target_object, target_field, issue_type, field_value, default_action_code, change_priority, report_denominator, issue_description) VALUES (296, 'Vaccination', 'confidentiality code', 'is invalid', '', 'E', 'May', 'Vaccination Count', '');
INSERT INTO dqa_potential_issue(issue_id, target_object, target_field, issue_type, field_value, default_action_code, change_priority, report_denominator, issue_description) VALUES (297, 'Vaccination', 'confidentiality code', 'is missing', '', 'A', 'May', 'Vaccination Count', '');
INSERT INTO dqa_potential_issue(issue_id, target_object, target_field, issue_type, field_value, default_action_code, change_priority, report_denominator, issue_description) VALUES (298, 'Vaccination', 'confidentiality code', 'is unrecognized', '', 'W', 'May', 'Vaccination Count', '');
INSERT INTO dqa_potential_issue(issue_id, target_object, target_field, issue_type, field_value, default_action_code, change_priority, report_denominator, issue_description) VALUES (299, 'Vaccination', 'confidentiality code', 'is valued as', 'restricted', 'W', 'May', 'Vaccination Count', '');
INSERT INTO dqa_potential_issue(issue_id, target_object, target_field, issue_type, field_value, default_action_code, change_priority, report_denominator, issue_description) VALUES (300, 'Vaccination', 'CPT code', 'is deprecated', '', 'W', 'May', 'Vaccination Count', '');
INSERT INTO dqa_potential_issue(issue_id, target_object, target_field, issue_type, field_value, default_action_code, change_priority, report_denominator, issue_description) VALUES (301, 'Vaccination', 'CPT code', 'is ignored', '', 'S', 'May', 'Vaccination Count', '');
INSERT INTO dqa_potential_issue(issue_id, target_object, target_field, issue_type, field_value, default_action_code, change_priority, report_denominator, issue_description) VALUES (302, 'Vaccination', 'CPT code', 'is invalid', '', 'W', 'May', 'Vaccination Count', '');
INSERT INTO dqa_potential_issue(issue_id, target_object, target_field, issue_type, field_value, default_action_code, change_priority, report_denominator, issue_description) VALUES (303, 'Vaccination', 'CPT code', 'is missing', '', 'A', 'May', 'Vaccination Count', '');
INSERT INTO dqa_potential_issue(issue_id, target_object, target_field, issue_type, field_value, default_action_code, change_priority, report_denominator, issue_description) VALUES (304, 'Vaccination', 'CPT code', 'is unrecognized', '', 'W', 'May', 'Vaccination Count', '');
INSERT INTO dqa_potential_issue(issue_id, target_object, target_field, issue_type, field_value, default_action_code, change_priority, report_denominator, issue_description) VALUES (305, 'Vaccination', 'CVX code', 'is deprecated', '', 'W', 'May', 'Vaccination Count', '');
INSERT INTO dqa_potential_issue(issue_id, target_object, target_field, issue_type, field_value, default_action_code, change_priority, report_denominator, issue_description) VALUES (306, 'Vaccination', 'CVX code', 'is ignored', '', 'S', 'May', 'Vaccination Count', '');
INSERT INTO dqa_potential_issue(issue_id, target_object, target_field, issue_type, field_value, default_action_code, change_priority, report_denominator, issue_description) VALUES (307, 'Vaccination', 'CVX code', 'is invalid', '', 'W', 'May', 'Vaccination Count', '');
INSERT INTO dqa_potential_issue(issue_id, target_object, target_field, issue_type, field_value, default_action_code, change_priority, report_denominator, issue_description) VALUES (308, 'Vaccination', 'CVX code', 'is missing', '', 'A', 'May', 'Vaccination Count', '');
INSERT INTO dqa_potential_issue(issue_id, target_object, target_field, issue_type, field_value, default_action_code, change_priority, report_denominator, issue_description) VALUES (309, 'Vaccination', 'CVX code', 'is unrecognized', '', 'W', 'May', 'Vaccination Count', '');
INSERT INTO dqa_potential_issue(issue_id, target_object, target_field, issue_type, field_value, default_action_code, change_priority, report_denominator, issue_description) VALUES (310, 'Vaccination', 'CVX code and CPT code', 'are inconsistent', '', 'W', 'May', 'Vaccination Count', '');
INSERT INTO dqa_potential_issue(issue_id, target_object, target_field, issue_type, field_value, default_action_code, change_priority, report_denominator, issue_description) VALUES (311, 'Vaccination', 'facility id', 'is deprecated', '', 'W', 'May', 'Vaccination Admin Count', '');
INSERT INTO dqa_potential_issue(issue_id, target_object, target_field, issue_type, field_value, default_action_code, change_priority, report_denominator, issue_description) VALUES (312, 'Vaccination', 'facility id', 'is ignored', '', 'S', 'May', 'Vaccination Admin Count', '');
INSERT INTO dqa_potential_issue(issue_id, target_object, target_field, issue_type, field_value, default_action_code, change_priority, report_denominator, issue_description) VALUES (313, 'Vaccination', 'facility id', 'is invalid', '', 'E', 'May', 'Vaccination Admin Count', '');
INSERT INTO dqa_potential_issue(issue_id, target_object, target_field, issue_type, field_value, default_action_code, change_priority, report_denominator, issue_description) VALUES (314, 'Vaccination', 'facility id', 'is missing', '', 'W', 'May', 'Vaccination Admin Count', '');
INSERT INTO dqa_potential_issue(issue_id, target_object, target_field, issue_type, field_value, default_action_code, change_priority, report_denominator, issue_description) VALUES (315, 'Vaccination', 'facility id', 'is unrecognized', '', 'W', 'May', 'Vaccination Admin Count', '');
INSERT INTO dqa_potential_issue(issue_id, target_object, target_field, issue_type, field_value, default_action_code, change_priority, report_denominator, issue_description) VALUES (316, 'Vaccination', 'facility name', 'is missing', '', 'A', 'May', 'Vaccination Admin Count', '');
INSERT INTO dqa_potential_issue(issue_id, target_object, target_field, issue_type, field_value, default_action_code, change_priority, report_denominator, issue_description) VALUES (317, 'Vaccination', 'given by', 'is deprecated', '', 'W', 'May', 'Vaccination Admin Count', '');
INSERT INTO dqa_potential_issue(issue_id, target_object, target_field, issue_type, field_value, default_action_code, change_priority, report_denominator, issue_description) VALUES (318, 'Vaccination', 'given by', 'is ignored', '', 'S', 'May', 'Vaccination Admin Count', '');
INSERT INTO dqa_potential_issue(issue_id, target_object, target_field, issue_type, field_value, default_action_code, change_priority, report_denominator, issue_description) VALUES (319, 'Vaccination', 'given by', 'is invalid', '', 'W', 'May', 'Vaccination Admin Count', '');
INSERT INTO dqa_potential_issue(issue_id, target_object, target_field, issue_type, field_value, default_action_code, change_priority, report_denominator, issue_description) VALUES (320, 'Vaccination', 'given by', 'is missing', '', 'A', 'May', 'Vaccination Admin Count', '');
INSERT INTO dqa_potential_issue(issue_id, target_object, target_field, issue_type, field_value, default_action_code, change_priority, report_denominator, issue_description) VALUES (321, 'Vaccination', 'given by', 'is unrecognized', '', 'W', 'May', 'Vaccination Admin Count', '');
INSERT INTO dqa_potential_issue(issue_id, target_object, target_field, issue_type, field_value, default_action_code, change_priority, report_denominator, issue_description) VALUES (322, 'Vaccination', 'id', 'is missing', '', 'A', 'May', 'Vaccination Count', '');
INSERT INTO dqa_potential_issue(issue_id, target_object, target_field, issue_type, field_value, default_action_code, change_priority, report_denominator, issue_description) VALUES (323, 'Vaccination', 'id of receiver', 'is missing', '', 'A', 'May', 'Vaccination Count', '');
INSERT INTO dqa_potential_issue(issue_id, target_object, target_field, issue_type, field_value, default_action_code, change_priority, report_denominator, issue_description) VALUES (324, 'Vaccination', 'id of receiver', 'is unrecognized', '', 'W', 'May', 'Vaccination Count', '');
INSERT INTO dqa_potential_issue(issue_id, target_object, target_field, issue_type, field_value, default_action_code, change_priority, report_denominator, issue_description) VALUES (325, 'Vaccination', 'id of sender', 'is missing', '', 'A', 'May', 'Vaccination Count', '');
INSERT INTO dqa_potential_issue(issue_id, target_object, target_field, issue_type, field_value, default_action_code, change_priority, report_denominator, issue_description) VALUES (326, 'Vaccination', 'id of sender', 'is unrecognized', '', 'W', 'May', 'Vaccination Count', '');
INSERT INTO dqa_potential_issue(issue_id, target_object, target_field, issue_type, field_value, default_action_code, change_priority, report_denominator, issue_description) VALUES (327, 'Vaccination', 'information source', 'is administered but appears to historical', '', 'W', 'May', 'Vaccination Count', '');
INSERT INTO dqa_potential_issue(issue_id, target_object, target_field, issue_type, field_value, default_action_code, change_priority, report_denominator, issue_description) VALUES (328, 'Vaccination', 'information source', 'is deprecated', '', 'W', 'May', 'Vaccination Count', '');
INSERT INTO dqa_potential_issue(issue_id, target_object, target_field, issue_type, field_value, default_action_code, change_priority, report_denominator, issue_description) VALUES (329, 'Vaccination', 'information source', 'is historical but appears to be administered', '', 'W', 'May', 'Vaccination Count', '');
INSERT INTO dqa_potential_issue(issue_id, target_object, target_field, issue_type, field_value, default_action_code, change_priority, report_denominator, issue_description) VALUES (330, 'Vaccination', 'information source', 'is ignored', '', 'S', 'May', 'Vaccination Count', '');
INSERT INTO dqa_potential_issue(issue_id, target_object, target_field, issue_type, field_value, default_action_code, change_priority, report_denominator, issue_description) VALUES (331, 'Vaccination', 'information source', 'is invalid', '', 'E', 'May', 'Vaccination Count', '');
INSERT INTO dqa_potential_issue(issue_id, target_object, target_field, issue_type, field_value, default_action_code, change_priority, report_denominator, issue_description) VALUES (332, 'Vaccination', 'information source', 'is missing', '', 'E', 'May', 'Vaccination Count', '');
INSERT INTO dqa_potential_issue(issue_id, target_object, target_field, issue_type, field_value, default_action_code, change_priority, report_denominator, issue_description) VALUES (333, 'Vaccination', 'information source', 'is unrecognized', '', 'E', 'May', 'Vaccination Count', '');
INSERT INTO dqa_potential_issue(issue_id, target_object, target_field, issue_type, field_value, default_action_code, change_priority, report_denominator, issue_description) VALUES (334, 'Vaccination', 'information source', 'is valued as', 'administered', 'A', 'May', 'Vaccination Count', '');
INSERT INTO dqa_potential_issue(issue_id, target_object, target_field, issue_type, field_value, default_action_code, change_priority, report_denominator, issue_description) VALUES (335, 'Vaccination', 'information source', 'is valued as', 'historical', 'A', 'May', 'Vaccination Count', '');
INSERT INTO dqa_potential_issue(issue_id, target_object, target_field, issue_type, field_value, default_action_code, change_priority, report_denominator, issue_description) VALUES (336, 'Vaccination', 'lot expiration date', 'is invalid', '', 'W', 'May', 'Vaccination Admin Count', '');
INSERT INTO dqa_potential_issue(issue_id, target_object, target_field, issue_type, field_value, default_action_code, change_priority, report_denominator, issue_description) VALUES (337, 'Vaccination', 'lot expiration date', 'is missing', '', 'A', 'May', 'Vaccination Admin Count', '');
INSERT INTO dqa_potential_issue(issue_id, target_object, target_field, issue_type, field_value, default_action_code, change_priority, report_denominator, issue_description) VALUES (338, 'Vaccination', 'lot number', 'is invalid', '', 'W', 'May', 'Vaccination Admin Count', '');
INSERT INTO dqa_potential_issue(issue_id, target_object, target_field, issue_type, field_value, default_action_code, change_priority, report_denominator, issue_description) VALUES (339, 'Vaccination', 'lot number', 'is missing', '', 'W', 'May', 'Vaccination Admin Count', '');
INSERT INTO dqa_potential_issue(issue_id, target_object, target_field, issue_type, field_value, default_action_code, change_priority, report_denominator, issue_description) VALUES (340, 'Vaccination', 'manufacturer code', 'is deprecated', '', 'W', 'May', 'Vaccination Admin Count', '');
INSERT INTO dqa_potential_issue(issue_id, target_object, target_field, issue_type, field_value, default_action_code, change_priority, report_denominator, issue_description) VALUES (341, 'Vaccination', 'manufacturer code', 'is ignored', '', 'S', 'May', 'Vaccination Admin Count', '');
INSERT INTO dqa_potential_issue(issue_id, target_object, target_field, issue_type, field_value, default_action_code, change_priority, report_denominator, issue_description) VALUES (342, 'Vaccination', 'manufacturer code', 'is invalid', '', 'W', 'May', 'Vaccination Admin Count', '');
INSERT INTO dqa_potential_issue(issue_id, target_object, target_field, issue_type, field_value, default_action_code, change_priority, report_denominator, issue_description) VALUES (343, 'Vaccination', 'manufacturer code', 'is missing', '', 'W', 'May', 'Vaccination Admin Count', '');
INSERT INTO dqa_potential_issue(issue_id, target_object, target_field, issue_type, field_value, default_action_code, change_priority, report_denominator, issue_description) VALUES (344, 'Vaccination', 'manufacturer code', 'is unrecognized', '', 'W', 'May', 'Vaccination Admin Count', '');
INSERT INTO dqa_potential_issue(issue_id, target_object, target_field, issue_type, field_value, default_action_code, change_priority, report_denominator, issue_description) VALUES (345, 'Vaccination', 'ordered by', 'is deprecated', '', 'W', 'May', 'Vaccination Admin Count', '');
INSERT INTO dqa_potential_issue(issue_id, target_object, target_field, issue_type, field_value, default_action_code, change_priority, report_denominator, issue_description) VALUES (346, 'Vaccination', 'ordered by', 'is ignored', '', 'S', 'May', 'Vaccination Admin Count', '');
INSERT INTO dqa_potential_issue(issue_id, target_object, target_field, issue_type, field_value, default_action_code, change_priority, report_denominator, issue_description) VALUES (347, 'Vaccination', 'ordered by', 'is invalid', '', 'W', 'May', 'Vaccination Admin Count', '');
INSERT INTO dqa_potential_issue(issue_id, target_object, target_field, issue_type, field_value, default_action_code, change_priority, report_denominator, issue_description) VALUES (348, 'Vaccination', 'ordered by', 'is missing', '', 'A', 'May', 'Vaccination Admin Count', '');
INSERT INTO dqa_potential_issue(issue_id, target_object, target_field, issue_type, field_value, default_action_code, change_priority, report_denominator, issue_description) VALUES (349, 'Vaccination', 'ordered by', 'is unrecognized', '', 'W', 'May', 'Vaccination Admin Count', '');
INSERT INTO dqa_potential_issue(issue_id, target_object, target_field, issue_type, field_value, default_action_code, change_priority, report_denominator, issue_description) VALUES (350, 'Vaccination', 'Product', 'is deprecated', '', 'W', 'May', 'Vaccination Admin Count', '');
INSERT INTO dqa_potential_issue(issue_id, target_object, target_field, issue_type, field_value, default_action_code, change_priority, report_denominator, issue_description) VALUES (351, 'Vaccination', 'Product', 'is invalid', '', 'E', 'May', 'Vaccination Admin Count', '');
INSERT INTO dqa_potential_issue(issue_id, target_object, target_field, issue_type, field_value, default_action_code, change_priority, report_denominator, issue_description) VALUES (352, 'Vaccination', 'Product', 'is missing', '', 'A', 'May', 'Vaccination Admin Count', '');
INSERT INTO dqa_potential_issue(issue_id, target_object, target_field, issue_type, field_value, default_action_code, change_priority, report_denominator, issue_description) VALUES (353, 'Vaccination', 'Product', 'is unrecognized', '', 'W', 'May', 'Vaccination Admin Count', '');
INSERT INTO dqa_potential_issue(issue_id, target_object, target_field, issue_type, field_value, default_action_code, change_priority, report_denominator, issue_description) VALUES (354, 'Vaccination', 'recorded by', 'is deprecated', '', 'W', 'May', 'Vaccination Admin Count', '');
INSERT INTO dqa_potential_issue(issue_id, target_object, target_field, issue_type, field_value, default_action_code, change_priority, report_denominator, issue_description) VALUES (355, 'Vaccination', 'recorded by', 'is ignored', '', 'S', 'May', 'Vaccination Admin Count', '');
INSERT INTO dqa_potential_issue(issue_id, target_object, target_field, issue_type, field_value, default_action_code, change_priority, report_denominator, issue_description) VALUES (356, 'Vaccination', 'recorded by', 'is invalid', '', 'W', 'May', 'Vaccination Admin Count', '');
INSERT INTO dqa_potential_issue(issue_id, target_object, target_field, issue_type, field_value, default_action_code, change_priority, report_denominator, issue_description) VALUES (357, 'Vaccination', 'recorded by', 'is missing', '', 'A', 'May', 'Vaccination Admin Count', '');
INSERT INTO dqa_potential_issue(issue_id, target_object, target_field, issue_type, field_value, default_action_code, change_priority, report_denominator, issue_description) VALUES (358, 'Vaccination', 'recorded by', 'is unrecognized', '', 'W', 'May', 'Vaccination Admin Count', '');
INSERT INTO dqa_potential_issue(issue_id, target_object, target_field, issue_type, field_value, default_action_code, change_priority, report_denominator, issue_description) VALUES (359, 'Vaccination', 'refusal reason', 'conflicts completion status', '', 'E', 'May', 'Vaccination Admin Count', '');
INSERT INTO dqa_potential_issue(issue_id, target_object, target_field, issue_type, field_value, default_action_code, change_priority, report_denominator, issue_description) VALUES (360, 'Vaccination', 'refusal reason', 'is deprecated', '', 'W', 'May', 'Vaccination Admin Count', '');
INSERT INTO dqa_potential_issue(issue_id, target_object, target_field, issue_type, field_value, default_action_code, change_priority, report_denominator, issue_description) VALUES (361, 'Vaccination', 'refusal reason', 'is ignored', '', 'S', 'May', 'Vaccination Admin Count', '');
INSERT INTO dqa_potential_issue(issue_id, target_object, target_field, issue_type, field_value, default_action_code, change_priority, report_denominator, issue_description) VALUES (362, 'Vaccination', 'refusal reason', 'is invalid', '', 'E', 'May', 'Vaccination Admin Count', '');
INSERT INTO dqa_potential_issue(issue_id, target_object, target_field, issue_type, field_value, default_action_code, change_priority, report_denominator, issue_description) VALUES (363, 'Vaccination', 'refusal reason', 'is missing', '', 'A', 'May', 'Vaccination Admin Count', '');
INSERT INTO dqa_potential_issue(issue_id, target_object, target_field, issue_type, field_value, default_action_code, change_priority, report_denominator, issue_description) VALUES (364, 'Vaccination', 'refusal reason', 'is unrecognized', '', 'E', 'May', 'Vaccination Admin Count', '');
INSERT INTO dqa_potential_issue(issue_id, target_object, target_field, issue_type, field_value, default_action_code, change_priority, report_denominator, issue_description) VALUES (365, 'Vaccination', 'system entry time', 'is in future', '', 'E', 'May', 'Vaccination Count', '');
INSERT INTO dqa_potential_issue(issue_id, target_object, target_field, issue_type, field_value, default_action_code, change_priority, report_denominator, issue_description) VALUES (366, 'Vaccination', 'system entry time', 'is invalid', '', 'E', 'May', 'Vaccination Count', '');
INSERT INTO dqa_potential_issue(issue_id, target_object, target_field, issue_type, field_value, default_action_code, change_priority, report_denominator, issue_description) VALUES (367, 'Vaccination', 'system entry time', 'is missing', '', 'A', 'May', 'Vaccination Count', '');

DELETE FROM dqa_code_master;
INSERT INTO dqa_code_master(table_id, code_value, code_label, use_value, code_status) VALUES  (25, 'A', 'Add', 'A', 'V');
INSERT INTO dqa_code_master(table_id, code_value, code_label, use_value, code_status) VALUES  (25, 'D', 'Delete', 'D', 'G');
INSERT INTO dqa_code_master(table_id, code_value, code_label, use_value, code_status) VALUES  (25, 'U', 'Update', 'U', 'V');
INSERT INTO dqa_code_master(table_id, code_value, code_label, use_value, code_status) VALUES  (5, 'C', 'Current or temporary', 'C', 'V');
INSERT INTO dqa_code_master(table_id, code_value, code_label, use_value, code_status) VALUES  (5, 'P', 'Permanent', 'P', 'V');
INSERT INTO dqa_code_master(table_id, code_value, code_label, use_value, code_status) VALUES  (5, 'M', 'Mailing', 'M', 'V');
INSERT INTO dqa_code_master(table_id, code_value, code_label, use_value, code_status) VALUES  (5, 'B', 'Firm/Business', 'B', 'V');
INSERT INTO dqa_code_master(table_id, code_value, code_label, use_value, code_status) VALUES  (5, 'O', 'Office', 'O', 'V');
INSERT INTO dqa_code_master(table_id, code_value, code_label, use_value, code_status) VALUES  (5, 'H', 'Home', 'H', 'V');
INSERT INTO dqa_code_master(table_id, code_value, code_label, use_value, code_status) VALUES  (5, 'N', 'Birth (nee)', 'N', 'V');
INSERT INTO dqa_code_master(table_id, code_value, code_label, use_value, code_status) VALUES  (5, 'F', 'Country of origin', 'F', 'V');
INSERT INTO dqa_code_master(table_id, code_value, code_label, use_value, code_status) VALUES  (5, 'L', 'Legal address', 'L', 'V');
INSERT INTO dqa_code_master(table_id, code_value, code_label, use_value, code_status) VALUES  (5, 'BDL', 'Birth delivery location', 'BDL', 'V');
INSERT INTO dqa_code_master(table_id, code_value, code_label, use_value, code_status) VALUES  (5, 'BR', 'Residence at birth', 'BR', 'V');
INSERT INTO dqa_code_master(table_id, code_value, code_label, use_value, code_status) VALUES  (5, 'RH', 'Registry home', 'RH', 'V');
INSERT INTO dqa_code_master(table_id, code_value, code_label, use_value, code_status) VALUES  (5, 'BA', 'Bad address', 'BA', 'I');
INSERT INTO dqa_code_master(table_id, code_value, code_label, use_value, code_status) VALUES  (7, '1', 'First', '1', 'V');
INSERT INTO dqa_code_master(table_id, code_value, code_label, use_value, code_status) VALUES  (7, '2', 'Second', '2', 'V');
INSERT INTO dqa_code_master(table_id, code_value, code_label, use_value, code_status) VALUES  (7, '3', 'Third', '3', 'V');
INSERT INTO dqa_code_master(table_id, code_value, code_label, use_value, code_status) VALUES  (7, '4', 'Fourth', '4', 'V');
INSERT INTO dqa_code_master(table_id, code_value, code_label, use_value, code_status) VALUES  (7, '5', 'Fifth', '5', 'V');
INSERT INTO dqa_code_master(table_id, code_value, code_label, use_value, code_status) VALUES  (8, 'ID', 'Intradermal', 'ID', 'V');
INSERT INTO dqa_code_master(table_id, code_value, code_label, use_value, code_status) VALUES  (8, 'IM', 'Intramuscular', 'IM', 'V');
INSERT INTO dqa_code_master(table_id, code_value, code_label, use_value, code_status) VALUES  (8, 'NS', 'Nasal', 'NS', 'V');
INSERT INTO dqa_code_master(table_id, code_value, code_label, use_value, code_status) VALUES  (8, 'IN', 'Intranasal', 'NS', 'D');
INSERT INTO dqa_code_master(table_id, code_value, code_label, use_value, code_status) VALUES  (8, 'IV', 'Intravenous', 'IV', 'V');
INSERT INTO dqa_code_master(table_id, code_value, code_label, use_value, code_status) VALUES  (8, 'PO', 'Oral', 'PO', 'V');
INSERT INTO dqa_code_master(table_id, code_value, code_label, use_value, code_status) VALUES  (8, 'OTH', 'Other/Miscellaneous', 'OTH', 'V');
INSERT INTO dqa_code_master(table_id, code_value, code_label, use_value, code_status) VALUES  (8, 'SC', 'Subcutaneous', 'SC', 'V');
INSERT INTO dqa_code_master(table_id, code_value, code_label, use_value, code_status) VALUES  (8, 'TD', 'Transdermal', 'TD', 'V');
INSERT INTO dqa_code_master(table_id, code_value, code_label, use_value, code_status) VALUES  (8, 'C38238', 'Intradermal', 'C38238', 'V');
INSERT INTO dqa_code_master(table_id, code_value, code_label, use_value, code_status) VALUES  (8, 'C28161', 'Intramuscular', 'C28161', 'V');
INSERT INTO dqa_code_master(table_id, code_value, code_label, use_value, code_status) VALUES  (8, 'C38284', 'Nasal', 'C38284', 'V');
INSERT INTO dqa_code_master(table_id, code_value, code_label, use_value, code_status) VALUES  (8, 'C38276', 'Intravenous', 'C38276', 'V');
INSERT INTO dqa_code_master(table_id, code_value, code_label, use_value, code_status) VALUES  (8, 'C38288', 'Oral', 'C38288', 'V');
INSERT INTO dqa_code_master(table_id, code_value, code_label, use_value, code_status) VALUES  (8, 'C38676', 'Percutaneous', 'C38676', 'V');
INSERT INTO dqa_code_master(table_id, code_value, code_label, use_value, code_status) VALUES  (8, 'C38299', 'Subcutaneous', 'C38299', 'V');
INSERT INTO dqa_code_master(table_id, code_value, code_label, use_value, code_status) VALUES  (8, 'C38305', 'Transdermal', 'C38305', 'V');
INSERT INTO dqa_code_master(table_id, code_value, code_label, use_value, code_status) VALUES  (9, 'LT', 'Left Thigh', 'LT', 'V');
INSERT INTO dqa_code_master(table_id, code_value, code_label, use_value, code_status) VALUES  (9, 'LA', 'Left Upper Arm', 'LA', 'V');
INSERT INTO dqa_code_master(table_id, code_value, code_label, use_value, code_status) VALUES  (9, 'LD', 'Left Deltoid', 'LD', 'V');
INSERT INTO dqa_code_master(table_id, code_value, code_label, use_value, code_status) VALUES  (9, 'LG', 'Left Gluteous Medius', 'LG', 'V');
INSERT INTO dqa_code_master(table_id, code_value, code_label, use_value, code_status) VALUES  (9, 'LVL', 'Left Vastus Lateralis', 'LVL', 'V');
INSERT INTO dqa_code_master(table_id, code_value, code_label, use_value, code_status) VALUES  (9, 'LLFA', 'Left Lower Forearm', 'LLFA', 'V');
INSERT INTO dqa_code_master(table_id, code_value, code_label, use_value, code_status) VALUES  (9, 'RA', 'Right Upper Arm', 'RA', 'V');
INSERT INTO dqa_code_master(table_id, code_value, code_label, use_value, code_status) VALUES  (9, 'RT', 'Right Thigh', 'RT', 'V');
INSERT INTO dqa_code_master(table_id, code_value, code_label, use_value, code_status) VALUES  (9, 'RVL', 'Right Vastus Lateralis', 'RVL', 'V');
INSERT INTO dqa_code_master(table_id, code_value, code_label, use_value, code_status) VALUES  (9, 'RG', 'Right Gluteous Medius', 'RG', 'V');
INSERT INTO dqa_code_master(table_id, code_value, code_label, use_value, code_status) VALUES  (9, 'RD', 'Right Deltoid', 'RD', 'V');
INSERT INTO dqa_code_master(table_id, code_value, code_label, use_value, code_status) VALUES  (9, 'RLFA', 'Right Lower Forearm', 'RLFA', 'V');
INSERT INTO dqa_code_master(table_id, code_value, code_label, use_value, code_status) VALUES  (2, 'USA', 'United States', 'USA', 'V');
INSERT INTO dqa_code_master(table_id, code_value, code_label, use_value, code_status) VALUES  (2, 'US', 'United States', 'USA', 'D');
INSERT INTO dqa_code_master(table_id, code_value, code_label, use_value, code_status) VALUES  (2, 'MX', 'Mexico', 'MEX', 'D');
INSERT INTO dqa_code_master(table_id, code_value, code_label, use_value, code_status) VALUES  (2, 'CA', 'Canada', 'CAN', 'D');
INSERT INTO dqa_code_master(table_id, code_value, code_label, use_value, code_status) VALUES  (2, 'MEX', 'Mexico', 'MEX', 'V');
INSERT INTO dqa_code_master(table_id, code_value, code_label, use_value, code_status) VALUES  (2, 'CAN', 'Canada', 'CAN', 'V');
INSERT INTO dqa_code_master(table_id, code_value, code_label, use_value, code_status) VALUES  (30, '00', 'New immunization record', '00', 'V');
INSERT INTO dqa_code_master(table_id, code_value, code_label, use_value, code_status) VALUES  (30, '01', 'Historical information - source unspecified', '01', 'V');
INSERT INTO dqa_code_master(table_id, code_value, code_label, use_value, code_status) VALUES  (30, '02', 'Historical information - from other provider', '01', 'D');
INSERT INTO dqa_code_master(table_id, code_value, code_label, use_value, code_status) VALUES  (30, '03', 'Historical information - from parents written record', '01', 'D');
INSERT INTO dqa_code_master(table_id, code_value, code_label, use_value, code_status) VALUES  (30, '04', 'Historical information - from parents recall', '01', 'D');
INSERT INTO dqa_code_master(table_id, code_value, code_label, use_value, code_status) VALUES  (30, '05', 'Historical information - from other registry', '01', 'D');
INSERT INTO dqa_code_master(table_id, code_value, code_label, use_value, code_status) VALUES  (30, '06', 'Historical information - from birth certificate', '01', 'D');
INSERT INTO dqa_code_master(table_id, code_value, code_label, use_value, code_status) VALUES  (30, '07', 'Historical information - from school record', '01', 'D');
INSERT INTO dqa_code_master(table_id, code_value, code_label, use_value, code_status) VALUES  (30, '08', 'Historical information - from public agency', '01', 'D');
INSERT INTO dqa_code_master(table_id, code_value, code_label, use_value, code_status) VALUES  (20, 'ara', 'Arabic', 'ara', 'V');
INSERT INTO dqa_code_master(table_id, code_value, code_label, use_value, code_status) VALUES  (20, 'arm', 'Armenian', 'arm', 'V');
INSERT INTO dqa_code_master(table_id, code_value, code_label, use_value, code_status) VALUES  (20, 'cat', 'Catalan; Valencian', 'cat', 'V');
INSERT INTO dqa_code_master(table_id, code_value, code_label, use_value, code_status) VALUES  (20, 'chi', 'Chinese', 'chi', 'V');
INSERT INTO dqa_code_master(table_id, code_value, code_label, use_value, code_status) VALUES  (20, 'dan', 'Danish', 'dan', 'V');
INSERT INTO dqa_code_master(table_id, code_value, code_label, use_value, code_status) VALUES  (20, 'eng', 'English', 'eng', 'V');
INSERT INTO dqa_code_master(table_id, code_value, code_label, use_value, code_status) VALUES  (20, 'fre', 'French', 'fre', 'V');
INSERT INTO dqa_code_master(table_id, code_value, code_label, use_value, code_status) VALUES  (20, 'ger', 'German', 'ger', 'V');
INSERT INTO dqa_code_master(table_id, code_value, code_label, use_value, code_status) VALUES  (20, 'hat', 'Haitian; Haitian Creole', 'hat', 'V');
INSERT INTO dqa_code_master(table_id, code_value, code_label, use_value, code_status) VALUES  (20, 'heb', 'Hebrew', 'heb', 'V');
INSERT INTO dqa_code_master(table_id, code_value, code_label, use_value, code_status) VALUES  (20, 'hin', 'Hindi', 'hin', 'V');
INSERT INTO dqa_code_master(table_id, code_value, code_label, use_value, code_status) VALUES  (20, 'hmn', 'Hmong', 'hmn', 'V');
INSERT INTO dqa_code_master(table_id, code_value, code_label, use_value, code_status) VALUES  (20, 'jpn', 'Japanese', 'jpn', 'V');
INSERT INTO dqa_code_master(table_id, code_value, code_label, use_value, code_status) VALUES  (20, 'kor', 'Korean', 'kor', 'V');
INSERT INTO dqa_code_master(table_id, code_value, code_label, use_value, code_status) VALUES  (20, 'rus', 'Russian', 'rus', 'V');
INSERT INTO dqa_code_master(table_id, code_value, code_label, use_value, code_status) VALUES  (20, 'som', 'Somali', 'som', 'V');
INSERT INTO dqa_code_master(table_id, code_value, code_label, use_value, code_status) VALUES  (20, 'spa', 'Spanish; Castilian', 'spa', 'V');
INSERT INTO dqa_code_master(table_id, code_value, code_label, use_value, code_status) VALUES  (20, 'vie', 'Vietnamese', 'vie', 'V');
INSERT INTO dqa_code_master(table_id, code_value, code_label, use_value, code_status) VALUES  (21, 'A', 'Alias name', 'A', 'V');
INSERT INTO dqa_code_master(table_id, code_value, code_label, use_value, code_status) VALUES  (21, 'L', 'Legal name', 'L', 'V');
INSERT INTO dqa_code_master(table_id, code_value, code_label, use_value, code_status) VALUES  (21, 'D', 'Display name', 'D', 'D');
INSERT INTO dqa_code_master(table_id, code_value, code_label, use_value, code_status) VALUES  (21, 'M', 'Maiden name', 'M', 'V');
INSERT INTO dqa_code_master(table_id, code_value, code_label, use_value, code_status) VALUES  (21, 'C', 'Adopted name', 'C', 'V');
INSERT INTO dqa_code_master(table_id, code_value, code_label, use_value, code_status) VALUES  (21, 'B', 'Name at birth', 'B', 'V');
INSERT INTO dqa_code_master(table_id, code_value, code_label, use_value, code_status) VALUES  (21, 'P', 'Name of partner/spouse', 'P', 'I');
INSERT INTO dqa_code_master(table_id, code_value, code_label, use_value, code_status) VALUES  (21, 'U', 'Unspecified', 'U', 'V');
INSERT INTO dqa_code_master(table_id, code_value, code_label, use_value, code_status) VALUES  (19, 'F', 'Female', 'F', 'V');
INSERT INTO dqa_code_master(table_id, code_value, code_label, use_value, code_status) VALUES  (19, 'M', 'Male', 'M', 'V');
INSERT INTO dqa_code_master(table_id, code_value, code_label, use_value, code_status) VALUES  (19, 'U', 'Unknown/undifferentiated', 'U', 'I');
INSERT INTO dqa_code_master(table_id, code_value, code_label, use_value, code_status) VALUES  (10, 'V01', 'Not VFC eligible', 'V01', 'V');
INSERT INTO dqa_code_master(table_id, code_value, code_label, use_value, code_status) VALUES  (10, 'V02', 'VFC eligible-Medicaid/Medicaid managed care', 'V02', 'V');
INSERT INTO dqa_code_master(table_id, code_value, code_label, use_value, code_status) VALUES  (10, 'V03', 'VFC eligible-Uninsured', 'V03', 'V');
INSERT INTO dqa_code_master(table_id, code_value, code_label, use_value, code_status) VALUES  (10, 'V04', 'VFC eligible- American Indian/Alaskan Native', 'V04', 'V');
INSERT INTO dqa_code_master(table_id, code_value, code_label, use_value, code_status) VALUES  (10, 'V05', 'VFC eligible-Federally Qualified Health Center Patient (under-insured)', 'V05', 'V');
INSERT INTO dqa_code_master(table_id, code_value, code_label, use_value, code_status) VALUES  (10, 'V06', 'VFC eligible- State specific eligibility (e.g. S-CHIP plan)', 'V06', 'V');
INSERT INTO dqa_code_master(table_id, code_value, code_label, use_value, code_status) VALUES  (10, 'V07', 'VFC eligibility- Local-specific eligibility', 'V07', 'V');
INSERT INTO dqa_code_master(table_id, code_value, code_label, use_value, code_status) VALUES  (10, 'V08', 'Not VFC eligible-Under-insured', 'V08', 'I');
INSERT INTO dqa_code_master(table_id, code_value, code_label, use_value, code_status) VALUES  (4, 'AL', 'Alabama', 'AL', 'V');
INSERT INTO dqa_code_master(table_id, code_value, code_label, use_value, code_status) VALUES  (4, 'AK', 'Alaska', 'AK', 'V');
INSERT INTO dqa_code_master(table_id, code_value, code_label, use_value, code_status) VALUES  (4, 'AZ', 'Arizona', 'AZ', 'V');
INSERT INTO dqa_code_master(table_id, code_value, code_label, use_value, code_status) VALUES  (4, 'AR', 'Arkansas', 'AR', 'V');
INSERT INTO dqa_code_master(table_id, code_value, code_label, use_value, code_status) VALUES  (4, 'CA', 'California', 'CA', 'V');
INSERT INTO dqa_code_master(table_id, code_value, code_label, use_value, code_status) VALUES  (4, 'CO', 'Colorado', 'CO', 'V');
INSERT INTO dqa_code_master(table_id, code_value, code_label, use_value, code_status) VALUES  (4, 'CT', 'Connecticut', 'CT', 'V');
INSERT INTO dqa_code_master(table_id, code_value, code_label, use_value, code_status) VALUES  (4, 'DE', 'Delaware', 'DE', 'V');
INSERT INTO dqa_code_master(table_id, code_value, code_label, use_value, code_status) VALUES  (4, 'DC', 'District of Columbia', 'DC', 'V');
INSERT INTO dqa_code_master(table_id, code_value, code_label, use_value, code_status) VALUES  (4, 'FL', 'Florida', 'FL', 'V');
INSERT INTO dqa_code_master(table_id, code_value, code_label, use_value, code_status) VALUES  (4, 'GA', 'Georgia', 'GA', 'V');
INSERT INTO dqa_code_master(table_id, code_value, code_label, use_value, code_status) VALUES  (4, 'HI', 'Hawaii', 'HI', 'V');
INSERT INTO dqa_code_master(table_id, code_value, code_label, use_value, code_status) VALUES  (4, 'ID', 'Idaho', 'ID', 'V');
INSERT INTO dqa_code_master(table_id, code_value, code_label, use_value, code_status) VALUES  (4, 'IL', 'Illinois', 'IL', 'V');
INSERT INTO dqa_code_master(table_id, code_value, code_label, use_value, code_status) VALUES  (4, 'IN', 'Indiana', 'IN', 'V');
INSERT INTO dqa_code_master(table_id, code_value, code_label, use_value, code_status) VALUES  (4, 'IA', 'Iowa', 'IA', 'V');
INSERT INTO dqa_code_master(table_id, code_value, code_label, use_value, code_status) VALUES  (4, 'KS', 'Kansas', 'KS', 'V');
INSERT INTO dqa_code_master(table_id, code_value, code_label, use_value, code_status) VALUES  (4, 'KY', 'Kentucky', 'KY', 'V');
INSERT INTO dqa_code_master(table_id, code_value, code_label, use_value, code_status) VALUES  (4, 'LA', 'Louisiana', 'LA', 'V');
INSERT INTO dqa_code_master(table_id, code_value, code_label, use_value, code_status) VALUES  (4, 'ME', 'Maine', 'ME', 'V');
INSERT INTO dqa_code_master(table_id, code_value, code_label, use_value, code_status) VALUES  (4, 'MD', 'Maryland', 'MD', 'V');
INSERT INTO dqa_code_master(table_id, code_value, code_label, use_value, code_status) VALUES  (4, 'MA', 'Massachusetts', 'MA', 'V');
INSERT INTO dqa_code_master(table_id, code_value, code_label, use_value, code_status) VALUES  (4, 'MI', 'Michigan', 'MI', 'V');
INSERT INTO dqa_code_master(table_id, code_value, code_label, use_value, code_status) VALUES  (4, 'MN', 'Minnesota', 'MN', 'V');
INSERT INTO dqa_code_master(table_id, code_value, code_label, use_value, code_status) VALUES  (4, 'MS', 'Mississippi', 'MS', 'V');
INSERT INTO dqa_code_master(table_id, code_value, code_label, use_value, code_status) VALUES  (4, 'MO', 'Missouri', 'MO', 'V');
INSERT INTO dqa_code_master(table_id, code_value, code_label, use_value, code_status) VALUES  (4, 'MT', 'Montana', 'MT', 'V');
INSERT INTO dqa_code_master(table_id, code_value, code_label, use_value, code_status) VALUES  (4, 'NE', 'Nebraska', 'NE', 'V');
INSERT INTO dqa_code_master(table_id, code_value, code_label, use_value, code_status) VALUES  (4, 'NV', 'Nevada', 'NV', 'V');
INSERT INTO dqa_code_master(table_id, code_value, code_label, use_value, code_status) VALUES  (4, 'NH', 'New Hampshire', 'NH', 'V');
INSERT INTO dqa_code_master(table_id, code_value, code_label, use_value, code_status) VALUES  (4, 'NJ', 'New Jersey', 'NJ', 'V');
INSERT INTO dqa_code_master(table_id, code_value, code_label, use_value, code_status) VALUES  (4, 'NM', 'New Mexico', 'NM', 'V');
INSERT INTO dqa_code_master(table_id, code_value, code_label, use_value, code_status) VALUES  (4, 'NY', 'New York', 'NY', 'V');
INSERT INTO dqa_code_master(table_id, code_value, code_label, use_value, code_status) VALUES  (4, 'NC', 'North Carolina', 'NC', 'V');
INSERT INTO dqa_code_master(table_id, code_value, code_label, use_value, code_status) VALUES  (4, 'ND', 'North Dakota', 'ND', 'V');
INSERT INTO dqa_code_master(table_id, code_value, code_label, use_value, code_status) VALUES  (4, 'OH', 'Ohio', 'OH', 'V');
INSERT INTO dqa_code_master(table_id, code_value, code_label, use_value, code_status) VALUES  (4, 'OK', 'Oklahoma', 'OK', 'V');
INSERT INTO dqa_code_master(table_id, code_value, code_label, use_value, code_status) VALUES  (4, 'OR', 'Oregon', 'OR', 'V');
INSERT INTO dqa_code_master(table_id, code_value, code_label, use_value, code_status) VALUES  (4, 'PA', 'Pennsylvania', 'PA', 'V');
INSERT INTO dqa_code_master(table_id, code_value, code_label, use_value, code_status) VALUES  (4, 'RI', 'Rhode Island', 'RI', 'V');
INSERT INTO dqa_code_master(table_id, code_value, code_label, use_value, code_status) VALUES  (4, 'SC', 'South Carolina', 'SC', 'V');
INSERT INTO dqa_code_master(table_id, code_value, code_label, use_value, code_status) VALUES  (4, 'SD', 'South Dakota', 'SD', 'V');
INSERT INTO dqa_code_master(table_id, code_value, code_label, use_value, code_status) VALUES  (4, 'TN', 'Tennessee', 'TN', 'V');
INSERT INTO dqa_code_master(table_id, code_value, code_label, use_value, code_status) VALUES  (4, 'TX', 'Texas', 'TX', 'V');
INSERT INTO dqa_code_master(table_id, code_value, code_label, use_value, code_status) VALUES  (4, 'UT', 'Utah', 'UT', 'V');
INSERT INTO dqa_code_master(table_id, code_value, code_label, use_value, code_status) VALUES  (4, 'VT', 'Vermont', 'VT', 'V');
INSERT INTO dqa_code_master(table_id, code_value, code_label, use_value, code_status) VALUES  (4, 'VA', 'Virginia', 'VA', 'V');
INSERT INTO dqa_code_master(table_id, code_value, code_label, use_value, code_status) VALUES  (4, 'WA', 'Washington', 'WA', 'V');
INSERT INTO dqa_code_master(table_id, code_value, code_label, use_value, code_status) VALUES  (4, 'WV', 'West Virginia', 'WV', 'V');
INSERT INTO dqa_code_master(table_id, code_value, code_label, use_value, code_status) VALUES  (4, 'WI', 'Wisconsin', 'WI', 'V');
INSERT INTO dqa_code_master(table_id, code_value, code_label, use_value, code_status) VALUES  (4, 'WY', 'Wyoming', 'WY', 'V');
INSERT INTO dqa_code_master(table_id, code_value, code_label, use_value, code_status) VALUES  (4, 'AS', 'American Samoa', 'AS', 'V');
INSERT INTO dqa_code_master(table_id, code_value, code_label, use_value, code_status) VALUES  (4, 'GU', 'Guam', 'GU', 'V');
INSERT INTO dqa_code_master(table_id, code_value, code_label, use_value, code_status) VALUES  (4, 'MP', 'Northern Mariana Islands', 'MP', 'V');
INSERT INTO dqa_code_master(table_id, code_value, code_label, use_value, code_status) VALUES  (4, 'PR', 'Puerto Rico', 'PR', 'V');
INSERT INTO dqa_code_master(table_id, code_value, code_label, use_value, code_status) VALUES  (4, 'VI', 'Virgin Islands', 'VI', 'V');
INSERT INTO dqa_code_master(table_id, code_value, code_label, use_value, code_status) VALUES  (4, 'FM', 'Federated States of Micronesia', 'FM', 'V');
INSERT INTO dqa_code_master(table_id, code_value, code_label, use_value, code_status) VALUES  (4, 'MH', 'Marshall Islands', 'MH', 'V');
INSERT INTO dqa_code_master(table_id, code_value, code_label, use_value, code_status) VALUES  (4, 'PW', 'Palau', 'PW', 'V');
INSERT INTO dqa_code_master(table_id, code_value, code_label, use_value, code_status) VALUES  (4, 'AA', 'Armed Forces Americas (except Canada)', 'AA', 'V');
INSERT INTO dqa_code_master(table_id, code_value, code_label, use_value, code_status) VALUES  (4, 'AE', 'Armed Forces (Europe, Canada, Middle East, Africa)', 'AE', 'V');
INSERT INTO dqa_code_master(table_id, code_value, code_label, use_value, code_status) VALUES  (4, 'AP', 'Armed Forces Pacific', 'AP', 'V');
INSERT INTO dqa_code_master(table_id, code_value, code_label, use_value, code_status) VALUES  (4, 'CZ', 'Canal Zone', 'CZ', 'V');
INSERT INTO dqa_code_master(table_id, code_value, code_label, use_value, code_status) VALUES  (4, 'PI', 'Philippine Islands', 'PI', 'V');
INSERT INTO dqa_code_master(table_id, code_value, code_label, use_value, code_status) VALUES  (4, 'TT', 'Trust Territory of the Pacific Islands', 'TT', 'V');
INSERT INTO dqa_code_master(table_id, code_value, code_label, use_value, code_status) VALUES  (4, 'CM', 'Commonwealth of the Northern Mariana Islands', 'CM', 'V');
INSERT INTO dqa_code_master(table_id, code_value, code_label, use_value, code_status) VALUES  (26, 'CP', 'Complete', 'CP', 'V');
INSERT INTO dqa_code_master(table_id, code_value, code_label, use_value, code_status) VALUES  (26, 'RE', 'Refused', 'RE', 'G');
INSERT INTO dqa_code_master(table_id, code_value, code_label, use_value, code_status) VALUES  (26, 'NA', 'Not Administered', 'NA', 'G');
INSERT INTO dqa_code_master(table_id, code_value, code_label, use_value, code_status) VALUES  (26, 'PA', 'Partially Administered', 'PA', 'G');
INSERT INTO dqa_code_master(table_id, code_value, code_label, use_value, code_status) VALUES  (22, 'BRO', 'Brother', 'BRO', 'G');
INSERT INTO dqa_code_master(table_id, code_value, code_label, use_value, code_status) VALUES  (22, 'CGV', 'Care Giver', 'CGV', 'V');
INSERT INTO dqa_code_master(table_id, code_value, code_label, use_value, code_status) VALUES  (22, 'FTH', 'Father', 'FTH', 'G');
INSERT INTO dqa_code_master(table_id, code_value, code_label, use_value, code_status) VALUES  (22, 'FCH', 'Foster Child', 'FCH', 'V');
INSERT INTO dqa_code_master(table_id, code_value, code_label, use_value, code_status) VALUES  (22, 'GRP', 'Grand Parent', 'GRP', 'V');
INSERT INTO dqa_code_master(table_id, code_value, code_label, use_value, code_status) VALUES  (22, 'GRD', 'Guardian', 'GRD', 'V');
INSERT INTO dqa_code_master(table_id, code_value, code_label, use_value, code_status) VALUES  (22, 'MTH', 'Mother', 'MTH', 'V');
INSERT INTO dqa_code_master(table_id, code_value, code_label, use_value, code_status) VALUES  (22, 'OTH', 'Other', 'OTH', 'G');
INSERT INTO dqa_code_master(table_id, code_value, code_label, use_value, code_status) VALUES  (22, 'PAR', 'Parent', 'PAR', 'V');
INSERT INTO dqa_code_master(table_id, code_value, code_label, use_value, code_status) VALUES  (22, 'SEL', 'Self', 'SEL', 'G');
INSERT INTO dqa_code_master(table_id, code_value, code_label, use_value, code_status) VALUES  (22, 'SIB', 'Sibling', 'SIB', 'G');
INSERT INTO dqa_code_master(table_id, code_value, code_label, use_value, code_status) VALUES  (22, 'SIS', 'Sister', 'SIS', 'G');
INSERT INTO dqa_code_master(table_id, code_value, code_label, use_value, code_status) VALUES  (22, 'SPO', 'Spouse', 'SPO', 'G');
INSERT INTO dqa_code_master(table_id, code_value, code_label, use_value, code_status) VALUES  (22, 'SCH', 'Step Child', 'SCH', 'G');
INSERT INTO dqa_code_master(table_id, code_value, code_label, use_value, code_status) VALUES  (18, '1002-5', 'American Indian or Alaska Native', '1002-5', 'V');
INSERT INTO dqa_code_master(table_id, code_value, code_label, use_value, code_status) VALUES  (18, '2028-9', 'Asian', '2028-9', 'V');
INSERT INTO dqa_code_master(table_id, code_value, code_label, use_value, code_status) VALUES  (18, '2076-8', 'Native Hawaiian or Other Pacific Islander', '2076-8', 'V');
INSERT INTO dqa_code_master(table_id, code_value, code_label, use_value, code_status) VALUES  (18, '2054-5', 'Black or African-American', '2054-5', 'V');
INSERT INTO dqa_code_master(table_id, code_value, code_label, use_value, code_status) VALUES  (18, '2106-3', 'White', '2106-3', 'V');
INSERT INTO dqa_code_master(table_id, code_value, code_label, use_value, code_status) VALUES  (18, '2131-1', 'Other Race', '2131-1', 'V');
INSERT INTO dqa_code_master(table_id, code_value, code_label, use_value, code_status) VALUES  (18, 'I', 'American Indian or Alaska Native', '1002-5', 'D');
INSERT INTO dqa_code_master(table_id, code_value, code_label, use_value, code_status) VALUES  (18, 'A', 'Asian', '2028-9', 'D');
INSERT INTO dqa_code_master(table_id, code_value, code_label, use_value, code_status) VALUES  (18, 'A', 'Native Hawaiian or Other Pacific Islander', '2076-8', 'D');
INSERT INTO dqa_code_master(table_id, code_value, code_label, use_value, code_status) VALUES  (18, 'B', 'Black or African-American', '2054-5', 'D');
INSERT INTO dqa_code_master(table_id, code_value, code_label, use_value, code_status) VALUES  (18, 'W', 'White', '2106-3', 'D');
INSERT INTO dqa_code_master(table_id, code_value, code_label, use_value, code_status) VALUES  (18, 'O', 'Other Race', '2131-1', 'D');
INSERT INTO dqa_code_master(table_id, code_value, code_label, use_value, code_status) VALUES  (18, 'U', 'Unknown', '2131-1', 'D');

CREATE TABLE dqa_vaccine_group
(
  group_id            INTEGER NOT NULL PRIMARY KEY,   
  group_code          VARCHAR(30) NOT NULL,
  group_label         VARCHAR(250) NOT NULL,
  group_status        VARCHAR(30) NOT NULL 
);

INSERT INTO dqa_vaccine_group(group_id, group_code, group_label, group_status) VALUES (2, 'ADENO', 'Adnovirus', 'Not Expected');
INSERT INTO dqa_vaccine_group(group_id, group_code, group_label, group_status) VALUES (3, 'ANTHRAX', 'Anthrax', 'Not Expected');
INSERT INTO dqa_vaccine_group(group_id, group_code, group_label, group_status) VALUES (4, 'BCG', 'BCG', 'Not Expected');
INSERT INTO dqa_vaccine_group(group_id, group_code, group_label, group_status) VALUES (5, 'cholera', 'Cholera', 'Not Expected');
INSERT INTO dqa_vaccine_group(group_id, group_code, group_label, group_status) VALUES (6, 'DTAP', 'DTaP', 'Expected');
INSERT INTO dqa_vaccine_group(group_id, group_code, group_label, group_status) VALUES (7, 'FLU', 'Influenza', 'Expected');
INSERT INTO dqa_vaccine_group(group_id, group_code, group_label, group_status) VALUES (8, 'H1N1 flu', 'H1N1-09', 'Not Expected');
INSERT INTO dqa_vaccine_group(group_id, group_code, group_label, group_status) VALUES (9, 'H5N1 flu', 'Influenza, H5N1-1203', 'Not Expected');
INSERT INTO dqa_vaccine_group(group_id, group_code, group_label, group_status) VALUES (10, 'HBIG', 'HBIG', 'Not Expected');
INSERT INTO dqa_vaccine_group(group_id, group_code, group_label, group_status) VALUES (11, 'Hep E', 'Hep E', 'Not Expected');
INSERT INTO dqa_vaccine_group(group_id, group_code, group_label, group_status) VALUES (12, 'HepA', 'Hep A', 'Expected');
INSERT INTO dqa_vaccine_group(group_id, group_code, group_label, group_status) VALUES (13, 'HepB', 'Hep B', 'Expected');
INSERT INTO dqa_vaccine_group(group_id, group_code, group_label, group_status) VALUES (14, 'HepC', 'Hep C', 'Not Expected');
INSERT INTO dqa_vaccine_group(group_id, group_code, group_label, group_status) VALUES (15, 'HIB', 'Hib', 'Expected');
INSERT INTO dqa_vaccine_group(group_id, group_code, group_label, group_status) VALUES (16, 'HPV', 'HPV', 'Expected');
INSERT INTO dqa_vaccine_group(group_id, group_code, group_label, group_status) VALUES (17, 'IG', 'IG', 'Not Expected');
INSERT INTO dqa_vaccine_group(group_id, group_code, group_label, group_status) VALUES (18, 'Japanese encephalitis', 'Japanese Encephalitis', 'Not Expected');
INSERT INTO dqa_vaccine_group(group_id, group_code, group_label, group_status) VALUES (19, 'Lyme disease', 'Lyme Disease', 'Not Expected');
INSERT INTO dqa_vaccine_group(group_id, group_code, group_label, group_status) VALUES (20, 'MEASLES', 'Measles', 'Optional');
INSERT INTO dqa_vaccine_group(group_id, group_code, group_label, group_status) VALUES (21, 'MENING', 'Meningococcal', 'Expected');
INSERT INTO dqa_vaccine_group(group_id, group_code, group_label, group_status) VALUES (22, 'MMR', 'MMR', 'Expected');
INSERT INTO dqa_vaccine_group(group_id, group_code, group_label, group_status) VALUES (23, 'MUMPS', 'Mumps', 'Optional');
INSERT INTO dqa_vaccine_group(group_id, group_code, group_label, group_status) VALUES (24, 'PneumoPCV', 'Pneumococcal', 'Expected');
INSERT INTO dqa_vaccine_group(group_id, group_code, group_label, group_status) VALUES (25, 'PneumoPPV', 'Pneumococcal', 'Optional');
INSERT INTO dqa_vaccine_group(group_id, group_code, group_label, group_status) VALUES (26, 'POLIO', 'Polio', 'Expected');
INSERT INTO dqa_vaccine_group(group_id, group_code, group_label, group_status) VALUES (27, 'RABIES', 'Rabies', 'Optional');
INSERT INTO dqa_vaccine_group(group_id, group_code, group_label, group_status) VALUES (28, 'ROTAVIRUS', 'Rotavirus', 'Expected');
INSERT INTO dqa_vaccine_group(group_id, group_code, group_label, group_status) VALUES (29, 'RUBELLA', 'Rubella', 'Optional');
INSERT INTO dqa_vaccine_group(group_id, group_code, group_label, group_status) VALUES (30, 'Td', 'Tdap', 'Expected');
INSERT INTO dqa_vaccine_group(group_id, group_code, group_label, group_status) VALUES (31, 'TYPHOID', 'Typhoid', 'Optional');
INSERT INTO dqa_vaccine_group(group_id, group_code, group_label, group_status) VALUES (32, 'VACCINIA', 'Vaccinia (smallpox)', 'Optional');
INSERT INTO dqa_vaccine_group(group_id, group_code, group_label, group_status) VALUES (33, 'VARICELLA', 'Varicella', 'Expected');
INSERT INTO dqa_vaccine_group(group_id, group_code, group_label, group_status) VALUES (34, 'VEE', 'VEE', 'Optional');
INSERT INTO dqa_vaccine_group(group_id, group_code, group_label, group_status) VALUES (35, 'YELLOWFEVER', 'Yellow Fever', 'Optional');
INSERT INTO dqa_vaccine_group(group_id, group_code, group_label, group_status) VALUES (36, 'ZOSTER', 'Zoster', 'Optional');

CREATE TABLE dqa_vaccine_cvx_group
(
  cvx_group_id        INTEGER NOT NULL AUTO_INCREMENT PRIMARY KEY,
  group_id            INTEGER NOT NULL,
  cvx_code            VARCHAR(10) NOT NULL
);

INSERT INTO dqa_vaccine_cvx_group (group_id, cvx_code) VALUES (2, '54');
INSERT INTO dqa_vaccine_cvx_group (group_id, cvx_code) VALUES (2, '55');
INSERT INTO dqa_vaccine_cvx_group (group_id, cvx_code) VALUES (2, '82');
INSERT INTO dqa_vaccine_cvx_group (group_id, cvx_code) VALUES (3, '24');
INSERT INTO dqa_vaccine_cvx_group (group_id, cvx_code) VALUES (4, '19');
INSERT INTO dqa_vaccine_cvx_group (group_id, cvx_code) VALUES (5, '26');
INSERT INTO dqa_vaccine_cvx_group (group_id, cvx_code) VALUES (17, '29');
INSERT INTO dqa_vaccine_cvx_group (group_id, cvx_code) VALUES (6, '28');
INSERT INTO dqa_vaccine_cvx_group (group_id, cvx_code) VALUES (6, '20');
INSERT INTO dqa_vaccine_cvx_group (group_id, cvx_code) VALUES (6, '106');
INSERT INTO dqa_vaccine_cvx_group (group_id, cvx_code) VALUES (6, '107');
INSERT INTO dqa_vaccine_cvx_group (group_id, cvx_code) VALUES (6, '110');
INSERT INTO dqa_vaccine_cvx_group (group_id, cvx_code) VALUES (13, '110');
INSERT INTO dqa_vaccine_cvx_group (group_id, cvx_code) VALUES (26, '110');
INSERT INTO dqa_vaccine_cvx_group (group_id, cvx_code) VALUES (6, '50');
INSERT INTO dqa_vaccine_cvx_group (group_id, cvx_code) VALUES (15, '50');
INSERT INTO dqa_vaccine_cvx_group (group_id, cvx_code) VALUES (6, '120');
INSERT INTO dqa_vaccine_cvx_group (group_id, cvx_code) VALUES (15, '120');
INSERT INTO dqa_vaccine_cvx_group (group_id, cvx_code) VALUES (26, '120');
INSERT INTO dqa_vaccine_cvx_group (group_id, cvx_code) VALUES (6, '130');
INSERT INTO dqa_vaccine_cvx_group (group_id, cvx_code) VALUES (26, '130');
INSERT INTO dqa_vaccine_cvx_group (group_id, cvx_code) VALUES (6, '132');
INSERT INTO dqa_vaccine_cvx_group (group_id, cvx_code) VALUES (13, '132');
INSERT INTO dqa_vaccine_cvx_group (group_id, cvx_code) VALUES (15, '132');
INSERT INTO dqa_vaccine_cvx_group (group_id, cvx_code) VALUES (26, '132');
INSERT INTO dqa_vaccine_cvx_group (group_id, cvx_code) VALUES (6, '01');
INSERT INTO dqa_vaccine_cvx_group (group_id, cvx_code) VALUES (6, '22');
INSERT INTO dqa_vaccine_cvx_group (group_id, cvx_code) VALUES (15, '22');
INSERT INTO dqa_vaccine_cvx_group (group_id, cvx_code) VALUES (6, '102');
INSERT INTO dqa_vaccine_cvx_group (group_id, cvx_code) VALUES (13, '102');
INSERT INTO dqa_vaccine_cvx_group (group_id, cvx_code) VALUES (15, '102');
INSERT INTO dqa_vaccine_cvx_group (group_id, cvx_code) VALUES (10, '30');
INSERT INTO dqa_vaccine_cvx_group (group_id, cvx_code) VALUES (12, '52');
INSERT INTO dqa_vaccine_cvx_group (group_id, cvx_code) VALUES (12, '83');
INSERT INTO dqa_vaccine_cvx_group (group_id, cvx_code) VALUES (12, '84');
INSERT INTO dqa_vaccine_cvx_group (group_id, cvx_code) VALUES (12, '31');
INSERT INTO dqa_vaccine_cvx_group (group_id, cvx_code) VALUES (12, '85');
INSERT INTO dqa_vaccine_cvx_group (group_id, cvx_code) VALUES (12, '104');
INSERT INTO dqa_vaccine_cvx_group (group_id, cvx_code) VALUES (13, '104');
INSERT INTO dqa_vaccine_cvx_group (group_id, cvx_code) VALUES (13, '08');
INSERT INTO dqa_vaccine_cvx_group (group_id, cvx_code) VALUES (13, '42');
INSERT INTO dqa_vaccine_cvx_group (group_id, cvx_code) VALUES (13, '43');
INSERT INTO dqa_vaccine_cvx_group (group_id, cvx_code) VALUES (13, '44');
INSERT INTO dqa_vaccine_cvx_group (group_id, cvx_code) VALUES (13, '45');
INSERT INTO dqa_vaccine_cvx_group (group_id, cvx_code) VALUES (14, '58');
INSERT INTO dqa_vaccine_cvx_group (group_id, cvx_code) VALUES (11, '59');
INSERT INTO dqa_vaccine_cvx_group (group_id, cvx_code) VALUES (15, '47');
INSERT INTO dqa_vaccine_cvx_group (group_id, cvx_code) VALUES (15, '46');
INSERT INTO dqa_vaccine_cvx_group (group_id, cvx_code) VALUES (15, '49');
INSERT INTO dqa_vaccine_cvx_group (group_id, cvx_code) VALUES (15, '48');
INSERT INTO dqa_vaccine_cvx_group (group_id, cvx_code) VALUES (15, '17');
INSERT INTO dqa_vaccine_cvx_group (group_id, cvx_code) VALUES (13, '51');
INSERT INTO dqa_vaccine_cvx_group (group_id, cvx_code) VALUES (15, '51');
INSERT INTO dqa_vaccine_cvx_group (group_id, cvx_code) VALUES (16, '118');
INSERT INTO dqa_vaccine_cvx_group (group_id, cvx_code) VALUES (16, '62');
INSERT INTO dqa_vaccine_cvx_group (group_id, cvx_code) VALUES (16, '137');
INSERT INTO dqa_vaccine_cvx_group (group_id, cvx_code) VALUES (17, '86');
INSERT INTO dqa_vaccine_cvx_group (group_id, cvx_code) VALUES (17, '14');
INSERT INTO dqa_vaccine_cvx_group (group_id, cvx_code) VALUES (17, '87');
INSERT INTO dqa_vaccine_cvx_group (group_id, cvx_code) VALUES (9, '123');
INSERT INTO dqa_vaccine_cvx_group (group_id, cvx_code) VALUES (7, '135');
INSERT INTO dqa_vaccine_cvx_group (group_id, cvx_code) VALUES (7, '111');
INSERT INTO dqa_vaccine_cvx_group (group_id, cvx_code) VALUES (7, '141');
INSERT INTO dqa_vaccine_cvx_group (group_id, cvx_code) VALUES (7, '140');
INSERT INTO dqa_vaccine_cvx_group (group_id, cvx_code) VALUES (7, '15');
INSERT INTO dqa_vaccine_cvx_group (group_id, cvx_code) VALUES (7, '88');
INSERT INTO dqa_vaccine_cvx_group (group_id, cvx_code) VALUES (7, '16');
INSERT INTO dqa_vaccine_cvx_group (group_id, cvx_code) VALUES (26, '10');
INSERT INTO dqa_vaccine_cvx_group (group_id, cvx_code) VALUES (18, '134');
INSERT INTO dqa_vaccine_cvx_group (group_id, cvx_code) VALUES (18, '39');
INSERT INTO dqa_vaccine_cvx_group (group_id, cvx_code) VALUES (19, '66');
INSERT INTO dqa_vaccine_cvx_group (group_id, cvx_code) VALUES (20, '04');
INSERT INTO dqa_vaccine_cvx_group (group_id, cvx_code) VALUES (29, '04');
INSERT INTO dqa_vaccine_cvx_group (group_id, cvx_code) VALUES (20, '05');
INSERT INTO dqa_vaccine_cvx_group (group_id, cvx_code) VALUES (21, '103');
INSERT INTO dqa_vaccine_cvx_group (group_id, cvx_code) VALUES (21, '136');
INSERT INTO dqa_vaccine_cvx_group (group_id, cvx_code) VALUES (21, '114');
INSERT INTO dqa_vaccine_cvx_group (group_id, cvx_code) VALUES (21, '32');
INSERT INTO dqa_vaccine_cvx_group (group_id, cvx_code) VALUES (21, '108');
INSERT INTO dqa_vaccine_cvx_group (group_id, cvx_code) VALUES (22, '03');
INSERT INTO dqa_vaccine_cvx_group (group_id, cvx_code) VALUES (22, '94');
INSERT INTO dqa_vaccine_cvx_group (group_id, cvx_code) VALUES (33, '94');
INSERT INTO dqa_vaccine_cvx_group (group_id, cvx_code) VALUES (23, '07');
INSERT INTO dqa_vaccine_cvx_group (group_id, cvx_code) VALUES (8, '127');
INSERT INTO dqa_vaccine_cvx_group (group_id, cvx_code) VALUES (8, '128');
INSERT INTO dqa_vaccine_cvx_group (group_id, cvx_code) VALUES (8, '125');
INSERT INTO dqa_vaccine_cvx_group (group_id, cvx_code) VALUES (8, '126');
INSERT INTO dqa_vaccine_cvx_group (group_id, cvx_code) VALUES (26, '02');
INSERT INTO dqa_vaccine_cvx_group (group_id, cvx_code) VALUES (24, '133');
INSERT INTO dqa_vaccine_cvx_group (group_id, cvx_code) VALUES (24, '100');
INSERT INTO dqa_vaccine_cvx_group (group_id, cvx_code) VALUES (25, '33');
INSERT INTO dqa_vaccine_cvx_group (group_id, cvx_code) VALUES (26, '89');
INSERT INTO dqa_vaccine_cvx_group (group_id, cvx_code) VALUES (27, '40');
INSERT INTO dqa_vaccine_cvx_group (group_id, cvx_code) VALUES (27, '18');
INSERT INTO dqa_vaccine_cvx_group (group_id, cvx_code) VALUES (27, '90');
INSERT INTO dqa_vaccine_cvx_group (group_id, cvx_code) VALUES (17, '34');
INSERT INTO dqa_vaccine_cvx_group (group_id, cvx_code) VALUES (28, '119');
INSERT INTO dqa_vaccine_cvx_group (group_id, cvx_code) VALUES (28, '116');
INSERT INTO dqa_vaccine_cvx_group (group_id, cvx_code) VALUES (28, '74');
INSERT INTO dqa_vaccine_cvx_group (group_id, cvx_code) VALUES (28, '122');
INSERT INTO dqa_vaccine_cvx_group (group_id, cvx_code) VALUES (17, '71');
INSERT INTO dqa_vaccine_cvx_group (group_id, cvx_code) VALUES (29, '06');
INSERT INTO dqa_vaccine_cvx_group (group_id, cvx_code) VALUES (23, '38');
INSERT INTO dqa_vaccine_cvx_group (group_id, cvx_code) VALUES (29, '38');
INSERT INTO dqa_vaccine_cvx_group (group_id, cvx_code) VALUES (30, '138');
INSERT INTO dqa_vaccine_cvx_group (group_id, cvx_code) VALUES (30, '113');
INSERT INTO dqa_vaccine_cvx_group (group_id, cvx_code) VALUES (30, '09');
INSERT INTO dqa_vaccine_cvx_group (group_id, cvx_code) VALUES (30, '115');
INSERT INTO dqa_vaccine_cvx_group (group_id, cvx_code) VALUES (31, '25');
INSERT INTO dqa_vaccine_cvx_group (group_id, cvx_code) VALUES (31, '41');
INSERT INTO dqa_vaccine_cvx_group (group_id, cvx_code) VALUES (31, '53');
INSERT INTO dqa_vaccine_cvx_group (group_id, cvx_code) VALUES (31, '91');
INSERT INTO dqa_vaccine_cvx_group (group_id, cvx_code) VALUES (31, '101');
INSERT INTO dqa_vaccine_cvx_group (group_id, cvx_code) VALUES (32, '75');
INSERT INTO dqa_vaccine_cvx_group (group_id, cvx_code) VALUES (32, '105');
INSERT INTO dqa_vaccine_cvx_group (group_id, cvx_code) VALUES (33, '21');
INSERT INTO dqa_vaccine_cvx_group (group_id, cvx_code) VALUES (34, '81');
INSERT INTO dqa_vaccine_cvx_group (group_id, cvx_code) VALUES (34, '80');
INSERT INTO dqa_vaccine_cvx_group (group_id, cvx_code) VALUES (34, '92');
INSERT INTO dqa_vaccine_cvx_group (group_id, cvx_code) VALUES (35, '37');
INSERT INTO dqa_vaccine_cvx_group (group_id, cvx_code) VALUES (36, '121');
