INSERT INTO dqa_code_table (table_id, table_label, default_code_value) VALUES(34, 'Vaccination Order Control Code', '');
INSERT INTO dqa_code_table (table_id, table_label, default_code_value) VALUES(35, 'Country Code', '');
INSERT INTO dqa_code_table (table_id, table_label, default_code_value) VALUES(36, 'Character Set', '');
INSERT INTO dqa_code_table (table_id, table_label, default_code_value) VALUES(37, 'Message Profile Id', '');
INSERT INTO dqa_code_table (table_id, table_label, default_code_value) VALUES(38, 'Patient Class', '');
INSERT INTO dqa_code_table (table_id, table_label, default_code_value) VALUES(39, 'Message Processing Id', '');
INSERT INTO dqa_code_table (table_id, table_label, default_code_value) VALUES(40, 'Acknowledgement Type', '');
INSERT INTO dqa_code_table (table_id, table_label, default_code_value) VALUES(41, 'Telecommunication Use', '');
INSERT INTO dqa_code_table (table_id, table_label, default_code_value) VALUES(42, 'Telecommunication Equipment', '');

INSERT INTO dqa_code_master(table_id, code_value, code_label, use_value, code_status) VALUES  (34, 'RE', 'Observations to follow', 'RE', 'V');
INSERT INTO dqa_code_master(table_id, code_value, code_label, use_value, code_status) VALUES  (34, 'OK', 'Order accepted & OK', 'OK', 'I');
INSERT INTO dqa_code_master(table_id, code_value, code_label, use_value, code_status) VALUES  (38, 'R', 'Recurring', 'R', 'V');
INSERT INTO dqa_code_master(table_id, code_value, code_label, use_value, code_status) VALUES  (39, 'P', 'Production', 'P', 'V');
INSERT INTO dqa_code_master(table_id, code_value, code_label, use_value, code_status) VALUES  (39, 'T', 'Training', 'T', 'V');
INSERT INTO dqa_code_master(table_id, code_value, code_label, use_value, code_status) VALUES  (39, 'D', 'Debug', 'D', 'V');
INSERT INTO dqa_code_master(table_id, code_value, code_label, use_value, code_status) VALUES  (40, 'AL', '', 'AL', 'V');
INSERT INTO dqa_code_master(table_id, code_value, code_label, use_value, code_status) VALUES  (40, 'NE', '', 'NE', 'V');
INSERT INTO dqa_code_master(table_id, code_value, code_label, use_value, code_status) VALUES  (40, 'ER', '', 'ER', 'V');
INSERT INTO dqa_code_master(table_id, code_value, code_label, use_value, code_status) VALUES  (40, 'SU', '', 'SU', 'V');
INSERT INTO dqa_code_master(table_id, code_value, code_label, use_value, code_status) VALUES  (41, 'PRN', 'Primary residence number', 'PRN', 'V');
INSERT INTO dqa_code_master(table_id, code_value, code_label, use_value, code_status) VALUES  (41, 'ORN', 'Other residence number', 'ORN', 'V');
INSERT INTO dqa_code_master(table_id, code_value, code_label, use_value, code_status) VALUES  (41, 'WPN', 'Work number', 'WPN', 'V');
INSERT INTO dqa_code_master(table_id, code_value, code_label, use_value, code_status) VALUES  (41, 'VHN', 'Vacation home number', 'VHN', 'V');
INSERT INTO dqa_code_master(table_id, code_value, code_label, use_value, code_status) VALUES  (41, 'ASN', 'Answering service number', 'ASN', 'V');
INSERT INTO dqa_code_master(table_id, code_value, code_label, use_value, code_status) VALUES  (41, 'EMR', 'Emergency number', 'EMR', 'V');
INSERT INTO dqa_code_master(table_id, code_value, code_label, use_value, code_status) VALUES  (41, 'NET', 'Network (email) address', 'NET', 'V');
INSERT INTO dqa_code_master(table_id, code_value, code_label, use_value, code_status) VALUES  (41, 'BPN', 'Beeper number', 'BPN', 'V');
INSERT INTO dqa_code_master(table_id, code_value, code_label, use_value, code_status) VALUES  (42, 'PH', 'Telephone', 'PH', 'V');
INSERT INTO dqa_code_master(table_id, code_value, code_label, use_value, code_status) VALUES  (42, 'FX', 'Fax', 'FX', 'V');
INSERT INTO dqa_code_master(table_id, code_value, code_label, use_value, code_status) VALUES  (42, 'MD', 'Modem', 'MD', 'V');
INSERT INTO dqa_code_master(table_id, code_value, code_label, use_value, code_status) VALUES  (42, 'CP', 'Cellular phone', 'CP', 'V');
INSERT INTO dqa_code_master(table_id, code_value, code_label, use_value, code_status) VALUES  (42, 'BP', 'Beeper', 'BP', 'V');
INSERT INTO dqa_code_master(table_id, code_value, code_label, use_value, code_status) VALUES  (42, 'Internet', 'Internet address', 'Internet', 'V');
INSERT INTO dqa_code_master(table_id, code_value, code_label, use_value, code_status) VALUES  (42, 'X.400', 'X.400 email address', 'X.400', 'V');
INSERT INTO dqa_code_master(table_id, code_value, code_label, use_value, code_status) VALUES  (42, 'TDD', 'Telecommunications Device for the Deaf', 'TDD', 'V');
INSERT INTO dqa_code_master(table_id, code_value, code_label, use_value, code_status) VALUES  (42, 'TTY', 'Teletypewriter', 'TTY', 'V');

ALTER TABLE dqa_issue_found DROP FOREIGN KEY dqa_fk_issue_found2;

INSERT INTO dqa_potential_issue(issue_id, target_object, target_field, issue_type, field_value, default_action_code, change_priority, report_denominator, issue_description) VALUES (2, 'General', 'authorization', 'exception', '', 'E', 'Blocked', 'Message Count', 'Submitter is not authorized to submit messages');
INSERT INTO dqa_potential_issue(issue_id, target_object, target_field, issue_type, field_value, default_action_code, change_priority, report_denominator, issue_description) VALUES (3, 'General', 'configuration', 'exception', '', 'E', 'Blocked', 'Message Count', 'Profile is not configured properly, unable to accept messages');
INSERT INTO dqa_potential_issue(issue_id, target_object, target_field, issue_type, field_value, default_action_code, change_priority, report_denominator, issue_description) VALUES (4, 'General', 'parse', 'exception', '', 'E', 'Blocked', 'Message Count', 'Message can not be parsed');
INSERT INTO dqa_potential_issue(issue_id, target_object, target_field, issue_type, field_value, default_action_code, change_priority, report_denominator, issue_description) VALUES (5, 'General', 'processing', 'exception', '', 'E', 'Blocked', 'Message Count', 'General unexpected exception while processing message');
INSERT INTO dqa_potential_issue(issue_id, target_object, target_field, issue_type, field_value, default_action_code, change_priority, report_denominator, issue_description) VALUES (463, 'HL7', 'segment', 'is unrecognized', '', 'W', 'May', 'Message Count', '');
INSERT INTO dqa_potential_issue(issue_id, target_object, target_field, issue_type, field_value, default_action_code, change_priority, report_denominator, issue_description) VALUES (464, 'HL7', 'segment', 'is invalid', '', 'W', 'May', 'Message Count', '');
INSERT INTO dqa_potential_issue(issue_id, target_object, target_field, issue_type, field_value, default_action_code, change_priority, report_denominator, issue_description) VALUES (452, 'HL7', 'segments', 'out of order', '', 'W', 'May', 'Message Count', '');
INSERT INTO dqa_potential_issue(issue_id, target_object, target_field, issue_type, field_value, default_action_code, change_priority, report_denominator, issue_description) VALUES (415, 'HL7 MSH', 'accept ack type', 'is deprecated', '', 'W', 'May', 'Message Count', '');
INSERT INTO dqa_potential_issue(issue_id, target_object, target_field, issue_type, field_value, default_action_code, change_priority, report_denominator, issue_description) VALUES (417, 'HL7 MSH', 'accept ack type', 'is ignored', '', 'S', 'May', 'Message Count', '');
INSERT INTO dqa_potential_issue(issue_id, target_object, target_field, issue_type, field_value, default_action_code, change_priority, report_denominator, issue_description) VALUES (416, 'HL7 MSH', 'accept ack type', 'is invalid', '', 'W', 'May', 'Message Count', '');
INSERT INTO dqa_potential_issue(issue_id, target_object, target_field, issue_type, field_value, default_action_code, change_priority, report_denominator, issue_description) VALUES (6, 'HL7 MSH', 'accept ack type', 'is missing', '', 'A', 'May', 'Message Count', '');
INSERT INTO dqa_potential_issue(issue_id, target_object, target_field, issue_type, field_value, default_action_code, change_priority, report_denominator, issue_description) VALUES (7, 'HL7 MSH', 'accept ack type', 'is unrecognized', '', 'W', 'May', 'Message Count', '');
INSERT INTO dqa_potential_issue(issue_id, target_object, target_field, issue_type, field_value, default_action_code, change_priority, report_denominator, issue_description) VALUES (8, 'HL7 MSH', 'accept ack type', 'is valued as', 'always', 'A', 'May', 'Message Count', '');
INSERT INTO dqa_potential_issue(issue_id, target_object, target_field, issue_type, field_value, default_action_code, change_priority, report_denominator, issue_description) VALUES (9, 'HL7 MSH', 'accept ack type', 'is valued as', 'never', 'A', 'May', 'Message Count', '');
INSERT INTO dqa_potential_issue(issue_id, target_object, target_field, issue_type, field_value, default_action_code, change_priority, report_denominator, issue_description) VALUES (10, 'HL7 MSH', 'accept ack type', 'is valued as', 'only on errors', 'A', 'May', 'Message Count', '');
INSERT INTO dqa_potential_issue(issue_id, target_object, target_field, issue_type, field_value, default_action_code, change_priority, report_denominator, issue_description) VALUES (431, 'HL7 MSH', 'alt character set', 'is deprecated', '', 'W', 'May', 'Message Count', '');
INSERT INTO dqa_potential_issue(issue_id, target_object, target_field, issue_type, field_value, default_action_code, change_priority, report_denominator, issue_description) VALUES (432, 'HL7 MSH', 'alt character set', 'is ignored', '', 'S', 'May', 'Message Count', '');
INSERT INTO dqa_potential_issue(issue_id, target_object, target_field, issue_type, field_value, default_action_code, change_priority, report_denominator, issue_description) VALUES (433, 'HL7 MSH', 'alt character set', 'is invalid', '', 'W', 'May', 'Message Count', '');
INSERT INTO dqa_potential_issue(issue_id, target_object, target_field, issue_type, field_value, default_action_code, change_priority, report_denominator, issue_description) VALUES (434, 'HL7 MSH', 'alt character set', 'is missing', '', 'A', 'May', 'Message Count', '');
INSERT INTO dqa_potential_issue(issue_id, target_object, target_field, issue_type, field_value, default_action_code, change_priority, report_denominator, issue_description) VALUES (435, 'HL7 MSH', 'alt character set', 'is unrecognized', '', 'W', 'May', 'Message Count', '');
INSERT INTO dqa_potential_issue(issue_id, target_object, target_field, issue_type, field_value, default_action_code, change_priority, report_denominator, issue_description) VALUES (418, 'HL7 MSH', 'app ack type', 'is deprecated', '', 'W', 'May', 'Message Count', '');
INSERT INTO dqa_potential_issue(issue_id, target_object, target_field, issue_type, field_value, default_action_code, change_priority, report_denominator, issue_description) VALUES (420, 'HL7 MSH', 'app ack type', 'is ignored', '', 'S', 'May', 'Message Count', '');
INSERT INTO dqa_potential_issue(issue_id, target_object, target_field, issue_type, field_value, default_action_code, change_priority, report_denominator, issue_description) VALUES (419, 'HL7 MSH', 'app ack type', 'is invalid', '', 'W', 'May', 'Message Count', '');
INSERT INTO dqa_potential_issue(issue_id, target_object, target_field, issue_type, field_value, default_action_code, change_priority, report_denominator, issue_description) VALUES (410, 'HL7 MSH', 'app ack type', 'is missing', '', 'A', 'May', 'Message Count', '');
INSERT INTO dqa_potential_issue(issue_id, target_object, target_field, issue_type, field_value, default_action_code, change_priority, report_denominator, issue_description) VALUES (411, 'HL7 MSH', 'app ack type', 'is unrecognized', '', 'W', 'May', 'Message Count', '');
INSERT INTO dqa_potential_issue(issue_id, target_object, target_field, issue_type, field_value, default_action_code, change_priority, report_denominator, issue_description) VALUES (412, 'HL7 MSH', 'app ack type', 'is valued as', 'always', 'A', 'May', 'Message Count', '');
INSERT INTO dqa_potential_issue(issue_id, target_object, target_field, issue_type, field_value, default_action_code, change_priority, report_denominator, issue_description) VALUES (413, 'HL7 MSH', 'app ack type', 'is valued as', 'never', 'A', 'May', 'Message Count', '');
INSERT INTO dqa_potential_issue(issue_id, target_object, target_field, issue_type, field_value, default_action_code, change_priority, report_denominator, issue_description) VALUES (414, 'HL7 MSH', 'app ack type', 'is valued as', 'only on errors', 'A', 'May', 'Message Count', '');
INSERT INTO dqa_potential_issue(issue_id, target_object, target_field, issue_type, field_value, default_action_code, change_priority, report_denominator, issue_description) VALUES (426, 'HL7 MSH', 'character set', 'is deprecated', '', 'W', 'May', 'Message Count', '');
INSERT INTO dqa_potential_issue(issue_id, target_object, target_field, issue_type, field_value, default_action_code, change_priority, report_denominator, issue_description) VALUES (427, 'HL7 MSH', 'character set', 'is ignored', '', 'S', 'May', 'Message Count', '');
INSERT INTO dqa_potential_issue(issue_id, target_object, target_field, issue_type, field_value, default_action_code, change_priority, report_denominator, issue_description) VALUES (428, 'HL7 MSH', 'character set', 'is invalid', '', 'W', 'May', 'Message Count', '');
INSERT INTO dqa_potential_issue(issue_id, target_object, target_field, issue_type, field_value, default_action_code, change_priority, report_denominator, issue_description) VALUES (429, 'HL7 MSH', 'character set', 'is missing', '', 'A', 'May', 'Message Count', '');
INSERT INTO dqa_potential_issue(issue_id, target_object, target_field, issue_type, field_value, default_action_code, change_priority, report_denominator, issue_description) VALUES (430, 'HL7 MSH', 'character set', 'is unrecognized', '', 'W', 'May', 'Message Count', '');
INSERT INTO dqa_potential_issue(issue_id, target_object, target_field, issue_type, field_value, default_action_code, change_priority, report_denominator, issue_description) VALUES (421, 'HL7 MSH', 'country code', 'is deprecated', '', 'W', 'May', 'Message Count', '');
INSERT INTO dqa_potential_issue(issue_id, target_object, target_field, issue_type, field_value, default_action_code, change_priority, report_denominator, issue_description) VALUES (422, 'HL7 MSH', 'country code', 'is ignored', '', 'S', 'May', 'Message Count', '');
INSERT INTO dqa_potential_issue(issue_id, target_object, target_field, issue_type, field_value, default_action_code, change_priority, report_denominator, issue_description) VALUES (423, 'HL7 MSH', 'country code', 'is invalid', '', 'W', 'May', 'Message Count', '');
INSERT INTO dqa_potential_issue(issue_id, target_object, target_field, issue_type, field_value, default_action_code, change_priority, report_denominator, issue_description) VALUES (424, 'HL7 MSH', 'country code', 'is missing', '', 'A', 'May', 'Message Count', '');
INSERT INTO dqa_potential_issue(issue_id, target_object, target_field, issue_type, field_value, default_action_code, change_priority, report_denominator, issue_description) VALUES (425, 'HL7 MSH', 'country code', 'is unrecognized', '', 'W', 'May', 'Message Count', '');
INSERT INTO dqa_potential_issue(issue_id, target_object, target_field, issue_type, field_value, default_action_code, change_priority, report_denominator, issue_description) VALUES (11, 'HL7 MSH', 'encoding character', 'is invalid', '', 'E', 'Blocked', 'Message Count', '');
INSERT INTO dqa_potential_issue(issue_id, target_object, target_field, issue_type, field_value, default_action_code, change_priority, report_denominator, issue_description) VALUES (12, 'HL7 MSH', 'encoding character', 'is missing', '', 'E', 'Blocked', 'Message Count', '');
INSERT INTO dqa_potential_issue(issue_id, target_object, target_field, issue_type, field_value, default_action_code, change_priority, report_denominator, issue_description) VALUES (13, 'HL7 MSH', 'encoding character', 'is non-standard', '', 'E', 'May', 'Message Count', '');
INSERT INTO dqa_potential_issue(issue_id, target_object, target_field, issue_type, field_value, default_action_code, change_priority, report_denominator, issue_description) VALUES (14, 'HL7 MSH', 'message control id', 'is missing', '', 'E', 'May', 'Message Count', '');
INSERT INTO dqa_potential_issue(issue_id, target_object, target_field, issue_type, field_value, default_action_code, change_priority, report_denominator, issue_description) VALUES (15, 'HL7 MSH', 'message date', 'is in future', '', 'E', 'May', 'Message Count', '');
INSERT INTO dqa_potential_issue(issue_id, target_object, target_field, issue_type, field_value, default_action_code, change_priority, report_denominator, issue_description) VALUES (16, 'HL7 MSH', 'message date', 'is invalid', '', 'E', 'May', 'Message Count', '');
INSERT INTO dqa_potential_issue(issue_id, target_object, target_field, issue_type, field_value, default_action_code, change_priority, report_denominator, issue_description) VALUES (17, 'HL7 MSH', 'message date', 'is missing', '', 'E', 'May', 'Message Count', '');
INSERT INTO dqa_potential_issue(issue_id, target_object, target_field, issue_type, field_value, default_action_code, change_priority, report_denominator, issue_description) VALUES (436, 'HL7 MSH', 'message profile id', 'is deprecated', '', 'W', 'May', 'Message Count', '');
INSERT INTO dqa_potential_issue(issue_id, target_object, target_field, issue_type, field_value, default_action_code, change_priority, report_denominator, issue_description) VALUES (437, 'HL7 MSH', 'message profile id', 'is ignored', '', 'S', 'May', 'Message Count', '');
INSERT INTO dqa_potential_issue(issue_id, target_object, target_field, issue_type, field_value, default_action_code, change_priority, report_denominator, issue_description) VALUES (438, 'HL7 MSH', 'message profile id', 'is invalid', '', 'W', 'May', 'Message Count', '');
INSERT INTO dqa_potential_issue(issue_id, target_object, target_field, issue_type, field_value, default_action_code, change_priority, report_denominator, issue_description) VALUES (439, 'HL7 MSH', 'message profile id', 'is missing', '', 'A', 'May', 'Message Count', '');
INSERT INTO dqa_potential_issue(issue_id, target_object, target_field, issue_type, field_value, default_action_code, change_priority, report_denominator, issue_description) VALUES (440, 'HL7 MSH', 'message profile id', 'is unrecognized', '', 'W', 'May', 'Message Count', '');
INSERT INTO dqa_potential_issue(issue_id, target_object, target_field, issue_type, field_value, default_action_code, change_priority, report_denominator, issue_description) VALUES (391, 'HL7 MSH', 'message structure', 'is missing', '', 'E', 'May', 'Message Count', '');
INSERT INTO dqa_potential_issue(issue_id, target_object, target_field, issue_type, field_value, default_action_code, change_priority, report_denominator, issue_description) VALUES (392, 'HL7 MSH', 'message structure', 'is unrecognized', '', 'E', 'May', 'Message Count', '');
INSERT INTO dqa_potential_issue(issue_id, target_object, target_field, issue_type, field_value, default_action_code, change_priority, report_denominator, issue_description) VALUES (18, 'HL7 MSH', 'message trigger', 'is missing', '', 'E', 'May', 'Message Count', '');
INSERT INTO dqa_potential_issue(issue_id, target_object, target_field, issue_type, field_value, default_action_code, change_priority, report_denominator, issue_description) VALUES (19, 'HL7 MSH', 'message trigger', 'is unrecognized', '', 'E', 'May', 'Message Count', '');
INSERT INTO dqa_potential_issue(issue_id, target_object, target_field, issue_type, field_value, default_action_code, change_priority, report_denominator, issue_description) VALUES (20, 'HL7 MSH', 'message type', 'is missing', '', 'E', 'May', 'Message Count', '');
INSERT INTO dqa_potential_issue(issue_id, target_object, target_field, issue_type, field_value, default_action_code, change_priority, report_denominator, issue_description) VALUES (21, 'HL7 MSH', 'message type', 'is unrecognized', '', 'E', 'Blocked', 'Message Count', '');
INSERT INTO dqa_potential_issue(issue_id, target_object, target_field, issue_type, field_value, default_action_code, change_priority, report_denominator, issue_description) VALUES (22, 'HL7 MSH', 'message type', 'is unsupported', '', 'E', 'Blocked', 'Message Count', '');
INSERT INTO dqa_potential_issue(issue_id, target_object, target_field, issue_type, field_value, default_action_code, change_priority, report_denominator, issue_description) VALUES (403, 'HL7 MSH', 'processing id', 'is deprecated', '', 'W', 'May', 'Message Count', '');
INSERT INTO dqa_potential_issue(issue_id, target_object, target_field, issue_type, field_value, default_action_code, change_priority, report_denominator, issue_description) VALUES (404, 'HL7 MSH', 'processing id', 'is ignored', '', 'S', 'May', 'Message Count', '');
INSERT INTO dqa_potential_issue(issue_id, target_object, target_field, issue_type, field_value, default_action_code, change_priority, report_denominator, issue_description) VALUES (402, 'HL7 MSH', 'processing id', 'is invalid', '', 'E', 'May', 'Message Count', '');
INSERT INTO dqa_potential_issue(issue_id, target_object, target_field, issue_type, field_value, default_action_code, change_priority, report_denominator, issue_description) VALUES (23, 'HL7 MSH', 'processing id', 'is missing', '', 'E', 'May', 'Message Count', '');
INSERT INTO dqa_potential_issue(issue_id, target_object, target_field, issue_type, field_value, default_action_code, change_priority, report_denominator, issue_description) VALUES (401, 'HL7 MSH', 'processing id', 'is unrecognized', '', 'E', 'May', 'Message Count', '');
INSERT INTO dqa_potential_issue(issue_id, target_object, target_field, issue_type, field_value, default_action_code, change_priority, report_denominator, issue_description) VALUES (24, 'HL7 MSH', 'processing id', 'is valued as', 'debug', 'W', 'May', 'Message Count', '');
INSERT INTO dqa_potential_issue(issue_id, target_object, target_field, issue_type, field_value, default_action_code, change_priority, report_denominator, issue_description) VALUES (25, 'HL7 MSH', 'processing id', 'is valued as', 'production', 'A', 'May', 'Message Count', '');
INSERT INTO dqa_potential_issue(issue_id, target_object, target_field, issue_type, field_value, default_action_code, change_priority, report_denominator, issue_description) VALUES (26, 'HL7 MSH', 'processing id', 'is valued as', 'training', 'W', 'May', 'Message Count', '');
INSERT INTO dqa_potential_issue(issue_id, target_object, target_field, issue_type, field_value, default_action_code, change_priority, report_denominator, issue_description) VALUES (29, 'HL7 MSH', 'receiving application', 'is invalid', '', 'W', 'May', 'Message Count', '');
INSERT INTO dqa_potential_issue(issue_id, target_object, target_field, issue_type, field_value, default_action_code, change_priority, report_denominator, issue_description) VALUES (30, 'HL7 MSH', 'receiving application', 'is missing', '', 'A', 'May', 'Message Count', '');
INSERT INTO dqa_potential_issue(issue_id, target_object, target_field, issue_type, field_value, default_action_code, change_priority, report_denominator, issue_description) VALUES (31, 'HL7 MSH', 'receiving facility', 'is invalid', '', 'W', 'May', 'Message Count', '');
INSERT INTO dqa_potential_issue(issue_id, target_object, target_field, issue_type, field_value, default_action_code, change_priority, report_denominator, issue_description) VALUES (32, 'HL7 MSH', 'receiving facility', 'is missing', '', 'A', 'May', 'Message Count', '');
INSERT INTO dqa_potential_issue(issue_id, target_object, target_field, issue_type, field_value, default_action_code, change_priority, report_denominator, issue_description) VALUES (33, 'HL7 MSH', 'segment', 'is missing', '', 'E', 'Blocked', 'Message Count', '');
INSERT INTO dqa_potential_issue(issue_id, target_object, target_field, issue_type, field_value, default_action_code, change_priority, report_denominator, issue_description) VALUES (34, 'HL7 MSH', 'sending application', 'is invalid', '', 'W', 'May', 'Message Count', '');
INSERT INTO dqa_potential_issue(issue_id, target_object, target_field, issue_type, field_value, default_action_code, change_priority, report_denominator, issue_description) VALUES (35, 'HL7 MSH', 'sending application', 'is missing', '', 'A', 'May', 'Message Count', '');
INSERT INTO dqa_potential_issue(issue_id, target_object, target_field, issue_type, field_value, default_action_code, change_priority, report_denominator, issue_description) VALUES (36, 'HL7 MSH', 'sending facility', 'is invalid', '', 'W', 'May', 'Message Count', '');
INSERT INTO dqa_potential_issue(issue_id, target_object, target_field, issue_type, field_value, default_action_code, change_priority, report_denominator, issue_description) VALUES (37, 'HL7 MSH', 'sending facility', 'is missing', '', 'A', 'May', 'Message Count', '');
INSERT INTO dqa_potential_issue(issue_id, target_object, target_field, issue_type, field_value, default_action_code, change_priority, report_denominator, issue_description) VALUES (38, 'HL7 MSH', 'version', 'is missing', '', 'E', 'May', 'Message Count', '');
INSERT INTO dqa_potential_issue(issue_id, target_object, target_field, issue_type, field_value, default_action_code, change_priority, report_denominator, issue_description) VALUES (39, 'HL7 MSH', 'version', 'is unrecognized', '', 'E', 'May', 'Message Count', '');
INSERT INTO dqa_potential_issue(issue_id, target_object, target_field, issue_type, field_value, default_action_code, change_priority, report_denominator, issue_description) VALUES (40, 'HL7 MSH', 'version', 'is valued as', '2.3.1', 'A', 'May', 'Message Count', '');
INSERT INTO dqa_potential_issue(issue_id, target_object, target_field, issue_type, field_value, default_action_code, change_priority, report_denominator, issue_description) VALUES (41, 'HL7 MSH', 'version', 'is valued as', '2.4', 'A', 'May', 'Message Count', '');
INSERT INTO dqa_potential_issue(issue_id, target_object, target_field, issue_type, field_value, default_action_code, change_priority, report_denominator, issue_description) VALUES (42, 'HL7 MSH', 'version', 'is valued as', '2.5', 'A', 'May', 'Message Count', '');
INSERT INTO dqa_potential_issue(issue_id, target_object, target_field, issue_type, field_value, default_action_code, change_priority, report_denominator, issue_description) VALUES (43, 'HL7 NK1', 'segment', 'is missing', '', 'W', 'Should', 'NextOfKin Count', '');
INSERT INTO dqa_potential_issue(issue_id, target_object, target_field, issue_type, field_value, default_action_code, change_priority, report_denominator, issue_description) VALUES (44, 'HL7 NK1', 'segment', 'is repeated', '', 'A', 'May', 'NextOfKin Count', '');
INSERT INTO dqa_potential_issue(issue_id, target_object, target_field, issue_type, field_value, default_action_code, change_priority, report_denominator, issue_description) VALUES (368, 'HL7 NK1', 'set id', 'is missing', '', 'S', 'May', 'NextOfKin Count', '');
INSERT INTO dqa_potential_issue(issue_id, target_object, target_field, issue_type, field_value, default_action_code, change_priority, report_denominator, issue_description) VALUES (45, 'HL7 OBX', 'segment', 'is missing', '', 'A', 'May', 'Observation Count', '');
INSERT INTO dqa_potential_issue(issue_id, target_object, target_field, issue_type, field_value, default_action_code, change_priority, report_denominator, issue_description) VALUES (46, 'HL7 ORC', 'segment', 'is missing', '', 'S', 'May', 'Vaccination Count', '');
INSERT INTO dqa_potential_issue(issue_id, target_object, target_field, issue_type, field_value, default_action_code, change_priority, report_denominator, issue_description) VALUES (47, 'HL7 ORC', 'segment', 'is repeated', '', 'E', 'May', 'Message Count', '');
INSERT INTO dqa_potential_issue(issue_id, target_object, target_field, issue_type, field_value, default_action_code, change_priority, report_denominator, issue_description) VALUES (48, 'HL7 PD1', 'segment', 'is missing', '', 'A', 'May', 'Message Count', '');
INSERT INTO dqa_potential_issue(issue_id, target_object, target_field, issue_type, field_value, default_action_code, change_priority, report_denominator, issue_description) VALUES (49, 'HL7 PID', 'segment', 'is missing', '', 'E', 'Blocked', 'Message Count', '');
INSERT INTO dqa_potential_issue(issue_id, target_object, target_field, issue_type, field_value, default_action_code, change_priority, report_denominator, issue_description) VALUES (50, 'HL7 PID', 'segment', 'is repeated', '', 'W', 'May', 'Message Count', '');
INSERT INTO dqa_potential_issue(issue_id, target_object, target_field, issue_type, field_value, default_action_code, change_priority, report_denominator, issue_description) VALUES (51, 'HL7 PV1', 'segment', 'is missing', '', 'W', 'May', 'Message Count', '');
INSERT INTO dqa_potential_issue(issue_id, target_object, target_field, issue_type, field_value, default_action_code, change_priority, report_denominator, issue_description) VALUES (400, 'HL7 PV1', 'segment', 'is repeated', '', 'W', 'May', 'Message Count', '');
INSERT INTO dqa_potential_issue(issue_id, target_object, target_field, issue_type, field_value, default_action_code, change_priority, report_denominator, issue_description) VALUES (390, 'HL7 RXA', 'admin sub id counter', 'is missing', '', 'S', 'May', 'Vaccination Count', '');
INSERT INTO dqa_potential_issue(issue_id, target_object, target_field, issue_type, field_value, default_action_code, change_priority, report_denominator, issue_description) VALUES (389, 'HL7 RXA', 'give sub id', 'is missing', '', 'S', 'May', 'Vaccination Count', '');
INSERT INTO dqa_potential_issue(issue_id, target_object, target_field, issue_type, field_value, default_action_code, change_priority, report_denominator, issue_description) VALUES (52, 'HL7 RXA', 'segment', 'is missing', '', 'S', 'Can', 'Message Count', '');
INSERT INTO dqa_potential_issue(issue_id, target_object, target_field, issue_type, field_value, default_action_code, change_priority, report_denominator, issue_description) VALUES (53, 'HL7 RXA', 'segment', 'is repeated', '', 'A', 'Can', 'Message Count', '');
INSERT INTO dqa_potential_issue(issue_id, target_object, target_field, issue_type, field_value, default_action_code, change_priority, report_denominator, issue_description) VALUES (54, 'HL7 RXR', 'segment', 'is missing', '', 'A', 'May', 'Vaccination Count', '');
INSERT INTO dqa_potential_issue(issue_id, target_object, target_field, issue_type, field_value, default_action_code, change_priority, report_denominator, issue_description) VALUES (55, 'HL7 RXR', 'segment', 'is repeated', '', 'A', 'May', 'Vaccination Count', '');
INSERT INTO dqa_potential_issue(issue_id, target_object, target_field, issue_type, field_value, default_action_code, change_priority, report_denominator, issue_description) VALUES (56, 'Next-of-kin', 'address', 'is different from patient address', '', 'A', 'May', 'NextOfKin Count', '');
INSERT INTO dqa_potential_issue(issue_id, target_object, target_field, issue_type, field_value, default_action_code, change_priority, report_denominator, issue_description) VALUES (57, 'Next-of-kin', 'address', 'is missing', '', 'A', 'May', 'NextOfKin Count', '');
INSERT INTO dqa_potential_issue(issue_id, target_object, target_field, issue_type, field_value, default_action_code, change_priority, report_denominator, issue_description) VALUES (58, 'Next-of-kin', 'address city', 'is invalid', '', 'W', 'May', 'NextOfKin Count', '');
INSERT INTO dqa_potential_issue(issue_id, target_object, target_field, issue_type, field_value, default_action_code, change_priority, report_denominator, issue_description) VALUES (59, 'Next-of-kin', 'address city', 'is missing', '', 'A', 'May', 'NextOfKin Count', '');
INSERT INTO dqa_potential_issue(issue_id, target_object, target_field, issue_type, field_value, default_action_code, change_priority, report_denominator, issue_description) VALUES (60, 'Next-of-kin', 'address country', 'is deprecated', '', 'W', 'May', 'NextOfKin Count', '');
INSERT INTO dqa_potential_issue(issue_id, target_object, target_field, issue_type, field_value, default_action_code, change_priority, report_denominator, issue_description) VALUES (61, 'Next-of-kin', 'address country', 'is ignored', '', 'S', 'May', 'NextOfKin Count', '');
INSERT INTO dqa_potential_issue(issue_id, target_object, target_field, issue_type, field_value, default_action_code, change_priority, report_denominator, issue_description) VALUES (62, 'Next-of-kin', 'address country', 'is invalid', '', 'W', 'May', 'NextOfKin Count', '');
INSERT INTO dqa_potential_issue(issue_id, target_object, target_field, issue_type, field_value, default_action_code, change_priority, report_denominator, issue_description) VALUES (63, 'Next-of-kin', 'address country', 'is missing', '', 'A', 'May', 'NextOfKin Count', '');
INSERT INTO dqa_potential_issue(issue_id, target_object, target_field, issue_type, field_value, default_action_code, change_priority, report_denominator, issue_description) VALUES (64, 'Next-of-kin', 'address country', 'is unrecognized', '', 'W', 'May', 'NextOfKin Count', '');
INSERT INTO dqa_potential_issue(issue_id, target_object, target_field, issue_type, field_value, default_action_code, change_priority, report_denominator, issue_description) VALUES (65, 'Next-of-kin', 'address county', 'is deprecated', '', 'W', 'May', 'NextOfKin Count', '');
INSERT INTO dqa_potential_issue(issue_id, target_object, target_field, issue_type, field_value, default_action_code, change_priority, report_denominator, issue_description) VALUES (66, 'Next-of-kin', 'address county', 'is ignored', '', 'S', 'May', 'NextOfKin Count', '');
INSERT INTO dqa_potential_issue(issue_id, target_object, target_field, issue_type, field_value, default_action_code, change_priority, report_denominator, issue_description) VALUES (67, 'Next-of-kin', 'address county', 'is invalid', '', 'W', 'May', 'NextOfKin Count', '');
INSERT INTO dqa_potential_issue(issue_id, target_object, target_field, issue_type, field_value, default_action_code, change_priority, report_denominator, issue_description) VALUES (68, 'Next-of-kin', 'address county', 'is missing', '', 'A', 'May', 'NextOfKin Count', '');
INSERT INTO dqa_potential_issue(issue_id, target_object, target_field, issue_type, field_value, default_action_code, change_priority, report_denominator, issue_description) VALUES (69, 'Next-of-kin', 'address county', 'is unrecognized', '', 'W', 'May', 'NextOfKin Count', '');
INSERT INTO dqa_potential_issue(issue_id, target_object, target_field, issue_type, field_value, default_action_code, change_priority, report_denominator, issue_description) VALUES (70, 'Next-of-kin', 'address state', 'is deprecated', '', 'W', 'May', 'NextOfKin Count', '');
INSERT INTO dqa_potential_issue(issue_id, target_object, target_field, issue_type, field_value, default_action_code, change_priority, report_denominator, issue_description) VALUES (71, 'Next-of-kin', 'address state', 'is ignored', '', 'S', 'May', 'NextOfKin Count', '');
INSERT INTO dqa_potential_issue(issue_id, target_object, target_field, issue_type, field_value, default_action_code, change_priority, report_denominator, issue_description) VALUES (72, 'Next-of-kin', 'address state', 'is invalid', '', 'W', 'May', 'NextOfKin Count', '');
INSERT INTO dqa_potential_issue(issue_id, target_object, target_field, issue_type, field_value, default_action_code, change_priority, report_denominator, issue_description) VALUES (73, 'Next-of-kin', 'address state', 'is missing', '', 'A', 'May', 'NextOfKin Count', '');
INSERT INTO dqa_potential_issue(issue_id, target_object, target_field, issue_type, field_value, default_action_code, change_priority, report_denominator, issue_description) VALUES (74, 'Next-of-kin', 'address state', 'is unrecognized', '', 'W', 'May', 'NextOfKin Count', '');
INSERT INTO dqa_potential_issue(issue_id, target_object, target_field, issue_type, field_value, default_action_code, change_priority, report_denominator, issue_description) VALUES (75, 'Next-of-kin', 'address street', 'is missing', '', 'A', 'May', 'NextOfKin Count', '');
INSERT INTO dqa_potential_issue(issue_id, target_object, target_field, issue_type, field_value, default_action_code, change_priority, report_denominator, issue_description) VALUES (76, 'Next-of-kin', 'address street2', 'is missing', '', 'A', 'May', 'NextOfKin Count', '');
INSERT INTO dqa_potential_issue(issue_id, target_object, target_field, issue_type, field_value, default_action_code, change_priority, report_denominator, issue_description) VALUES (395, 'Next-of-kin', 'address type', 'is deprecated', '', 'W', 'May', 'NextOfKin Count', '');
INSERT INTO dqa_potential_issue(issue_id, target_object, target_field, issue_type, field_value, default_action_code, change_priority, report_denominator, issue_description) VALUES (396, 'Next-of-kin', 'address type', 'is ignored', '', 'S', 'May', 'NextOfKin Count', '');
INSERT INTO dqa_potential_issue(issue_id, target_object, target_field, issue_type, field_value, default_action_code, change_priority, report_denominator, issue_description) VALUES (397, 'Next-of-kin', 'address type', 'is invalid', '', 'W', 'May', 'NextOfKin Count', '');
INSERT INTO dqa_potential_issue(issue_id, target_object, target_field, issue_type, field_value, default_action_code, change_priority, report_denominator, issue_description) VALUES (398, 'Next-of-kin', 'address type', 'is missing', '', 'W', 'May', 'NextOfKin Count', '');
INSERT INTO dqa_potential_issue(issue_id, target_object, target_field, issue_type, field_value, default_action_code, change_priority, report_denominator, issue_description) VALUES (399, 'Next-of-kin', 'address type', 'is unrecognized', '', 'W', 'May', 'NextOfKin Count', '');
INSERT INTO dqa_potential_issue(issue_id, target_object, target_field, issue_type, field_value, default_action_code, change_priority, report_denominator, issue_description) VALUES (77, 'Next-of-kin', 'address zip', 'is invalid', '', 'W', 'May', 'NextOfKin Count', '');
INSERT INTO dqa_potential_issue(issue_id, target_object, target_field, issue_type, field_value, default_action_code, change_priority, report_denominator, issue_description) VALUES (78, 'Next-of-kin', 'address zip', 'is missing', '', 'A', 'May', 'NextOfKin Count', '');
INSERT INTO dqa_potential_issue(issue_id, target_object, target_field, issue_type, field_value, default_action_code, change_priority, report_denominator, issue_description) VALUES (79, 'Next-of-kin', 'name', 'is missing', '', 'S', 'Can', 'NextOfKin Count', '');
INSERT INTO dqa_potential_issue(issue_id, target_object, target_field, issue_type, field_value, default_action_code, change_priority, report_denominator, issue_description) VALUES (80, 'Next-of-kin', 'name first', 'is missing', '', 'S', 'Can', 'NextOfKin Count', '');
INSERT INTO dqa_potential_issue(issue_id, target_object, target_field, issue_type, field_value, default_action_code, change_priority, report_denominator, issue_description) VALUES (81, 'Next-of-kin', 'name last', 'is missing', '', 'S', 'Can', 'NextOfKin Count', '');
INSERT INTO dqa_potential_issue(issue_id, target_object, target_field, issue_type, field_value, default_action_code, change_priority, report_denominator, issue_description) VALUES (82, 'Next-of-kin', 'phone number', 'is incomplete', '', 'W', 'May', 'NextOfKin Count', '');
INSERT INTO dqa_potential_issue(issue_id, target_object, target_field, issue_type, field_value, default_action_code, change_priority, report_denominator, issue_description) VALUES (83, 'Next-of-kin', 'phone number', 'is invalid', '', 'W', 'May', 'NextOfKin Count', '');
INSERT INTO dqa_potential_issue(issue_id, target_object, target_field, issue_type, field_value, default_action_code, change_priority, report_denominator, issue_description) VALUES (84, 'Next-of-kin', 'phone number', 'is missing', '', 'A', 'Can', 'NextOfKin Count', '');
INSERT INTO dqa_potential_issue(issue_id, target_object, target_field, issue_type, field_value, default_action_code, change_priority, report_denominator, issue_description) VALUES (85, 'Next-of-kin', 'relationship', 'is deprecated', '', 'W', 'May', 'NextOfKin Count', '');
INSERT INTO dqa_potential_issue(issue_id, target_object, target_field, issue_type, field_value, default_action_code, change_priority, report_denominator, issue_description) VALUES (86, 'Next-of-kin', 'relationship', 'is ignored', '', 'S', 'May', 'NextOfKin Count', '');
INSERT INTO dqa_potential_issue(issue_id, target_object, target_field, issue_type, field_value, default_action_code, change_priority, report_denominator, issue_description) VALUES (87, 'Next-of-kin', 'relationship', 'is invalid', '', 'S', 'May', 'NextOfKin Count', '');
INSERT INTO dqa_potential_issue(issue_id, target_object, target_field, issue_type, field_value, default_action_code, change_priority, report_denominator, issue_description) VALUES (88, 'Next-of-kin', 'relationship', 'is missing', '', 'S', 'Should', 'NextOfKin Count', '');
INSERT INTO dqa_potential_issue(issue_id, target_object, target_field, issue_type, field_value, default_action_code, change_priority, report_denominator, issue_description) VALUES (89, 'Next-of-kin', 'relationship', 'is not responsible party', '', 'S', 'May', 'NextOfKin Count', '');
INSERT INTO dqa_potential_issue(issue_id, target_object, target_field, issue_type, field_value, default_action_code, change_priority, report_denominator, issue_description) VALUES (90, 'Next-of-kin', 'relationship', 'is unrecognized', '', 'S', 'May', 'NextOfKin Count', '');
INSERT INTO dqa_potential_issue(issue_id, target_object, target_field, issue_type, field_value, default_action_code, change_priority, report_denominator, issue_description) VALUES (91, 'Next-of-kin', 'SSN', 'is missing', '', 'A', 'May', 'NextOfKin Count', '');
INSERT INTO dqa_potential_issue(issue_id, target_object, target_field, issue_type, field_value, default_action_code, change_priority, report_denominator, issue_description) VALUES (92, 'Patient', 'address', 'is missing', '', 'W', 'Should', 'Patient Count', '');
INSERT INTO dqa_potential_issue(issue_id, target_object, target_field, issue_type, field_value, default_action_code, change_priority, report_denominator, issue_description) VALUES (93, 'Patient', 'address city', 'is invalid', '', 'W', 'May', 'Patient Count', '');
INSERT INTO dqa_potential_issue(issue_id, target_object, target_field, issue_type, field_value, default_action_code, change_priority, report_denominator, issue_description) VALUES (94, 'Patient', 'address city', 'is missing', '', 'W', 'May', 'Patient Count', '');
INSERT INTO dqa_potential_issue(issue_id, target_object, target_field, issue_type, field_value, default_action_code, change_priority, report_denominator, issue_description) VALUES (95, 'Patient', 'address country', 'is deprecated', '', 'W', 'May', 'Patient Count', '');
INSERT INTO dqa_potential_issue(issue_id, target_object, target_field, issue_type, field_value, default_action_code, change_priority, report_denominator, issue_description) VALUES (96, 'Patient', 'address country', 'is ignored', '', 'S', 'May', 'Patient Count', '');
INSERT INTO dqa_potential_issue(issue_id, target_object, target_field, issue_type, field_value, default_action_code, change_priority, report_denominator, issue_description) VALUES (97, 'Patient', 'address country', 'is invalid', '', 'W', 'May', 'Patient Count', '');
INSERT INTO dqa_potential_issue(issue_id, target_object, target_field, issue_type, field_value, default_action_code, change_priority, report_denominator, issue_description) VALUES (98, 'Patient', 'address country', 'is missing', '', 'A', 'May', 'Patient Count', '');
INSERT INTO dqa_potential_issue(issue_id, target_object, target_field, issue_type, field_value, default_action_code, change_priority, report_denominator, issue_description) VALUES (99, 'Patient', 'address country', 'is unrecognized', '', 'W', 'May', 'Patient Count', '');
INSERT INTO dqa_potential_issue(issue_id, target_object, target_field, issue_type, field_value, default_action_code, change_priority, report_denominator, issue_description) VALUES (100, 'Patient', 'address county', 'is deprecated', '', 'W', 'May', 'Patient Count', '');
INSERT INTO dqa_potential_issue(issue_id, target_object, target_field, issue_type, field_value, default_action_code, change_priority, report_denominator, issue_description) VALUES (101, 'Patient', 'address county', 'is ignored', '', 'S', 'May', 'Patient Count', '');
INSERT INTO dqa_potential_issue(issue_id, target_object, target_field, issue_type, field_value, default_action_code, change_priority, report_denominator, issue_description) VALUES (102, 'Patient', 'address county', 'is invalid', '', 'W', 'May', 'Patient Count', '');
INSERT INTO dqa_potential_issue(issue_id, target_object, target_field, issue_type, field_value, default_action_code, change_priority, report_denominator, issue_description) VALUES (103, 'Patient', 'address county', 'is missing', '', 'A', 'May', 'Patient Count', '');
INSERT INTO dqa_potential_issue(issue_id, target_object, target_field, issue_type, field_value, default_action_code, change_priority, report_denominator, issue_description) VALUES (104, 'Patient', 'address county', 'is unrecognized', '', 'W', 'May', 'Patient Count', '');
INSERT INTO dqa_potential_issue(issue_id, target_object, target_field, issue_type, field_value, default_action_code, change_priority, report_denominator, issue_description) VALUES (105, 'Patient', 'address state', 'is deprecated', '', 'W', 'May', 'Patient Count', '');
INSERT INTO dqa_potential_issue(issue_id, target_object, target_field, issue_type, field_value, default_action_code, change_priority, report_denominator, issue_description) VALUES (106, 'Patient', 'address state', 'is ignored', '', 'S', 'May', 'Patient Count', '');
INSERT INTO dqa_potential_issue(issue_id, target_object, target_field, issue_type, field_value, default_action_code, change_priority, report_denominator, issue_description) VALUES (107, 'Patient', 'address state', 'is invalid', '', 'W', 'May', 'Patient Count', '');
INSERT INTO dqa_potential_issue(issue_id, target_object, target_field, issue_type, field_value, default_action_code, change_priority, report_denominator, issue_description) VALUES (108, 'Patient', 'address state', 'is missing', '', 'W', 'May', 'Patient Count', '');
INSERT INTO dqa_potential_issue(issue_id, target_object, target_field, issue_type, field_value, default_action_code, change_priority, report_denominator, issue_description) VALUES (109, 'Patient', 'address state', 'is unrecognized', '', 'W', 'May', 'Patient Count', '');
INSERT INTO dqa_potential_issue(issue_id, target_object, target_field, issue_type, field_value, default_action_code, change_priority, report_denominator, issue_description) VALUES (110, 'Patient', 'address street', 'is missing', '', 'W', 'May', 'Patient Count', '');
INSERT INTO dqa_potential_issue(issue_id, target_object, target_field, issue_type, field_value, default_action_code, change_priority, report_denominator, issue_description) VALUES (111, 'Patient', 'address street2', 'is missing', '', 'A', 'Can', 'Patient Count', '');
INSERT INTO dqa_potential_issue(issue_id, target_object, target_field, issue_type, field_value, default_action_code, change_priority, report_denominator, issue_description) VALUES (451, 'Patient', 'address type', 'is missing', '', 'A', 'Can', 'Patient Count', '');
INSERT INTO dqa_potential_issue(issue_id, target_object, target_field, issue_type, field_value, default_action_code, change_priority, report_denominator, issue_description) VALUES (112, 'Patient', 'address zip', 'is invalid', '', 'W', 'May', 'Patient Count', '');
INSERT INTO dqa_potential_issue(issue_id, target_object, target_field, issue_type, field_value, default_action_code, change_priority, report_denominator, issue_description) VALUES (113, 'Patient', 'address zip', 'is missing', '', 'W', 'May', 'Patient Count', '');
INSERT INTO dqa_potential_issue(issue_id, target_object, target_field, issue_type, field_value, default_action_code, change_priority, report_denominator, issue_description) VALUES (114, 'Patient', 'alias', 'is missing', '', 'A', 'May', 'Patient Count', '');
INSERT INTO dqa_potential_issue(issue_id, target_object, target_field, issue_type, field_value, default_action_code, change_priority, report_denominator, issue_description) VALUES (115, 'Patient', 'birth date', 'is after submission', '', 'E', 'Blocked', 'Patient Count', '');
INSERT INTO dqa_potential_issue(issue_id, target_object, target_field, issue_type, field_value, default_action_code, change_priority, report_denominator, issue_description) VALUES (116, 'Patient', 'birth date', 'is in future', '', 'E', 'Blocked', 'Patient Count', '');
INSERT INTO dqa_potential_issue(issue_id, target_object, target_field, issue_type, field_value, default_action_code, change_priority, report_denominator, issue_description) VALUES (117, 'Patient', 'birth date', 'is invalid', '', 'E', 'Blocked', 'Patient Count', '');
INSERT INTO dqa_potential_issue(issue_id, target_object, target_field, issue_type, field_value, default_action_code, change_priority, report_denominator, issue_description) VALUES (118, 'Patient', 'birth date', 'is missing', '', 'E', 'Blocked', 'Patient Count', '');
INSERT INTO dqa_potential_issue(issue_id, target_object, target_field, issue_type, field_value, default_action_code, change_priority, report_denominator, issue_description) VALUES (119, 'Patient', 'birth date', 'is underage', '', 'A', 'May', 'Patient Count', '');
INSERT INTO dqa_potential_issue(issue_id, target_object, target_field, issue_type, field_value, default_action_code, change_priority, report_denominator, issue_description) VALUES (120, 'Patient', 'birth date', 'is very long ago', '', 'E', 'Blocked', 'Patient Count', '');
INSERT INTO dqa_potential_issue(issue_id, target_object, target_field, issue_type, field_value, default_action_code, change_priority, report_denominator, issue_description) VALUES (121, 'Patient', 'birth indicator', 'is invalid', '', 'W', 'May', 'Patient Count', '');
INSERT INTO dqa_potential_issue(issue_id, target_object, target_field, issue_type, field_value, default_action_code, change_priority, report_denominator, issue_description) VALUES (122, 'Patient', 'birth indicator', 'is missing', '', 'A', 'Should', 'Patient Count', '');
INSERT INTO dqa_potential_issue(issue_id, target_object, target_field, issue_type, field_value, default_action_code, change_priority, report_denominator, issue_description) VALUES (123, 'Patient', 'birth order', 'is invalid', '', 'W', 'May', 'Patient Count', '');
INSERT INTO dqa_potential_issue(issue_id, target_object, target_field, issue_type, field_value, default_action_code, change_priority, report_denominator, issue_description) VALUES (124, 'Patient', 'birth order', 'is missing', '', 'A', 'Should', 'Patient Count', '');
INSERT INTO dqa_potential_issue(issue_id, target_object, target_field, issue_type, field_value, default_action_code, change_priority, report_denominator, issue_description) VALUES (125, 'Patient', 'birth order', 'is missing and multiple birth indicated', '', 'W', 'May', 'Patient Count', '');
INSERT INTO dqa_potential_issue(issue_id, target_object, target_field, issue_type, field_value, default_action_code, change_priority, report_denominator, issue_description) VALUES (126, 'Patient', 'birth place', 'is missing', '', 'A', 'May', 'Patient Count', '');
INSERT INTO dqa_potential_issue(issue_id, target_object, target_field, issue_type, field_value, default_action_code, change_priority, report_denominator, issue_description) VALUES (127, 'Patient', 'birth registry id', 'is invalid', '', 'W', 'May', 'Patient Count', '');
INSERT INTO dqa_potential_issue(issue_id, target_object, target_field, issue_type, field_value, default_action_code, change_priority, report_denominator, issue_description) VALUES (128, 'Patient', 'birth registry id', 'is missing', '', 'A', 'May', 'Patient Count', '');
INSERT INTO dqa_potential_issue(issue_id, target_object, target_field, issue_type, field_value, default_action_code, change_priority, report_denominator, issue_description) VALUES (374, 'Patient', 'class', 'is deprecated', '', 'W', 'May', 'Patient Count', '');
INSERT INTO dqa_potential_issue(issue_id, target_object, target_field, issue_type, field_value, default_action_code, change_priority, report_denominator, issue_description) VALUES (375, 'Patient', 'class', 'is ignored', '', 'S', 'May', 'Patient Count', '');
INSERT INTO dqa_potential_issue(issue_id, target_object, target_field, issue_type, field_value, default_action_code, change_priority, report_denominator, issue_description) VALUES (376, 'Patient', 'class', 'is invalid', '', 'E', 'May', 'Patient Count', '');
INSERT INTO dqa_potential_issue(issue_id, target_object, target_field, issue_type, field_value, default_action_code, change_priority, report_denominator, issue_description) VALUES (377, 'Patient', 'class', 'is missing', '', 'S', 'May', 'Patient Count', '');
INSERT INTO dqa_potential_issue(issue_id, target_object, target_field, issue_type, field_value, default_action_code, change_priority, report_denominator, issue_description) VALUES (378, 'Patient', 'class', 'is unrecognized', '', 'W', 'May', 'Patient Count', '');
INSERT INTO dqa_potential_issue(issue_id, target_object, target_field, issue_type, field_value, default_action_code, change_priority, report_denominator, issue_description) VALUES (129, 'Patient', 'death date', 'is before birth', '', 'E', 'Blocked', 'Patient Count', '');
INSERT INTO dqa_potential_issue(issue_id, target_object, target_field, issue_type, field_value, default_action_code, change_priority, report_denominator, issue_description) VALUES (130, 'Patient', 'death date', 'is in future', '', 'E', 'Blocked', 'Patient Count', '');
INSERT INTO dqa_potential_issue(issue_id, target_object, target_field, issue_type, field_value, default_action_code, change_priority, report_denominator, issue_description) VALUES (131, 'Patient', 'death date', 'is invalid', '', 'E', 'Blocked', 'Patient Count', '');
INSERT INTO dqa_potential_issue(issue_id, target_object, target_field, issue_type, field_value, default_action_code, change_priority, report_denominator, issue_description) VALUES (132, 'Patient', 'death date', 'is missing', '', 'A', 'May', 'Patient Count', '');
INSERT INTO dqa_potential_issue(issue_id, target_object, target_field, issue_type, field_value, default_action_code, change_priority, report_denominator, issue_description) VALUES (133, 'Patient', 'death indicator', 'is inconsistent', '', 'W', 'May', 'Patient Count', '');
INSERT INTO dqa_potential_issue(issue_id, target_object, target_field, issue_type, field_value, default_action_code, change_priority, report_denominator, issue_description) VALUES (134, 'Patient', 'death indicator', 'is missing', '', 'A', 'May', 'Patient Count', '');
INSERT INTO dqa_potential_issue(issue_id, target_object, target_field, issue_type, field_value, default_action_code, change_priority, report_denominator, issue_description) VALUES (135, 'Patient', 'ethnicity', 'is deprecated', '', 'W', 'May', 'Patient Count', '');
INSERT INTO dqa_potential_issue(issue_id, target_object, target_field, issue_type, field_value, default_action_code, change_priority, report_denominator, issue_description) VALUES (136, 'Patient', 'ethnicity', 'is ignored', '', 'S', 'May', 'Patient Count', '');
INSERT INTO dqa_potential_issue(issue_id, target_object, target_field, issue_type, field_value, default_action_code, change_priority, report_denominator, issue_description) VALUES (137, 'Patient', 'ethnicity', 'is invalid', '', 'W', 'May', 'Patient Count', '');
INSERT INTO dqa_potential_issue(issue_id, target_object, target_field, issue_type, field_value, default_action_code, change_priority, report_denominator, issue_description) VALUES (138, 'Patient', 'ethnicity', 'is missing', '', 'A', 'Should', 'Patient Count', '');
INSERT INTO dqa_potential_issue(issue_id, target_object, target_field, issue_type, field_value, default_action_code, change_priority, report_denominator, issue_description) VALUES (139, 'Patient', 'ethnicity', 'is unrecognized', '', 'W', 'May', 'Patient Count', '');
INSERT INTO dqa_potential_issue(issue_id, target_object, target_field, issue_type, field_value, default_action_code, change_priority, report_denominator, issue_description) VALUES (143, 'Patient', 'gender', 'is deprecated', '', 'W', 'May', 'Patient Count', '');
INSERT INTO dqa_potential_issue(issue_id, target_object, target_field, issue_type, field_value, default_action_code, change_priority, report_denominator, issue_description) VALUES (144, 'Patient', 'gender', 'is ignored', '', 'S', 'May', 'Patient Count', '');
INSERT INTO dqa_potential_issue(issue_id, target_object, target_field, issue_type, field_value, default_action_code, change_priority, report_denominator, issue_description) VALUES (145, 'Patient', 'gender', 'is invalid', '', 'E', 'May', 'Patient Count', '');
INSERT INTO dqa_potential_issue(issue_id, target_object, target_field, issue_type, field_value, default_action_code, change_priority, report_denominator, issue_description) VALUES (146, 'Patient', 'gender', 'is missing', '', 'W', 'Blocked', 'Patient Count', '');
INSERT INTO dqa_potential_issue(issue_id, target_object, target_field, issue_type, field_value, default_action_code, change_priority, report_denominator, issue_description) VALUES (147, 'Patient', 'gender', 'is unrecognized', '', 'W', 'May', 'Patient Count', '');
INSERT INTO dqa_potential_issue(issue_id, target_object, target_field, issue_type, field_value, default_action_code, change_priority, report_denominator, issue_description) VALUES (148, 'Patient', 'guardian address', 'is missing', '', 'A', 'May', 'Patient Underage Count', '');
INSERT INTO dqa_potential_issue(issue_id, target_object, target_field, issue_type, field_value, default_action_code, change_priority, report_denominator, issue_description) VALUES (149, 'Patient', 'guardian address city', 'is missing', '', 'A', 'May', 'Patient Underage Count', '');
INSERT INTO dqa_potential_issue(issue_id, target_object, target_field, issue_type, field_value, default_action_code, change_priority, report_denominator, issue_description) VALUES (150, 'Patient', 'guardian address state', 'is missing', '', 'A', 'May', 'Patient Underage Count', '');
INSERT INTO dqa_potential_issue(issue_id, target_object, target_field, issue_type, field_value, default_action_code, change_priority, report_denominator, issue_description) VALUES (151, 'Patient', 'guardian address street', 'is missing', '', 'A', 'May', 'Patient Underage Count', '');
INSERT INTO dqa_potential_issue(issue_id, target_object, target_field, issue_type, field_value, default_action_code, change_priority, report_denominator, issue_description) VALUES (152, 'Patient', 'guardian address zip', 'is missing', '', 'A', 'May', 'Patient Underage Count', '');
INSERT INTO dqa_potential_issue(issue_id, target_object, target_field, issue_type, field_value, default_action_code, change_priority, report_denominator, issue_description) VALUES (155, 'Patient', 'guardian name', 'is missing', '', 'W', 'May', 'Patient Underage Count', '');
INSERT INTO dqa_potential_issue(issue_id, target_object, target_field, issue_type, field_value, default_action_code, change_priority, report_denominator, issue_description) VALUES (156, 'Patient', 'guardian name', 'is same as underage patient', '', 'A', 'May', 'Patient Underage Count', '');
INSERT INTO dqa_potential_issue(issue_id, target_object, target_field, issue_type, field_value, default_action_code, change_priority, report_denominator, issue_description) VALUES (153, 'Patient', 'guardian name first', 'is missing', '', 'W', 'May', 'Patient Underage Count', '');
INSERT INTO dqa_potential_issue(issue_id, target_object, target_field, issue_type, field_value, default_action_code, change_priority, report_denominator, issue_description) VALUES (154, 'Patient', 'guardian name last', 'is missing', '', 'W', 'May', 'Patient Underage Count', '');
INSERT INTO dqa_potential_issue(issue_id, target_object, target_field, issue_type, field_value, default_action_code, change_priority, report_denominator, issue_description) VALUES (157, 'Patient', 'guardian party', 'is missing', '', 'W', 'May', 'Patient Underage Count', '');
INSERT INTO dqa_potential_issue(issue_id, target_object, target_field, issue_type, field_value, default_action_code, change_priority, report_denominator, issue_description) VALUES (158, 'Patient', 'guardian phone', 'is missing', '', 'A', 'May', 'Patient Underage Count', '');
INSERT INTO dqa_potential_issue(issue_id, target_object, target_field, issue_type, field_value, default_action_code, change_priority, report_denominator, issue_description) VALUES (159, 'Patient', 'guardian relationship', 'is missing', '', 'W', 'May', 'Patient Underage Count', '');
INSERT INTO dqa_potential_issue(issue_id, target_object, target_field, issue_type, field_value, default_action_code, change_priority, report_denominator, issue_description) VALUES (160, 'Patient', 'immunization registry status', 'is deprecated', '', 'W', 'May', 'Patient Count', '');
INSERT INTO dqa_potential_issue(issue_id, target_object, target_field, issue_type, field_value, default_action_code, change_priority, report_denominator, issue_description) VALUES (161, 'Patient', 'immunization registry status', 'is ignored', '', 'S', 'May', 'Patient Count', '');
INSERT INTO dqa_potential_issue(issue_id, target_object, target_field, issue_type, field_value, default_action_code, change_priority, report_denominator, issue_description) VALUES (162, 'Patient', 'immunization registry status', 'is invalid', '', 'W', 'May', 'Patient Count', '');
INSERT INTO dqa_potential_issue(issue_id, target_object, target_field, issue_type, field_value, default_action_code, change_priority, report_denominator, issue_description) VALUES (163, 'Patient', 'immunization registry status', 'is missing', '', 'A', 'May', 'Patient Count', '');
INSERT INTO dqa_potential_issue(issue_id, target_object, target_field, issue_type, field_value, default_action_code, change_priority, report_denominator, issue_description) VALUES (164, 'Patient', 'immunization registry status', 'is unrecognized', '', 'W', 'May', 'Patient Count', '');
INSERT INTO dqa_potential_issue(issue_id, target_object, target_field, issue_type, field_value, default_action_code, change_priority, report_denominator, issue_description) VALUES (167, 'Patient', 'Medicaid number', 'is invalid', '', 'W', 'Can', 'Patient Count', '');
INSERT INTO dqa_potential_issue(issue_id, target_object, target_field, issue_type, field_value, default_action_code, change_priority, report_denominator, issue_description) VALUES (168, 'Patient', 'Medicaid number', 'is missing', '', 'A', 'Can', 'Patient Count', '');
INSERT INTO dqa_potential_issue(issue_id, target_object, target_field, issue_type, field_value, default_action_code, change_priority, report_denominator, issue_description) VALUES (169, 'Patient', 'middle name', 'is missing', '', 'A', 'May', 'Patient Count', '');
INSERT INTO dqa_potential_issue(issue_id, target_object, target_field, issue_type, field_value, default_action_code, change_priority, report_denominator, issue_description) VALUES (170, 'Patient', 'middle name', 'may be initial', '', 'A', 'May', 'Patient Count', '');
INSERT INTO dqa_potential_issue(issue_id, target_object, target_field, issue_type, field_value, default_action_code, change_priority, report_denominator, issue_description) VALUES (171, 'Patient', 'mother''s maiden name', 'is missing', '', 'A', 'Should', 'Patient Count', '');
INSERT INTO dqa_potential_issue(issue_id, target_object, target_field, issue_type, field_value, default_action_code, change_priority, report_denominator, issue_description) VALUES (172, 'Patient', 'name', 'may be temporary newborn name', '', 'A', 'Should', 'Patient Count', '');
INSERT INTO dqa_potential_issue(issue_id, target_object, target_field, issue_type, field_value, default_action_code, change_priority, report_denominator, issue_description) VALUES (173, 'Patient', 'name', 'may be test name', '', 'A', 'Should', 'Patient Count', '');
INSERT INTO dqa_potential_issue(issue_id, target_object, target_field, issue_type, field_value, default_action_code, change_priority, report_denominator, issue_description) VALUES (140, 'Patient', 'name first', 'is invalid', '', 'E', 'May', 'Patient Count', '');
INSERT INTO dqa_potential_issue(issue_id, target_object, target_field, issue_type, field_value, default_action_code, change_priority, report_denominator, issue_description) VALUES (141, 'Patient', 'name first', 'is missing', '', 'E', 'May', 'Patient Count', '');
INSERT INTO dqa_potential_issue(issue_id, target_object, target_field, issue_type, field_value, default_action_code, change_priority, report_denominator, issue_description) VALUES (142, 'Patient', 'name first', 'may include middle initial', '', 'A', 'May', 'Patient Count', '');
INSERT INTO dqa_potential_issue(issue_id, target_object, target_field, issue_type, field_value, default_action_code, change_priority, report_denominator, issue_description) VALUES (165, 'Patient', 'name last', 'is invalid', '', 'E', 'May', 'Patient Count', '');
INSERT INTO dqa_potential_issue(issue_id, target_object, target_field, issue_type, field_value, default_action_code, change_priority, report_denominator, issue_description) VALUES (166, 'Patient', 'name last', 'is missing', '', 'E', 'May', 'Patient Count', '');
INSERT INTO dqa_potential_issue(issue_id, target_object, target_field, issue_type, field_value, default_action_code, change_priority, report_denominator, issue_description) VALUES (405, 'Patient', 'name type code', 'is deprecated', '', 'W', 'May', 'Patient Count', '');
INSERT INTO dqa_potential_issue(issue_id, target_object, target_field, issue_type, field_value, default_action_code, change_priority, report_denominator, issue_description) VALUES (406, 'Patient', 'name type code', 'is ignored', '', 'S', 'May', 'Patient Count', '');
INSERT INTO dqa_potential_issue(issue_id, target_object, target_field, issue_type, field_value, default_action_code, change_priority, report_denominator, issue_description) VALUES (407, 'Patient', 'name type code', 'is invalid', '', 'W', 'May', 'Patient Count', '');
INSERT INTO dqa_potential_issue(issue_id, target_object, target_field, issue_type, field_value, default_action_code, change_priority, report_denominator, issue_description) VALUES (408, 'Patient', 'name type code', 'is missing', '', 'W', 'May', 'Patient Count', '');
INSERT INTO dqa_potential_issue(issue_id, target_object, target_field, issue_type, field_value, default_action_code, change_priority, report_denominator, issue_description) VALUES (409, 'Patient', 'name type code', 'is unrecognized', '', 'W', 'May', 'Patient Count', '');
INSERT INTO dqa_potential_issue(issue_id, target_object, target_field, issue_type, field_value, default_action_code, change_priority, report_denominator, issue_description) VALUES (174, 'Patient', 'phone', 'is incomplete', '', 'W', 'May', 'Patient Count', '');
INSERT INTO dqa_potential_issue(issue_id, target_object, target_field, issue_type, field_value, default_action_code, change_priority, report_denominator, issue_description) VALUES (175, 'Patient', 'phone', 'is invalid', '', 'W', 'May', 'Patient Count', '');
INSERT INTO dqa_potential_issue(issue_id, target_object, target_field, issue_type, field_value, default_action_code, change_priority, report_denominator, issue_description) VALUES (176, 'Patient', 'phone', 'is missing', '', 'A', 'May', 'Patient Count', '');
INSERT INTO dqa_potential_issue(issue_id, target_object, target_field, issue_type, field_value, default_action_code, change_priority, report_denominator, issue_description) VALUES (453, 'Patient', 'phone tel use code', 'is deprecated', '', 'W', 'May', 'Patient Count', '');
INSERT INTO dqa_potential_issue(issue_id, target_object, target_field, issue_type, field_value, default_action_code, change_priority, report_denominator, issue_description) VALUES (454, 'Patient', 'phone tel use code', 'is ignored', '', 'S', 'May', 'Patient Count', '');
INSERT INTO dqa_potential_issue(issue_id, target_object, target_field, issue_type, field_value, default_action_code, change_priority, report_denominator, issue_description) VALUES (455, 'Patient', 'phone tel use code', 'is invalid', '', 'W', 'May', 'Patient Count', '');
INSERT INTO dqa_potential_issue(issue_id, target_object, target_field, issue_type, field_value, default_action_code, change_priority, report_denominator, issue_description) VALUES (456, 'Patient', 'phone tel use code', 'is missing', '', 'W', 'May', 'Patient Count', '');
INSERT INTO dqa_potential_issue(issue_id, target_object, target_field, issue_type, field_value, default_action_code, change_priority, report_denominator, issue_description) VALUES (457, 'Patient', 'phone tel use code', 'is unrecognized', '', 'W', 'May', 'Patient Count', '');
INSERT INTO dqa_potential_issue(issue_id, target_object, target_field, issue_type, field_value, default_action_code, change_priority, report_denominator, issue_description) VALUES (458, 'Patient', 'phone tel equip code', 'is deprecated', '', 'W', 'May', 'Patient Count', '');
INSERT INTO dqa_potential_issue(issue_id, target_object, target_field, issue_type, field_value, default_action_code, change_priority, report_denominator, issue_description) VALUES (459, 'Patient', 'phone tel equip code', 'is ignored', '', 'S', 'May', 'Patient Count', '');
INSERT INTO dqa_potential_issue(issue_id, target_object, target_field, issue_type, field_value, default_action_code, change_priority, report_denominator, issue_description) VALUES (460, 'Patient', 'phone tel equip code', 'is invalid', '', 'W', 'May', 'Patient Count', '');
INSERT INTO dqa_potential_issue(issue_id, target_object, target_field, issue_type, field_value, default_action_code, change_priority, report_denominator, issue_description) VALUES (461, 'Patient', 'phone tel equip code', 'is missing', '', 'W', 'May', 'Patient Count', '');
INSERT INTO dqa_potential_issue(issue_id, target_object, target_field, issue_type, field_value, default_action_code, change_priority, report_denominator, issue_description) VALUES (462, 'Patient', 'phone tel equip code', 'is unrecognized', '', 'W', 'May', 'Patient Count', '');
INSERT INTO dqa_potential_issue(issue_id, target_object, target_field, issue_type, field_value, default_action_code, change_priority, report_denominator, issue_description) VALUES (177, 'Patient', 'primary facility id', 'is deprecated', '', 'W', 'May', 'Patient Count', '');
INSERT INTO dqa_potential_issue(issue_id, target_object, target_field, issue_type, field_value, default_action_code, change_priority, report_denominator, issue_description) VALUES (178, 'Patient', 'primary facility id', 'is ignored', '', 'S', 'May', 'Patient Count', '');
INSERT INTO dqa_potential_issue(issue_id, target_object, target_field, issue_type, field_value, default_action_code, change_priority, report_denominator, issue_description) VALUES (179, 'Patient', 'primary facility id', 'is invalid', '', 'E', 'May', 'Patient Count', '');
INSERT INTO dqa_potential_issue(issue_id, target_object, target_field, issue_type, field_value, default_action_code, change_priority, report_denominator, issue_description) VALUES (180, 'Patient', 'primary facility id', 'is missing', '', 'A', 'May', 'Patient Count', '');
INSERT INTO dqa_potential_issue(issue_id, target_object, target_field, issue_type, field_value, default_action_code, change_priority, report_denominator, issue_description) VALUES (181, 'Patient', 'primary facility id', 'is unrecognized', '', 'W', 'May', 'Patient Count', '');
INSERT INTO dqa_potential_issue(issue_id, target_object, target_field, issue_type, field_value, default_action_code, change_priority, report_denominator, issue_description) VALUES (182, 'Patient', 'primary facility name', 'is missing', '', 'A', 'May', 'Patient Count', '');
INSERT INTO dqa_potential_issue(issue_id, target_object, target_field, issue_type, field_value, default_action_code, change_priority, report_denominator, issue_description) VALUES (183, 'Patient', 'primary language', 'is deprecated', '', 'A', 'May', 'Patient Count', '');
INSERT INTO dqa_potential_issue(issue_id, target_object, target_field, issue_type, field_value, default_action_code, change_priority, report_denominator, issue_description) VALUES (184, 'Patient', 'primary language', 'is ignored', '', 'S', 'May', 'Patient Count', '');
INSERT INTO dqa_potential_issue(issue_id, target_object, target_field, issue_type, field_value, default_action_code, change_priority, report_denominator, issue_description) VALUES (185, 'Patient', 'primary language', 'is invalid', '', 'W', 'May', 'Patient Count', '');
INSERT INTO dqa_potential_issue(issue_id, target_object, target_field, issue_type, field_value, default_action_code, change_priority, report_denominator, issue_description) VALUES (186, 'Patient', 'primary language', 'is missing', '', 'A', 'May', 'Patient Count', '');
INSERT INTO dqa_potential_issue(issue_id, target_object, target_field, issue_type, field_value, default_action_code, change_priority, report_denominator, issue_description) VALUES (187, 'Patient', 'primary language', 'is unrecognized', '', 'W', 'May', 'Patient Count', '');
INSERT INTO dqa_potential_issue(issue_id, target_object, target_field, issue_type, field_value, default_action_code, change_priority, report_denominator, issue_description) VALUES (188, 'Patient', 'primary physician id', 'is deprecated', '', 'W', 'May', 'Patient Count', '');
INSERT INTO dqa_potential_issue(issue_id, target_object, target_field, issue_type, field_value, default_action_code, change_priority, report_denominator, issue_description) VALUES (189, 'Patient', 'primary physician id', 'is ignored', '', 'S', 'May', 'Patient Count', '');
INSERT INTO dqa_potential_issue(issue_id, target_object, target_field, issue_type, field_value, default_action_code, change_priority, report_denominator, issue_description) VALUES (190, 'Patient', 'primary physician id', 'is invalid', '', 'W', 'May', 'Patient Count', '');
INSERT INTO dqa_potential_issue(issue_id, target_object, target_field, issue_type, field_value, default_action_code, change_priority, report_denominator, issue_description) VALUES (191, 'Patient', 'primary physician id', 'is missing', '', 'A', 'May', 'Patient Count', '');
INSERT INTO dqa_potential_issue(issue_id, target_object, target_field, issue_type, field_value, default_action_code, change_priority, report_denominator, issue_description) VALUES (192, 'Patient', 'primary physician id', 'is unrecognized', '', 'W', 'May', 'Patient Count', '');
INSERT INTO dqa_potential_issue(issue_id, target_object, target_field, issue_type, field_value, default_action_code, change_priority, report_denominator, issue_description) VALUES (193, 'Patient', 'primary physician name', 'is missing', '', 'A', 'May', 'Patient Count', '');
INSERT INTO dqa_potential_issue(issue_id, target_object, target_field, issue_type, field_value, default_action_code, change_priority, report_denominator, issue_description) VALUES (194, 'Patient', 'protection indicator', 'is deprecated', '', 'W', 'May', 'Patient Count', '');
INSERT INTO dqa_potential_issue(issue_id, target_object, target_field, issue_type, field_value, default_action_code, change_priority, report_denominator, issue_description) VALUES (195, 'Patient', 'protection indicator', 'is ignored', '', 'S', 'May', 'Patient Count', '');
INSERT INTO dqa_potential_issue(issue_id, target_object, target_field, issue_type, field_value, default_action_code, change_priority, report_denominator, issue_description) VALUES (196, 'Patient', 'protection indicator', 'is invalid', '', 'W', 'May', 'Patient Count', '');
INSERT INTO dqa_potential_issue(issue_id, target_object, target_field, issue_type, field_value, default_action_code, change_priority, report_denominator, issue_description) VALUES (197, 'Patient', 'protection indicator', 'is missing', '', 'A', 'May', 'Patient Count', '');
INSERT INTO dqa_potential_issue(issue_id, target_object, target_field, issue_type, field_value, default_action_code, change_priority, report_denominator, issue_description) VALUES (198, 'Patient', 'protection indicator', 'is unrecognized', '', 'W', 'May', 'Patient Count', '');
INSERT INTO dqa_potential_issue(issue_id, target_object, target_field, issue_type, field_value, default_action_code, change_priority, report_denominator, issue_description) VALUES (199, 'Patient', 'protection indicator', 'is valued as', 'no', 'W', 'May', 'Patient Count', '');
INSERT INTO dqa_potential_issue(issue_id, target_object, target_field, issue_type, field_value, default_action_code, change_priority, report_denominator, issue_description) VALUES (200, 'Patient', 'protection indicator', 'is valued as', 'yes', 'W', 'May', 'Patient Count', '');
INSERT INTO dqa_potential_issue(issue_id, target_object, target_field, issue_type, field_value, default_action_code, change_priority, report_denominator, issue_description) VALUES (201, 'Patient', 'publicity code', 'is deprecated', '', 'W', 'May', 'Patient Count', '');
INSERT INTO dqa_potential_issue(issue_id, target_object, target_field, issue_type, field_value, default_action_code, change_priority, report_denominator, issue_description) VALUES (202, 'Patient', 'publicity code', 'is ignored', '', 'S', 'May', 'Patient Count', '');
INSERT INTO dqa_potential_issue(issue_id, target_object, target_field, issue_type, field_value, default_action_code, change_priority, report_denominator, issue_description) VALUES (203, 'Patient', 'publicity code', 'is invalid', '', 'W', 'May', 'Patient Count', '');
INSERT INTO dqa_potential_issue(issue_id, target_object, target_field, issue_type, field_value, default_action_code, change_priority, report_denominator, issue_description) VALUES (204, 'Patient', 'publicity code', 'is missing', '', 'A', 'May', 'Patient Count', '');
INSERT INTO dqa_potential_issue(issue_id, target_object, target_field, issue_type, field_value, default_action_code, change_priority, report_denominator, issue_description) VALUES (205, 'Patient', 'publicity code', 'is unrecognized', '', 'W', 'May', 'Patient Count', '');
INSERT INTO dqa_potential_issue(issue_id, target_object, target_field, issue_type, field_value, default_action_code, change_priority, report_denominator, issue_description) VALUES (206, 'Patient', 'race', 'is deprecated', '', 'W', 'May', 'Patient Count', '');
INSERT INTO dqa_potential_issue(issue_id, target_object, target_field, issue_type, field_value, default_action_code, change_priority, report_denominator, issue_description) VALUES (207, 'Patient', 'race', 'is ignored', '', 'S', 'May', 'Patient Count', '');
INSERT INTO dqa_potential_issue(issue_id, target_object, target_field, issue_type, field_value, default_action_code, change_priority, report_denominator, issue_description) VALUES (208, 'Patient', 'race', 'is invalid', '', 'W', 'May', 'Patient Count', '');
INSERT INTO dqa_potential_issue(issue_id, target_object, target_field, issue_type, field_value, default_action_code, change_priority, report_denominator, issue_description) VALUES (209, 'Patient', 'race', 'is missing', '', 'A', 'May', 'Patient Count', '');
INSERT INTO dqa_potential_issue(issue_id, target_object, target_field, issue_type, field_value, default_action_code, change_priority, report_denominator, issue_description) VALUES (210, 'Patient', 'race', 'is unrecognized', '', 'W', 'May', 'Patient Count', '');
INSERT INTO dqa_potential_issue(issue_id, target_object, target_field, issue_type, field_value, default_action_code, change_priority, report_denominator, issue_description) VALUES (211, 'Patient', 'registry id', 'is missing', '', 'A', 'May', 'Patient Count', '');
INSERT INTO dqa_potential_issue(issue_id, target_object, target_field, issue_type, field_value, default_action_code, change_priority, report_denominator, issue_description) VALUES (212, 'Patient', 'registry id', 'is unrecognized', '', 'A', 'May', 'Patient Count', '');
INSERT INTO dqa_potential_issue(issue_id, target_object, target_field, issue_type, field_value, default_action_code, change_priority, report_denominator, issue_description) VALUES (213, 'Patient', 'registry status', 'is deprecated', '', 'W', 'May', 'Patient Count', '');
INSERT INTO dqa_potential_issue(issue_id, target_object, target_field, issue_type, field_value, default_action_code, change_priority, report_denominator, issue_description) VALUES (214, 'Patient', 'registry status', 'is ignored', '', 'S', 'May', 'Patient Count', '');
INSERT INTO dqa_potential_issue(issue_id, target_object, target_field, issue_type, field_value, default_action_code, change_priority, report_denominator, issue_description) VALUES (215, 'Patient', 'registry status', 'is invalid', '', 'W', 'May', 'Patient Count', '');
INSERT INTO dqa_potential_issue(issue_id, target_object, target_field, issue_type, field_value, default_action_code, change_priority, report_denominator, issue_description) VALUES (216, 'Patient', 'registry status', 'is missing', '', 'A', 'May', 'Patient Count', '');
INSERT INTO dqa_potential_issue(issue_id, target_object, target_field, issue_type, field_value, default_action_code, change_priority, report_denominator, issue_description) VALUES (217, 'Patient', 'registry status', 'is unrecognized', '', 'W', 'May', 'Patient Count', '');
INSERT INTO dqa_potential_issue(issue_id, target_object, target_field, issue_type, field_value, default_action_code, change_priority, report_denominator, issue_description) VALUES (218, 'Patient', 'SSN', 'is invalid', '', 'W', 'May', 'Patient Count', '');
INSERT INTO dqa_potential_issue(issue_id, target_object, target_field, issue_type, field_value, default_action_code, change_priority, report_denominator, issue_description) VALUES (219, 'Patient', 'SSN', 'is missing', '', 'A', 'May', 'Patient Count', '');
INSERT INTO dqa_potential_issue(issue_id, target_object, target_field, issue_type, field_value, default_action_code, change_priority, report_denominator, issue_description) VALUES (220, 'Patient', 'submitter id', 'is missing', '', 'E', 'Blocked', 'Patient Count', '');
INSERT INTO dqa_potential_issue(issue_id, target_object, target_field, issue_type, field_value, default_action_code, change_priority, report_denominator, issue_description) VALUES (393, 'Patient', 'submitter id authority', 'is missing', '', 'E', 'May', 'Patient Count', '');
INSERT INTO dqa_potential_issue(issue_id, target_object, target_field, issue_type, field_value, default_action_code, change_priority, report_denominator, issue_description) VALUES (394, 'Patient', 'submitter id type code', 'is missing', '', 'E', 'May', 'Patient Count', '');
INSERT INTO dqa_potential_issue(issue_id, target_object, target_field, issue_type, field_value, default_action_code, change_priority, report_denominator, issue_description) VALUES (221, 'Patient', 'VFC effective date', 'is before birth', '', 'E', 'May', 'Patient Count', '');
INSERT INTO dqa_potential_issue(issue_id, target_object, target_field, issue_type, field_value, default_action_code, change_priority, report_denominator, issue_description) VALUES (222, 'Patient', 'VFC effective date', 'is in future', '', 'E', 'May', 'Patient Count', '');
INSERT INTO dqa_potential_issue(issue_id, target_object, target_field, issue_type, field_value, default_action_code, change_priority, report_denominator, issue_description) VALUES (223, 'Patient', 'VFC effective date', 'is invalid', '', 'E', 'May', 'Patient Count', '');
INSERT INTO dqa_potential_issue(issue_id, target_object, target_field, issue_type, field_value, default_action_code, change_priority, report_denominator, issue_description) VALUES (224, 'Patient', 'VFC effective date', 'is missing', '', 'A', 'May', 'Patient Count', '');
INSERT INTO dqa_potential_issue(issue_id, target_object, target_field, issue_type, field_value, default_action_code, change_priority, report_denominator, issue_description) VALUES (225, 'Patient', 'VFC status', 'is deprecated', '', 'W', 'May', 'Patient Count', '');
INSERT INTO dqa_potential_issue(issue_id, target_object, target_field, issue_type, field_value, default_action_code, change_priority, report_denominator, issue_description) VALUES (226, 'Patient', 'VFC status', 'is ignored', '', 'S', 'May', 'Patient Count', '');
INSERT INTO dqa_potential_issue(issue_id, target_object, target_field, issue_type, field_value, default_action_code, change_priority, report_denominator, issue_description) VALUES (227, 'Patient', 'VFC status', 'is invalid', '', 'W', 'May', 'Patient Count', '');
INSERT INTO dqa_potential_issue(issue_id, target_object, target_field, issue_type, field_value, default_action_code, change_priority, report_denominator, issue_description) VALUES (228, 'Patient', 'VFC status', 'is missing', '', 'A', 'May', 'Patient Count', '');
INSERT INTO dqa_potential_issue(issue_id, target_object, target_field, issue_type, field_value, default_action_code, change_priority, report_denominator, issue_description) VALUES (229, 'Patient', 'VFC status', 'is unrecognized', '', 'W', 'May', 'Patient Count', '');
INSERT INTO dqa_potential_issue(issue_id, target_object, target_field, issue_type, field_value, default_action_code, change_priority, report_denominator, issue_description) VALUES (230, 'Patient', 'WIC id', 'is invalid', '', 'A', 'May', 'Patient Count', '');
INSERT INTO dqa_potential_issue(issue_id, target_object, target_field, issue_type, field_value, default_action_code, change_priority, report_denominator, issue_description) VALUES (231, 'Patient', 'WIC id', 'is missing', '', 'A', 'May', 'Patient Count', '');
INSERT INTO dqa_potential_issue(issue_id, target_object, target_field, issue_type, field_value, default_action_code, change_priority, report_denominator, issue_description) VALUES (232, 'Vaccination', 'action code', 'is deprecated', '', 'W', 'May', 'Vaccination Count', '');
INSERT INTO dqa_potential_issue(issue_id, target_object, target_field, issue_type, field_value, default_action_code, change_priority, report_denominator, issue_description) VALUES (233, 'Vaccination', 'action code', 'is ignored', '', 'S', 'May', 'Vaccination Count', '');
INSERT INTO dqa_potential_issue(issue_id, target_object, target_field, issue_type, field_value, default_action_code, change_priority, report_denominator, issue_description) VALUES (234, 'Vaccination', 'action code', 'is invalid', '', 'E', 'May', 'Vaccination Count', '');
INSERT INTO dqa_potential_issue(issue_id, target_object, target_field, issue_type, field_value, default_action_code, change_priority, report_denominator, issue_description) VALUES (235, 'Vaccination', 'action code', 'is missing', '', 'A', 'May', 'Vaccination Count', '');
INSERT INTO dqa_potential_issue(issue_id, target_object, target_field, issue_type, field_value, default_action_code, change_priority, report_denominator, issue_description) VALUES (236, 'Vaccination', 'action code', 'is unrecognized', '', 'W', 'May', 'Vaccination Count', '');
INSERT INTO dqa_potential_issue(issue_id, target_object, target_field, issue_type, field_value, default_action_code, change_priority, report_denominator, issue_description) VALUES (237, 'Vaccination', 'action code', 'is valued as', 'add', 'A', 'May', 'Vaccination Count', '');
INSERT INTO dqa_potential_issue(issue_id, target_object, target_field, issue_type, field_value, default_action_code, change_priority, report_denominator, issue_description) VALUES (238, 'Vaccination', 'action code', 'is valued as', 'add or update', 'A', 'May', 'Vaccination Count', '');
INSERT INTO dqa_potential_issue(issue_id, target_object, target_field, issue_type, field_value, default_action_code, change_priority, report_denominator, issue_description) VALUES (239, 'Vaccination', 'action code', 'is valued as', 'delete', 'A', 'May', 'Vaccination Count', '');
INSERT INTO dqa_potential_issue(issue_id, target_object, target_field, issue_type, field_value, default_action_code, change_priority, report_denominator, issue_description) VALUES (240, 'Vaccination', 'action code', 'is valued as', 'update', 'A', 'May', 'Vaccination Count', '');
INSERT INTO dqa_potential_issue(issue_id, target_object, target_field, issue_type, field_value, default_action_code, change_priority, report_denominator, issue_description) VALUES (241, 'Vaccination', 'admin code', 'is deprecated', '', 'W', 'May', 'Vaccination Count', '');
INSERT INTO dqa_potential_issue(issue_id, target_object, target_field, issue_type, field_value, default_action_code, change_priority, report_denominator, issue_description) VALUES (242, 'Vaccination', 'admin code', 'is ignored', '', 'S', 'May', 'Vaccination Count', '');
INSERT INTO dqa_potential_issue(issue_id, target_object, target_field, issue_type, field_value, default_action_code, change_priority, report_denominator, issue_description) VALUES (243, 'Vaccination', 'admin code', 'is invalid', '', 'E', 'May', 'Vaccination Count', '');
INSERT INTO dqa_potential_issue(issue_id, target_object, target_field, issue_type, field_value, default_action_code, change_priority, report_denominator, issue_description) VALUES (244, 'Vaccination', 'admin code', 'is missing', '', 'S', 'May', 'Vaccination Count', '');
INSERT INTO dqa_potential_issue(issue_id, target_object, target_field, issue_type, field_value, default_action_code, change_priority, report_denominator, issue_description) VALUES (245, 'Vaccination', 'admin code', 'is not specific', '', 'W', 'May', 'Vaccination Admin Count', '');
INSERT INTO dqa_potential_issue(issue_id, target_object, target_field, issue_type, field_value, default_action_code, change_priority, report_denominator, issue_description) VALUES (246, 'Vaccination', 'admin code', 'is not vaccine', '', 'W', 'May', 'Vaccination Count', '');
INSERT INTO dqa_potential_issue(issue_id, target_object, target_field, issue_type, field_value, default_action_code, change_priority, report_denominator, issue_description) VALUES (247, 'Vaccination', 'admin code', 'is unrecognized', '', 'S', 'May', 'Vaccination Count', '');
INSERT INTO dqa_potential_issue(issue_id, target_object, target_field, issue_type, field_value, default_action_code, change_priority, report_denominator, issue_description) VALUES (248, 'Vaccination', 'admin code', 'is valued as', 'not administered', 'S', 'May', 'Vaccination Count', '');
INSERT INTO dqa_potential_issue(issue_id, target_object, target_field, issue_type, field_value, default_action_code, change_priority, report_denominator, issue_description) VALUES (249, 'Vaccination', 'admin code', 'is valued as', 'unknown', 'W', 'May', 'Vaccination Count', '');
INSERT INTO dqa_potential_issue(issue_id, target_object, target_field, issue_type, field_value, default_action_code, change_priority, report_denominator, issue_description) VALUES (250, 'Vaccination', 'admin code', 'may be variation of previously reported codes', '', 'W', 'May', 'Vaccination Count', '');
INSERT INTO dqa_potential_issue(issue_id, target_object, target_field, issue_type, field_value, default_action_code, change_priority, report_denominator, issue_description) VALUES (251, 'Vaccination', 'admin date', 'is after lot expiration date', '', 'W', 'May', 'Vaccination Admin Count', '');
INSERT INTO dqa_potential_issue(issue_id, target_object, target_field, issue_type, field_value, default_action_code, change_priority, report_denominator, issue_description) VALUES (252, 'Vaccination', 'admin date', 'is after message submitted', '', 'E', 'May', 'Vaccination Count', '');
INSERT INTO dqa_potential_issue(issue_id, target_object, target_field, issue_type, field_value, default_action_code, change_priority, report_denominator, issue_description) VALUES (253, 'Vaccination', 'admin date', 'is after patient death date', '', 'E', 'May', 'Vaccination Count', '');
INSERT INTO dqa_potential_issue(issue_id, target_object, target_field, issue_type, field_value, default_action_code, change_priority, report_denominator, issue_description) VALUES (254, 'Vaccination', 'admin date', 'is after system entry date', '', 'E', 'May', 'Vaccination Count', '');
INSERT INTO dqa_potential_issue(issue_id, target_object, target_field, issue_type, field_value, default_action_code, change_priority, report_denominator, issue_description) VALUES (255, 'Vaccination', 'admin date', 'is before birth', '', 'E', 'May', 'Vaccination Count', '');
INSERT INTO dqa_potential_issue(issue_id, target_object, target_field, issue_type, field_value, default_action_code, change_priority, report_denominator, issue_description) VALUES (256, 'Vaccination', 'admin date', 'is before or after expected vaccine usage range', '', 'W', 'May', 'Vaccination Count', '');
INSERT INTO dqa_potential_issue(issue_id, target_object, target_field, issue_type, field_value, default_action_code, change_priority, report_denominator, issue_description) VALUES (257, 'Vaccination', 'admin date', 'is before or after licensed vaccine range', '', 'E', 'May', 'Vaccination Count', '');
INSERT INTO dqa_potential_issue(issue_id, target_object, target_field, issue_type, field_value, default_action_code, change_priority, report_denominator, issue_description) VALUES (258, 'Vaccination', 'admin date', 'is before or after when expected for patient age', '', 'W', 'May', 'Vaccination Count', '');
INSERT INTO dqa_potential_issue(issue_id, target_object, target_field, issue_type, field_value, default_action_code, change_priority, report_denominator, issue_description) VALUES (259, 'Vaccination', 'admin date', 'is before or after when valid for patient age', '', 'E', 'May', 'Vaccination Count', '');
INSERT INTO dqa_potential_issue(issue_id, target_object, target_field, issue_type, field_value, default_action_code, change_priority, report_denominator, issue_description) VALUES (260, 'Vaccination', 'admin date', 'is invalid', '', 'E', 'May', 'Vaccination Count', '');
INSERT INTO dqa_potential_issue(issue_id, target_object, target_field, issue_type, field_value, default_action_code, change_priority, report_denominator, issue_description) VALUES (261, 'Vaccination', 'admin date', 'is missing', '', 'S', 'May', 'Vaccination Count', '');
INSERT INTO dqa_potential_issue(issue_id, target_object, target_field, issue_type, field_value, default_action_code, change_priority, report_denominator, issue_description) VALUES (262, 'Vaccination', 'admin date', 'is on 15th day of month', '', 'A', 'May', 'Vaccination Count', '');
INSERT INTO dqa_potential_issue(issue_id, target_object, target_field, issue_type, field_value, default_action_code, change_priority, report_denominator, issue_description) VALUES (263, 'Vaccination', 'admin date', 'is on first day of month', '', 'A', 'May', 'Vaccination Count', '');
INSERT INTO dqa_potential_issue(issue_id, target_object, target_field, issue_type, field_value, default_action_code, change_priority, report_denominator, issue_description) VALUES (264, 'Vaccination', 'admin date', 'is on last day of month', '', 'A', 'May', 'Vaccination Count', '');
INSERT INTO dqa_potential_issue(issue_id, target_object, target_field, issue_type, field_value, default_action_code, change_priority, report_denominator, issue_description) VALUES (265, 'Vaccination', 'admin date', 'is reported late', '', 'W', 'May', 'Vaccination Admin Count', '');
INSERT INTO dqa_potential_issue(issue_id, target_object, target_field, issue_type, field_value, default_action_code, change_priority, report_denominator, issue_description) VALUES (266, 'Vaccination', 'admin date end', 'is different from start date', '', 'W', 'May', 'Vaccination Count', '');
INSERT INTO dqa_potential_issue(issue_id, target_object, target_field, issue_type, field_value, default_action_code, change_priority, report_denominator, issue_description) VALUES (267, 'Vaccination', 'admin date end', 'is missing', '', 'A', 'May', 'Vaccination Count', '');
INSERT INTO dqa_potential_issue(issue_id, target_object, target_field, issue_type, field_value, default_action_code, change_priority, report_denominator, issue_description) VALUES (268, 'Vaccination', 'administered amount', 'is invalid', '', 'W', 'May', 'Vaccination Admin Count', '');
INSERT INTO dqa_potential_issue(issue_id, target_object, target_field, issue_type, field_value, default_action_code, change_priority, report_denominator, issue_description) VALUES (269, 'Vaccination', 'administered amount', 'is missing', '', 'A', 'May', 'Vaccination Admin Count', '');
INSERT INTO dqa_potential_issue(issue_id, target_object, target_field, issue_type, field_value, default_action_code, change_priority, report_denominator, issue_description) VALUES (270, 'Vaccination', 'administered amount', 'is valued as', 'zero', 'A', 'May', 'Vaccination Admin Count', '');
INSERT INTO dqa_potential_issue(issue_id, target_object, target_field, issue_type, field_value, default_action_code, change_priority, report_denominator, issue_description) VALUES (271, 'Vaccination', 'administered amount', 'is valued as', 'unknown', 'A', 'May', 'Vaccination Admin Count', '');
INSERT INTO dqa_potential_issue(issue_id, target_object, target_field, issue_type, field_value, default_action_code, change_priority, report_denominator, issue_description) VALUES (447, 'Vaccination', 'administered unit', 'is deprecated', '', 'W', 'May', 'Vaccination Admin Count', '');
INSERT INTO dqa_potential_issue(issue_id, target_object, target_field, issue_type, field_value, default_action_code, change_priority, report_denominator, issue_description) VALUES (448, 'Vaccination', 'administered unit', 'is ignored', '', 'S', 'May', 'Vaccination Admin Count', '');
INSERT INTO dqa_potential_issue(issue_id, target_object, target_field, issue_type, field_value, default_action_code, change_priority, report_denominator, issue_description) VALUES (449, 'Vaccination', 'administered unit', 'is invalid', '', 'W', 'May', 'Vaccination Admin Count', '');
INSERT INTO dqa_potential_issue(issue_id, target_object, target_field, issue_type, field_value, default_action_code, change_priority, report_denominator, issue_description) VALUES (272, 'Vaccination', 'administered unit', 'is missing', '', 'A', 'May', 'Vaccination Admin Count', '');
INSERT INTO dqa_potential_issue(issue_id, target_object, target_field, issue_type, field_value, default_action_code, change_priority, report_denominator, issue_description) VALUES (450, 'Vaccination', 'administered unit', 'is unrecognized', '', 'W', 'May', 'Vaccination Admin Count', '');
INSERT INTO dqa_potential_issue(issue_id, target_object, target_field, issue_type, field_value, default_action_code, change_priority, report_denominator, issue_description) VALUES (273, 'Vaccination', 'body route', 'is deprecated', '', 'W', 'May', 'Vaccination Admin Count', '');
INSERT INTO dqa_potential_issue(issue_id, target_object, target_field, issue_type, field_value, default_action_code, change_priority, report_denominator, issue_description) VALUES (274, 'Vaccination', 'body route', 'is ignored', '', 'S', 'May', 'Vaccination Admin Count', '');
INSERT INTO dqa_potential_issue(issue_id, target_object, target_field, issue_type, field_value, default_action_code, change_priority, report_denominator, issue_description) VALUES (275, 'Vaccination', 'body route', 'is invalid', '', 'W', 'May', 'Vaccination Admin Count', '');
INSERT INTO dqa_potential_issue(issue_id, target_object, target_field, issue_type, field_value, default_action_code, change_priority, report_denominator, issue_description) VALUES (276, 'Vaccination', 'body route', 'is invalid for vaccine indicated', '', 'W', 'May', 'Vaccination Admin Count', '');
INSERT INTO dqa_potential_issue(issue_id, target_object, target_field, issue_type, field_value, default_action_code, change_priority, report_denominator, issue_description) VALUES (277, 'Vaccination', 'body route', 'is missing', '', 'A', 'May', 'Vaccination Admin Count', '');
INSERT INTO dqa_potential_issue(issue_id, target_object, target_field, issue_type, field_value, default_action_code, change_priority, report_denominator, issue_description) VALUES (278, 'Vaccination', 'body route', 'is unrecognized', '', 'W', 'May', 'Vaccination Admin Count', '');
INSERT INTO dqa_potential_issue(issue_id, target_object, target_field, issue_type, field_value, default_action_code, change_priority, report_denominator, issue_description) VALUES (279, 'Vaccination', 'body site', 'is deprecated', '', 'W', 'May', 'Vaccination Admin Count', '');
INSERT INTO dqa_potential_issue(issue_id, target_object, target_field, issue_type, field_value, default_action_code, change_priority, report_denominator, issue_description) VALUES (280, 'Vaccination', 'body site', 'is ignored', '', 'S', 'May', 'Vaccination Admin Count', '');
INSERT INTO dqa_potential_issue(issue_id, target_object, target_field, issue_type, field_value, default_action_code, change_priority, report_denominator, issue_description) VALUES (281, 'Vaccination', 'body site', 'is invalid', '', 'W', 'May', 'Vaccination Admin Count', '');
INSERT INTO dqa_potential_issue(issue_id, target_object, target_field, issue_type, field_value, default_action_code, change_priority, report_denominator, issue_description) VALUES (282, 'Vaccination', 'body site', 'is invalid for vaccine indicated', '', 'W', 'May', 'Vaccination Admin Count', '');
INSERT INTO dqa_potential_issue(issue_id, target_object, target_field, issue_type, field_value, default_action_code, change_priority, report_denominator, issue_description) VALUES (283, 'Vaccination', 'body site', 'is missing', '', 'A', 'May', 'Vaccination Admin Count', '');
INSERT INTO dqa_potential_issue(issue_id, target_object, target_field, issue_type, field_value, default_action_code, change_priority, report_denominator, issue_description) VALUES (284, 'Vaccination', 'body site', 'is unrecognized', '', 'W', 'May', 'Vaccination Admin Count', '');
INSERT INTO dqa_potential_issue(issue_id, target_object, target_field, issue_type, field_value, default_action_code, change_priority, report_denominator, issue_description) VALUES (285, 'Vaccination', 'completion status', 'is deprecated', '', 'W', 'May', 'Vaccination Count', '');
INSERT INTO dqa_potential_issue(issue_id, target_object, target_field, issue_type, field_value, default_action_code, change_priority, report_denominator, issue_description) VALUES (286, 'Vaccination', 'completion status', 'is ignored', '', 'W', 'May', 'Vaccination Count', '');
INSERT INTO dqa_potential_issue(issue_id, target_object, target_field, issue_type, field_value, default_action_code, change_priority, report_denominator, issue_description) VALUES (287, 'Vaccination', 'completion status', 'is invalid', '', 'E', 'May', 'Vaccination Count', '');
INSERT INTO dqa_potential_issue(issue_id, target_object, target_field, issue_type, field_value, default_action_code, change_priority, report_denominator, issue_description) VALUES (288, 'Vaccination', 'completion status', 'is missing', '', 'A', 'May', 'Vaccination Count', '');
INSERT INTO dqa_potential_issue(issue_id, target_object, target_field, issue_type, field_value, default_action_code, change_priority, report_denominator, issue_description) VALUES (289, 'Vaccination', 'completion status', 'is unrecognized', '', 'W', 'May', 'Vaccination Count', '');
INSERT INTO dqa_potential_issue(issue_id, target_object, target_field, issue_type, field_value, default_action_code, change_priority, report_denominator, issue_description) VALUES (290, 'Vaccination', 'completion status', 'is valued as', 'completed', 'A', 'May', 'Vaccination Count', '');
INSERT INTO dqa_potential_issue(issue_id, target_object, target_field, issue_type, field_value, default_action_code, change_priority, report_denominator, issue_description) VALUES (291, 'Vaccination', 'completion status', 'is valued as', 'not administered', 'W', 'May', 'Vaccination Count', '');
INSERT INTO dqa_potential_issue(issue_id, target_object, target_field, issue_type, field_value, default_action_code, change_priority, report_denominator, issue_description) VALUES (292, 'Vaccination', 'completion status', 'is valued as', 'partially administered', 'W', 'May', 'Vaccination Count', '');
INSERT INTO dqa_potential_issue(issue_id, target_object, target_field, issue_type, field_value, default_action_code, change_priority, report_denominator, issue_description) VALUES (293, 'Vaccination', 'completion status', 'is valued as', 'refused', 'W', 'May', 'Vaccination Count', '');
INSERT INTO dqa_potential_issue(issue_id, target_object, target_field, issue_type, field_value, default_action_code, change_priority, report_denominator, issue_description) VALUES (294, 'Vaccination', 'confidentiality code', 'is deprecated', '', 'W', 'May', 'Vaccination Count', '');
INSERT INTO dqa_potential_issue(issue_id, target_object, target_field, issue_type, field_value, default_action_code, change_priority, report_denominator, issue_description) VALUES (295, 'Vaccination', 'confidentiality code', 'is ignored', '', 'S', 'May', 'Vaccination Count', '');
INSERT INTO dqa_potential_issue(issue_id, target_object, target_field, issue_type, field_value, default_action_code, change_priority, report_denominator, issue_description) VALUES (296, 'Vaccination', 'confidentiality code', 'is invalid', '', 'E', 'May', 'Vaccination Count', '');
INSERT INTO dqa_potential_issue(issue_id, target_object, target_field, issue_type, field_value, default_action_code, change_priority, report_denominator, issue_description) VALUES (297, 'Vaccination', 'confidentiality code', 'is missing', '', 'A', 'May', 'Vaccination Count', '');
INSERT INTO dqa_potential_issue(issue_id, target_object, target_field, issue_type, field_value, default_action_code, change_priority, report_denominator, issue_description) VALUES (298, 'Vaccination', 'confidentiality code', 'is unrecognized', '', 'W', 'May', 'Vaccination Count', '');
INSERT INTO dqa_potential_issue(issue_id, target_object, target_field, issue_type, field_value, default_action_code, change_priority, report_denominator, issue_description) VALUES (299, 'Vaccination', 'confidentiality code', 'is valued as', 'restricted', 'W', 'May', 'Vaccination Count', '');
INSERT INTO dqa_potential_issue(issue_id, target_object, target_field, issue_type, field_value, default_action_code, change_priority, report_denominator, issue_description) VALUES (300, 'Vaccination', 'CPT code', 'is deprecated', '', 'W', 'May', 'Vaccination Count', '');
INSERT INTO dqa_potential_issue(issue_id, target_object, target_field, issue_type, field_value, default_action_code, change_priority, report_denominator, issue_description) VALUES (301, 'Vaccination', 'CPT code', 'is ignored', '', 'S', 'May', 'Vaccination Count', '');
INSERT INTO dqa_potential_issue(issue_id, target_object, target_field, issue_type, field_value, default_action_code, change_priority, report_denominator, issue_description) VALUES (302, 'Vaccination', 'CPT code', 'is invalid', '', 'W', 'May', 'Vaccination Count', '');
INSERT INTO dqa_potential_issue(issue_id, target_object, target_field, issue_type, field_value, default_action_code, change_priority, report_denominator, issue_description) VALUES (303, 'Vaccination', 'CPT code', 'is missing', '', 'A', 'May', 'Vaccination Count', '');
INSERT INTO dqa_potential_issue(issue_id, target_object, target_field, issue_type, field_value, default_action_code, change_priority, report_denominator, issue_description) VALUES (304, 'Vaccination', 'CPT code', 'is unrecognized', '', 'W', 'May', 'Vaccination Count', '');
INSERT INTO dqa_potential_issue(issue_id, target_object, target_field, issue_type, field_value, default_action_code, change_priority, report_denominator, issue_description) VALUES (305, 'Vaccination', 'CVX code', 'is deprecated', '', 'W', 'May', 'Vaccination Count', '');
INSERT INTO dqa_potential_issue(issue_id, target_object, target_field, issue_type, field_value, default_action_code, change_priority, report_denominator, issue_description) VALUES (306, 'Vaccination', 'CVX code', 'is ignored', '', 'S', 'May', 'Vaccination Count', '');
INSERT INTO dqa_potential_issue(issue_id, target_object, target_field, issue_type, field_value, default_action_code, change_priority, report_denominator, issue_description) VALUES (307, 'Vaccination', 'CVX code', 'is invalid', '', 'W', 'May', 'Vaccination Count', '');
INSERT INTO dqa_potential_issue(issue_id, target_object, target_field, issue_type, field_value, default_action_code, change_priority, report_denominator, issue_description) VALUES (308, 'Vaccination', 'CVX code', 'is missing', '', 'A', 'May', 'Vaccination Count', '');
INSERT INTO dqa_potential_issue(issue_id, target_object, target_field, issue_type, field_value, default_action_code, change_priority, report_denominator, issue_description) VALUES (309, 'Vaccination', 'CVX code', 'is unrecognized', '', 'W', 'May', 'Vaccination Count', '');
INSERT INTO dqa_potential_issue(issue_id, target_object, target_field, issue_type, field_value, default_action_code, change_priority, report_denominator, issue_description) VALUES (310, 'Vaccination', 'CVX code and CPT code', 'are inconsistent', '', 'S', 'May', 'Vaccination Count', '');
INSERT INTO dqa_potential_issue(issue_id, target_object, target_field, issue_type, field_value, default_action_code, change_priority, report_denominator, issue_description) VALUES (311, 'Vaccination', 'facility id', 'is deprecated', '', 'W', 'May', 'Vaccination Admin Count', '');
INSERT INTO dqa_potential_issue(issue_id, target_object, target_field, issue_type, field_value, default_action_code, change_priority, report_denominator, issue_description) VALUES (312, 'Vaccination', 'facility id', 'is ignored', '', 'S', 'May', 'Vaccination Admin Count', '');
INSERT INTO dqa_potential_issue(issue_id, target_object, target_field, issue_type, field_value, default_action_code, change_priority, report_denominator, issue_description) VALUES (313, 'Vaccination', 'facility id', 'is invalid', '', 'W', 'May', 'Vaccination Admin Count', '');
INSERT INTO dqa_potential_issue(issue_id, target_object, target_field, issue_type, field_value, default_action_code, change_priority, report_denominator, issue_description) VALUES (314, 'Vaccination', 'facility id', 'is missing', '', 'W', 'May', 'Vaccination Admin Count', '');
INSERT INTO dqa_potential_issue(issue_id, target_object, target_field, issue_type, field_value, default_action_code, change_priority, report_denominator, issue_description) VALUES (315, 'Vaccination', 'facility id', 'is unrecognized', '', 'W', 'May', 'Vaccination Admin Count', '');
INSERT INTO dqa_potential_issue(issue_id, target_object, target_field, issue_type, field_value, default_action_code, change_priority, report_denominator, issue_description) VALUES (316, 'Vaccination', 'facility name', 'is missing', '', 'A', 'May', 'Vaccination Admin Count', '');
INSERT INTO dqa_potential_issue(issue_id, target_object, target_field, issue_type, field_value, default_action_code, change_priority, report_denominator, issue_description) VALUES (379, 'Vaccination', 'filler order number', 'is deprecated', '', 'W', 'May', 'Vaccination Count', '');
INSERT INTO dqa_potential_issue(issue_id, target_object, target_field, issue_type, field_value, default_action_code, change_priority, report_denominator, issue_description) VALUES (380, 'Vaccination', 'filler order number', 'is ignored', '', 'S', 'May', 'Vaccination Count', '');
INSERT INTO dqa_potential_issue(issue_id, target_object, target_field, issue_type, field_value, default_action_code, change_priority, report_denominator, issue_description) VALUES (381, 'Vaccination', 'filler order number', 'is invalid', '', 'E', 'May', 'Vaccination Count', '');
INSERT INTO dqa_potential_issue(issue_id, target_object, target_field, issue_type, field_value, default_action_code, change_priority, report_denominator, issue_description) VALUES (382, 'Vaccination', 'filler order number', 'is missing', '', 'S', 'May', 'Vaccination Count', '');
INSERT INTO dqa_potential_issue(issue_id, target_object, target_field, issue_type, field_value, default_action_code, change_priority, report_denominator, issue_description) VALUES (383, 'Vaccination', 'filler order number', 'is unrecognized', '', 'W', 'May', 'Vaccination Count', '');
INSERT INTO dqa_potential_issue(issue_id, target_object, target_field, issue_type, field_value, default_action_code, change_priority, report_denominator, issue_description) VALUES (317, 'Vaccination', 'given by', 'is deprecated', '', 'W', 'May', 'Vaccination Admin Count', '');
INSERT INTO dqa_potential_issue(issue_id, target_object, target_field, issue_type, field_value, default_action_code, change_priority, report_denominator, issue_description) VALUES (318, 'Vaccination', 'given by', 'is ignored', '', 'S', 'May', 'Vaccination Admin Count', '');
INSERT INTO dqa_potential_issue(issue_id, target_object, target_field, issue_type, field_value, default_action_code, change_priority, report_denominator, issue_description) VALUES (319, 'Vaccination', 'given by', 'is invalid', '', 'W', 'May', 'Vaccination Admin Count', '');
INSERT INTO dqa_potential_issue(issue_id, target_object, target_field, issue_type, field_value, default_action_code, change_priority, report_denominator, issue_description) VALUES (320, 'Vaccination', 'given by', 'is missing', '', 'A', 'May', 'Vaccination Admin Count', '');
INSERT INTO dqa_potential_issue(issue_id, target_object, target_field, issue_type, field_value, default_action_code, change_priority, report_denominator, issue_description) VALUES (321, 'Vaccination', 'given by', 'is unrecognized', '', 'W', 'May', 'Vaccination Admin Count', '');
INSERT INTO dqa_potential_issue(issue_id, target_object, target_field, issue_type, field_value, default_action_code, change_priority, report_denominator, issue_description) VALUES (322, 'Vaccination', 'id', 'is missing', '', 'A', 'May', 'Vaccination Count', '');
INSERT INTO dqa_potential_issue(issue_id, target_object, target_field, issue_type, field_value, default_action_code, change_priority, report_denominator, issue_description) VALUES (323, 'Vaccination', 'id of receiver', 'is missing', '', 'A', 'May', 'Vaccination Count', '');
INSERT INTO dqa_potential_issue(issue_id, target_object, target_field, issue_type, field_value, default_action_code, change_priority, report_denominator, issue_description) VALUES (324, 'Vaccination', 'id of receiver', 'is unrecognized', '', 'W', 'May', 'Vaccination Count', '');
INSERT INTO dqa_potential_issue(issue_id, target_object, target_field, issue_type, field_value, default_action_code, change_priority, report_denominator, issue_description) VALUES (325, 'Vaccination', 'id of sender', 'is missing', '', 'A', 'May', 'Vaccination Count', '');
INSERT INTO dqa_potential_issue(issue_id, target_object, target_field, issue_type, field_value, default_action_code, change_priority, report_denominator, issue_description) VALUES (326, 'Vaccination', 'id of sender', 'is unrecognized', '', 'W', 'May', 'Vaccination Count', '');
INSERT INTO dqa_potential_issue(issue_id, target_object, target_field, issue_type, field_value, default_action_code, change_priority, report_denominator, issue_description) VALUES (327, 'Vaccination', 'information source', 'is administered but appears to historical', '', 'W', 'May', 'Vaccination Count', '');
INSERT INTO dqa_potential_issue(issue_id, target_object, target_field, issue_type, field_value, default_action_code, change_priority, report_denominator, issue_description) VALUES (328, 'Vaccination', 'information source', 'is deprecated', '', 'W', 'May', 'Vaccination Count', '');
INSERT INTO dqa_potential_issue(issue_id, target_object, target_field, issue_type, field_value, default_action_code, change_priority, report_denominator, issue_description) VALUES (329, 'Vaccination', 'information source', 'is historical but appears to be administered', '', 'W', 'May', 'Vaccination Count', '');
INSERT INTO dqa_potential_issue(issue_id, target_object, target_field, issue_type, field_value, default_action_code, change_priority, report_denominator, issue_description) VALUES (330, 'Vaccination', 'information source', 'is ignored', '', 'S', 'May', 'Vaccination Count', '');
INSERT INTO dqa_potential_issue(issue_id, target_object, target_field, issue_type, field_value, default_action_code, change_priority, report_denominator, issue_description) VALUES (331, 'Vaccination', 'information source', 'is invalid', '', 'W', 'May', 'Vaccination Count', '');
INSERT INTO dqa_potential_issue(issue_id, target_object, target_field, issue_type, field_value, default_action_code, change_priority, report_denominator, issue_description) VALUES (332, 'Vaccination', 'information source', 'is missing', '', 'W', 'May', 'Vaccination Count', '');
INSERT INTO dqa_potential_issue(issue_id, target_object, target_field, issue_type, field_value, default_action_code, change_priority, report_denominator, issue_description) VALUES (333, 'Vaccination', 'information source', 'is unrecognized', '', 'W', 'May', 'Vaccination Count', '');
INSERT INTO dqa_potential_issue(issue_id, target_object, target_field, issue_type, field_value, default_action_code, change_priority, report_denominator, issue_description) VALUES (334, 'Vaccination', 'information source', 'is valued as', 'administered', 'A', 'May', 'Vaccination Count', '');
INSERT INTO dqa_potential_issue(issue_id, target_object, target_field, issue_type, field_value, default_action_code, change_priority, report_denominator, issue_description) VALUES (335, 'Vaccination', 'information source', 'is valued as', 'historical', 'A', 'May', 'Vaccination Count', '');
INSERT INTO dqa_potential_issue(issue_id, target_object, target_field, issue_type, field_value, default_action_code, change_priority, report_denominator, issue_description) VALUES (336, 'Vaccination', 'lot expiration date', 'is invalid', '', 'W', 'May', 'Vaccination Admin Count', '');
INSERT INTO dqa_potential_issue(issue_id, target_object, target_field, issue_type, field_value, default_action_code, change_priority, report_denominator, issue_description) VALUES (337, 'Vaccination', 'lot expiration date', 'is missing', '', 'A', 'May', 'Vaccination Admin Count', '');
INSERT INTO dqa_potential_issue(issue_id, target_object, target_field, issue_type, field_value, default_action_code, change_priority, report_denominator, issue_description) VALUES (338, 'Vaccination', 'lot number', 'is invalid', '', 'W', 'May', 'Vaccination Admin Count', '');
INSERT INTO dqa_potential_issue(issue_id, target_object, target_field, issue_type, field_value, default_action_code, change_priority, report_denominator, issue_description) VALUES (339, 'Vaccination', 'lot number', 'is missing', '', 'W', 'May', 'Vaccination Admin Count', '');
INSERT INTO dqa_potential_issue(issue_id, target_object, target_field, issue_type, field_value, default_action_code, change_priority, report_denominator, issue_description) VALUES (340, 'Vaccination', 'manufacturer code', 'is deprecated', '', 'W', 'May', 'Vaccination Admin Count', '');
INSERT INTO dqa_potential_issue(issue_id, target_object, target_field, issue_type, field_value, default_action_code, change_priority, report_denominator, issue_description) VALUES (341, 'Vaccination', 'manufacturer code', 'is ignored', '', 'S', 'May', 'Vaccination Admin Count', '');
INSERT INTO dqa_potential_issue(issue_id, target_object, target_field, issue_type, field_value, default_action_code, change_priority, report_denominator, issue_description) VALUES (342, 'Vaccination', 'manufacturer code', 'is invalid', '', 'W', 'May', 'Vaccination Admin Count', '');
INSERT INTO dqa_potential_issue(issue_id, target_object, target_field, issue_type, field_value, default_action_code, change_priority, report_denominator, issue_description) VALUES (343, 'Vaccination', 'manufacturer code', 'is missing', '', 'W', 'May', 'Vaccination Admin Count', '');
INSERT INTO dqa_potential_issue(issue_id, target_object, target_field, issue_type, field_value, default_action_code, change_priority, report_denominator, issue_description) VALUES (344, 'Vaccination', 'manufacturer code', 'is unrecognized', '', 'W', 'May', 'Vaccination Admin Count', '');
INSERT INTO dqa_potential_issue(issue_id, target_object, target_field, issue_type, field_value, default_action_code, change_priority, report_denominator, issue_description) VALUES (373, 'Vaccination', 'order control code', 'is deprecated', '', 'W', 'May', 'Vaccination Count', '');
INSERT INTO dqa_potential_issue(issue_id, target_object, target_field, issue_type, field_value, default_action_code, change_priority, report_denominator, issue_description) VALUES (369, 'Vaccination', 'order control code', 'is ignored', '', 'S', 'May', 'Vaccination Count', '');
INSERT INTO dqa_potential_issue(issue_id, target_object, target_field, issue_type, field_value, default_action_code, change_priority, report_denominator, issue_description) VALUES (370, 'Vaccination', 'order control code', 'is invalid', '', 'W', 'May', 'Vaccination Count', '');
INSERT INTO dqa_potential_issue(issue_id, target_object, target_field, issue_type, field_value, default_action_code, change_priority, report_denominator, issue_description) VALUES (371, 'Vaccination', 'order control code', 'is missing', '', 'S', 'May', 'Vaccination Count', '');
INSERT INTO dqa_potential_issue(issue_id, target_object, target_field, issue_type, field_value, default_action_code, change_priority, report_denominator, issue_description) VALUES (372, 'Vaccination', 'order control code', 'is unrecognized', '', 'S', 'May', 'Vaccination Count', '');
INSERT INTO dqa_potential_issue(issue_id, target_object, target_field, issue_type, field_value, default_action_code, change_priority, report_denominator, issue_description) VALUES (442, 'Vaccination', 'order facility id', 'is deprecated', '', 'A', 'May', 'Vaccination Count', '');
INSERT INTO dqa_potential_issue(issue_id, target_object, target_field, issue_type, field_value, default_action_code, change_priority, report_denominator, issue_description) VALUES (443, 'Vaccination', 'order facility id', 'is ignored', '', 'S', 'May', 'Vaccination Count', '');
INSERT INTO dqa_potential_issue(issue_id, target_object, target_field, issue_type, field_value, default_action_code, change_priority, report_denominator, issue_description) VALUES (444, 'Vaccination', 'order facility id', 'is invalid', '', 'W', 'May', 'Vaccination Count', '');
INSERT INTO dqa_potential_issue(issue_id, target_object, target_field, issue_type, field_value, default_action_code, change_priority, report_denominator, issue_description) VALUES (445, 'Vaccination', 'order facility id', 'is missing', '', 'A', 'May', 'Vaccination Count', '');
INSERT INTO dqa_potential_issue(issue_id, target_object, target_field, issue_type, field_value, default_action_code, change_priority, report_denominator, issue_description) VALUES (446, 'Vaccination', 'order facility id', 'is unrecognized', '', 'W', 'May', 'Vaccination Count', '');
INSERT INTO dqa_potential_issue(issue_id, target_object, target_field, issue_type, field_value, default_action_code, change_priority, report_denominator, issue_description) VALUES (441, 'Vaccination', 'order facility name', 'is missing', '', 'W', 'May', 'Vaccination Count', '');
INSERT INTO dqa_potential_issue(issue_id, target_object, target_field, issue_type, field_value, default_action_code, change_priority, report_denominator, issue_description) VALUES (345, 'Vaccination', 'ordered by', 'is deprecated', '', 'W', 'May', 'Vaccination Admin Count', '');
INSERT INTO dqa_potential_issue(issue_id, target_object, target_field, issue_type, field_value, default_action_code, change_priority, report_denominator, issue_description) VALUES (346, 'Vaccination', 'ordered by', 'is ignored', '', 'S', 'May', 'Vaccination Admin Count', '');
INSERT INTO dqa_potential_issue(issue_id, target_object, target_field, issue_type, field_value, default_action_code, change_priority, report_denominator, issue_description) VALUES (347, 'Vaccination', 'ordered by', 'is invalid', '', 'W', 'May', 'Vaccination Admin Count', '');
INSERT INTO dqa_potential_issue(issue_id, target_object, target_field, issue_type, field_value, default_action_code, change_priority, report_denominator, issue_description) VALUES (348, 'Vaccination', 'ordered by', 'is missing', '', 'A', 'May', 'Vaccination Admin Count', '');
INSERT INTO dqa_potential_issue(issue_id, target_object, target_field, issue_type, field_value, default_action_code, change_priority, report_denominator, issue_description) VALUES (349, 'Vaccination', 'ordered by', 'is unrecognized', '', 'W', 'May', 'Vaccination Admin Count', '');
INSERT INTO dqa_potential_issue(issue_id, target_object, target_field, issue_type, field_value, default_action_code, change_priority, report_denominator, issue_description) VALUES (384, 'Vaccination', 'placer order number', 'is deprecated', '', 'W', 'May', 'Vaccination Count', '');
INSERT INTO dqa_potential_issue(issue_id, target_object, target_field, issue_type, field_value, default_action_code, change_priority, report_denominator, issue_description) VALUES (385, 'Vaccination', 'placer order number', 'is ignored', '', 'S', 'May', 'Vaccination Count', '');
INSERT INTO dqa_potential_issue(issue_id, target_object, target_field, issue_type, field_value, default_action_code, change_priority, report_denominator, issue_description) VALUES (386, 'Vaccination', 'placer order number', 'is invalid', '', 'E', 'May', 'Vaccination Count', '');
INSERT INTO dqa_potential_issue(issue_id, target_object, target_field, issue_type, field_value, default_action_code, change_priority, report_denominator, issue_description) VALUES (387, 'Vaccination', 'placer order number', 'is missing', '', 'W', 'May', 'Vaccination Count', '');
INSERT INTO dqa_potential_issue(issue_id, target_object, target_field, issue_type, field_value, default_action_code, change_priority, report_denominator, issue_description) VALUES (388, 'Vaccination', 'placer order number', 'is unrecognized', '', 'W', 'May', 'Vaccination Count', '');
INSERT INTO dqa_potential_issue(issue_id, target_object, target_field, issue_type, field_value, default_action_code, change_priority, report_denominator, issue_description) VALUES (350, 'Vaccination', 'product', 'is deprecated', '', 'W', 'May', 'Vaccination Admin Count', '');
INSERT INTO dqa_potential_issue(issue_id, target_object, target_field, issue_type, field_value, default_action_code, change_priority, report_denominator, issue_description) VALUES (351, 'Vaccination', 'product', 'is invalid', '', 'E', 'May', 'Vaccination Admin Count', '');
INSERT INTO dqa_potential_issue(issue_id, target_object, target_field, issue_type, field_value, default_action_code, change_priority, report_denominator, issue_description) VALUES (352, 'Vaccination', 'product', 'is missing', '', 'A', 'May', 'Vaccination Admin Count', '');
INSERT INTO dqa_potential_issue(issue_id, target_object, target_field, issue_type, field_value, default_action_code, change_priority, report_denominator, issue_description) VALUES (353, 'Vaccination', 'product', 'is unrecognized', '', 'S', 'May', 'Vaccination Admin Count', '');
INSERT INTO dqa_potential_issue(issue_id, target_object, target_field, issue_type, field_value, default_action_code, change_priority, report_denominator, issue_description) VALUES (354, 'Vaccination', 'recorded by', 'is deprecated', '', 'W', 'May', 'Vaccination Admin Count', '');
INSERT INTO dqa_potential_issue(issue_id, target_object, target_field, issue_type, field_value, default_action_code, change_priority, report_denominator, issue_description) VALUES (355, 'Vaccination', 'recorded by', 'is ignored', '', 'S', 'May', 'Vaccination Admin Count', '');
INSERT INTO dqa_potential_issue(issue_id, target_object, target_field, issue_type, field_value, default_action_code, change_priority, report_denominator, issue_description) VALUES (356, 'Vaccination', 'recorded by', 'is invalid', '', 'W', 'May', 'Vaccination Admin Count', '');
INSERT INTO dqa_potential_issue(issue_id, target_object, target_field, issue_type, field_value, default_action_code, change_priority, report_denominator, issue_description) VALUES (357, 'Vaccination', 'recorded by', 'is missing', '', 'A', 'May', 'Vaccination Admin Count', '');
INSERT INTO dqa_potential_issue(issue_id, target_object, target_field, issue_type, field_value, default_action_code, change_priority, report_denominator, issue_description) VALUES (358, 'Vaccination', 'recorded by', 'is unrecognized', '', 'W', 'May', 'Vaccination Admin Count', '');
INSERT INTO dqa_potential_issue(issue_id, target_object, target_field, issue_type, field_value, default_action_code, change_priority, report_denominator, issue_description) VALUES (359, 'Vaccination', 'refusal reason', 'conflicts completion status', '', 'E', 'May', 'Vaccination Admin Count', '');
INSERT INTO dqa_potential_issue(issue_id, target_object, target_field, issue_type, field_value, default_action_code, change_priority, report_denominator, issue_description) VALUES (360, 'Vaccination', 'refusal reason', 'is deprecated', '', 'W', 'May', 'Vaccination Admin Count', '');
INSERT INTO dqa_potential_issue(issue_id, target_object, target_field, issue_type, field_value, default_action_code, change_priority, report_denominator, issue_description) VALUES (361, 'Vaccination', 'refusal reason', 'is ignored', '', 'S', 'May', 'Vaccination Admin Count', '');
INSERT INTO dqa_potential_issue(issue_id, target_object, target_field, issue_type, field_value, default_action_code, change_priority, report_denominator, issue_description) VALUES (362, 'Vaccination', 'refusal reason', 'is invalid', '', 'E', 'May', 'Vaccination Admin Count', '');
INSERT INTO dqa_potential_issue(issue_id, target_object, target_field, issue_type, field_value, default_action_code, change_priority, report_denominator, issue_description) VALUES (363, 'Vaccination', 'refusal reason', 'is missing', '', 'S', 'May', 'Vaccination Admin Count', '');
INSERT INTO dqa_potential_issue(issue_id, target_object, target_field, issue_type, field_value, default_action_code, change_priority, report_denominator, issue_description) VALUES (364, 'Vaccination', 'refusal reason', 'is unrecognized', '', 'W', 'May', 'Vaccination Admin Count', '');
INSERT INTO dqa_potential_issue(issue_id, target_object, target_field, issue_type, field_value, default_action_code, change_priority, report_denominator, issue_description) VALUES (365, 'Vaccination', 'system entry time', 'is in future', '', 'E', 'May', 'Vaccination Count', '');
INSERT INTO dqa_potential_issue(issue_id, target_object, target_field, issue_type, field_value, default_action_code, change_priority, report_denominator, issue_description) VALUES (366, 'Vaccination', 'system entry time', 'is invalid', '', 'E', 'May', 'Vaccination Count', '');
INSERT INTO dqa_potential_issue(issue_id, target_object, target_field, issue_type, field_value, default_action_code, change_priority, report_denominator, issue_description) VALUES (367, 'Vaccination', 'system entry time', 'is missing', '', 'A', 'May', 'Vaccination Count', '');


ALTER TABLE dqa_issue_found ADD CONSTRAINT dqa_fk_issue_found2 FOREIGN KEY(issue_id) REFERENCES dqa_potential_issue(issue_id);

ALTER TABLE dqa_message_received DROP patient_id;

CREATE TABLE dqa_batch_report 
(
  batch_report_id            INTEGER NOT NULL IDENTITY,
  batch_id                   INTEGER NOT NULL,
  comp_patient_score         INTEGER,
  comp_score                 INTEGER,
  comp_vaccination_score     INTEGER,
  comp_vaccine_group_score   INTEGER,
  message_count              INTEGER,
  message_with_admin_count   INTEGER,
  next_of_kin_count          INTEGER,
  overall_score              INTEGER,
  patient_count              INTEGER,
  patient_underage_count     INTEGER,
  qual_error_score           INTEGER,
  qual_score                 INTEGER,
  qual_warn_score            INTEGER,
  time_average               FLOAT,
  time_count_2_days          INTEGER,
  time_count_30_days         INTEGER,
  time_count_7_days          INTEGER,
  time_date_first            DATE,
  time_date_last             DATE,
  time_score                 INTEGER,
  time_score_2_days          INTEGER,
  time_score_30_days         INTEGER,
  time_score_7_days          INTEGER,
  vacc_admin_count           INTEGER,
  vacc_delete_count          INTEGER,
  vacc_historical_count      INTEGER,
  vacc_not_admin_count       INTEGER
);

ALTER TABLE dqa_message_batch DROP comp_patient_score;
ALTER TABLE dqa_message_batch DROP comp_score;
ALTER TABLE dqa_message_batch DROP comp_vaccination_score;
ALTER TABLE dqa_message_batch DROP comp_vaccine_group_score;
ALTER TABLE dqa_message_batch DROP message_count;
ALTER TABLE dqa_message_batch DROP message_with_admin_count;
ALTER TABLE dqa_message_batch DROP next_of_kin_count;
ALTER TABLE dqa_message_batch DROP overall_score;
ALTER TABLE dqa_message_batch DROP patient_count;
ALTER TABLE dqa_message_batch DROP patient_underage_count;
ALTER TABLE dqa_message_batch DROP qual_error_score;
ALTER TABLE dqa_message_batch DROP qual_score;
ALTER TABLE dqa_message_batch DROP qual_warn_score;
ALTER TABLE dqa_message_batch DROP time_average;
ALTER TABLE dqa_message_batch DROP time_count_2_days;
ALTER TABLE dqa_message_batch DROP time_count_30_days;
ALTER TABLE dqa_message_batch DROP time_count_7_days;
ALTER TABLE dqa_message_batch DROP time_date_first;
ALTER TABLE dqa_message_batch DROP time_date_last;
ALTER TABLE dqa_message_batch DROP time_score;
ALTER TABLE dqa_message_batch DROP time_score_2_days;
ALTER TABLE dqa_message_batch DROP time_score_30_days;
ALTER TABLE dqa_message_batch DROP time_score_7_days;
ALTER TABLE dqa_message_batch DROP vacc_admin_count;
ALTER TABLE dqa_message_batch DROP vacc_delete_count;
ALTER TABLE dqa_message_batch DROP vacc_historical_count;
ALTER TABLE dqa_message_batch DROP vacc_not_admin_count;

ALTER TABLE dqa_batch_issues DROP issue_count_neg;
ALTER TABLE dqa_batch_issues ALTER COLUMN issue_count_pos RENAME TO issue_count;

ALTER TABLE dqa_issue_found DROP issue_negate;

INSERT INTO dqa_keyed_setting (keyed_code, object_code, object_id, keyed_value) VALUES ('validate.vaccination.facility.pfs', 'Application', 2, 'Y');
INSERT INTO dqa_keyed_setting (keyed_code, object_code, object_id, keyed_value) VALUES ('validate.vaccination.facility.pfs', 'Application', 3, 'Y');
INSERT INTO dqa_keyed_setting (keyed_code, object_code, object_id, keyed_value) VALUES ('validate.vaccination.facility.pfs', 'Application', 10, 'Y');
