delete from dqa_batch_issues;
delete from dqa_batch_actions;
delete from dqa_batch_vaccine_cvx;
delete from dqa_batch_code_received;
delete from dqa_receive_queue;
delete from dqa_message_batch;
delete from dqa_vaccination;
delete from dqa_next_of_kin;
delete from dqa_patient;
delete from dqa_code_received;
delete from dqa_issue_found;
delete from dqa_message_received;
delete from dqa_potential_issue_status;

ALTER TABLE dqa_organization ADD 
(
  org_local_code     VARCHAR2(60)
);

ALTER TABLE dqa_patient ADD 
(
  skipped     VARCHAR2(1)
);

ALTER TABLE dqa_vaccination ADD 
(
  skipped     VARCHAR2(1)
);

ALTER TABLE dqa_next_of_kin ADD 
(
  skipped     VARCHAR2(1)
);

ALTER TABLE dqa_message_batch ADD
(
  profile_id                 INTEGER,
  comp_patient_score         INTEGER,
  comp_score                 INTEGER,
  comp_vaccination_score     INTEGER,
  comp_vaccine_group_score   INTEGER,
  message_count              INTEGER,
  message_with_admin_count   INTEGER,
  next_of_kin_count          INTEGER,
  overall_score              INTEGER,
  patient_count              INTEGER,
  patient_underage_count     INTEGER,
  qual_error_score           INTEGER,
  qual_score                 INTEGER,
  qual_warn_score            INTEGER,
  time_average               NUMBER,
  time_count_2_days          INTEGER,
  time_count_30_days         INTEGER,
  time_count_7_days          INTEGER,
  time_date_first            DATE,
  time_date_last             DATE,
  time_score                 INTEGER,
  time_score_2_days          INTEGER,
  time_score_30_days         INTEGER,
  time_score_7_days          INTEGER,
  vacc_admin_count           INTEGER,
  vacc_delete_count          INTEGER,
  vacc_historical_count      INTEGER,
  vacc_not_admin_count       INTEGER
);

CREATE SEQUENCE dqa_batch_action_sequence INCREMENT BY 1 START WITH 1;
CREATE SEQUENCE dqa_batch_issue_sequence INCREMENT BY 1 START WITH 1;

CREATE SEQUENCE dqa_batch_code_rec_sequence INCREMENT BY 1 START WITH 1;

CREATE TABLE dqa_batch_code_received
(
  batch_code_received_id    INTEGER NOT NULL PRIMARY KEY,
  batch_id                  INTEGER,
  coded_id                  INTEGER,
  received_count            INTEGER
);

CREATE SEQUENCE dqa_batch_vaccine_cvx_sequence INCREMENT BY 1 START WITH 1;

CREATE TABLE dqa_batch_vaccine_cvx
(
  batch_vaccine_cvx_id    INTEGER NOT NULL PRIMARY KEY,
  batch_id                INTEGER,
  cvx_id                  INTEGER,
  received_count          INTEGER
);

DROP TABLE dqa_vaccine_cvx_group;

CREATE TABLE dqa_vaccine_cvx_group
(
  cvx_group_id        INTEGER NOT NULL PRIMARY KEY,
  group_id            INTEGER NOT NULL,
  cvx_id              INTEGER NOT NULL
);

INSERT INTO dqa_vaccine_cvx_group (cvx_group_id, group_id, cvx_id) VALUES (dqa_cvx_group_id_sequence.NEXTVAL, 2, 54);
INSERT INTO dqa_vaccine_cvx_group (cvx_group_id, group_id, cvx_id) VALUES (dqa_cvx_group_id_sequence.NEXTVAL, 2, 55);
INSERT INTO dqa_vaccine_cvx_group (cvx_group_id, group_id, cvx_id) VALUES (dqa_cvx_group_id_sequence.NEXTVAL, 2, 82);
INSERT INTO dqa_vaccine_cvx_group (cvx_group_id, group_id, cvx_id) VALUES (dqa_cvx_group_id_sequence.NEXTVAL, 3, 24);
INSERT INTO dqa_vaccine_cvx_group (cvx_group_id, group_id, cvx_id) VALUES (dqa_cvx_group_id_sequence.NEXTVAL, 4, 19);
INSERT INTO dqa_vaccine_cvx_group (cvx_group_id, group_id, cvx_id) VALUES (dqa_cvx_group_id_sequence.NEXTVAL, 5, 26);
INSERT INTO dqa_vaccine_cvx_group (cvx_group_id, group_id, cvx_id) VALUES (dqa_cvx_group_id_sequence.NEXTVAL, 17, 29);
INSERT INTO dqa_vaccine_cvx_group (cvx_group_id, group_id, cvx_id) VALUES (dqa_cvx_group_id_sequence.NEXTVAL, 6, 28);
INSERT INTO dqa_vaccine_cvx_group (cvx_group_id, group_id, cvx_id) VALUES (dqa_cvx_group_id_sequence.NEXTVAL, 6, 20);
INSERT INTO dqa_vaccine_cvx_group (cvx_group_id, group_id, cvx_id) VALUES (dqa_cvx_group_id_sequence.NEXTVAL, 6, 106);
INSERT INTO dqa_vaccine_cvx_group (cvx_group_id, group_id, cvx_id) VALUES (dqa_cvx_group_id_sequence.NEXTVAL, 6, 107);
INSERT INTO dqa_vaccine_cvx_group (cvx_group_id, group_id, cvx_id) VALUES (dqa_cvx_group_id_sequence.NEXTVAL, 6, 110);
INSERT INTO dqa_vaccine_cvx_group (cvx_group_id, group_id, cvx_id) VALUES (dqa_cvx_group_id_sequence.NEXTVAL, 13, 110);
INSERT INTO dqa_vaccine_cvx_group (cvx_group_id, group_id, cvx_id) VALUES (dqa_cvx_group_id_sequence.NEXTVAL, 26, 110);
INSERT INTO dqa_vaccine_cvx_group (cvx_group_id, group_id, cvx_id) VALUES (dqa_cvx_group_id_sequence.NEXTVAL, 6, 50);
INSERT INTO dqa_vaccine_cvx_group (cvx_group_id, group_id, cvx_id) VALUES (dqa_cvx_group_id_sequence.NEXTVAL, 15, 50);
INSERT INTO dqa_vaccine_cvx_group (cvx_group_id, group_id, cvx_id) VALUES (dqa_cvx_group_id_sequence.NEXTVAL, 6, 120);
INSERT INTO dqa_vaccine_cvx_group (cvx_group_id, group_id, cvx_id) VALUES (dqa_cvx_group_id_sequence.NEXTVAL, 15, 120);
INSERT INTO dqa_vaccine_cvx_group (cvx_group_id, group_id, cvx_id) VALUES (dqa_cvx_group_id_sequence.NEXTVAL, 26, 120);
INSERT INTO dqa_vaccine_cvx_group (cvx_group_id, group_id, cvx_id) VALUES (dqa_cvx_group_id_sequence.NEXTVAL, 6, 130);
INSERT INTO dqa_vaccine_cvx_group (cvx_group_id, group_id, cvx_id) VALUES (dqa_cvx_group_id_sequence.NEXTVAL, 26, 130);
INSERT INTO dqa_vaccine_cvx_group (cvx_group_id, group_id, cvx_id) VALUES (dqa_cvx_group_id_sequence.NEXTVAL, 6, 132);
INSERT INTO dqa_vaccine_cvx_group (cvx_group_id, group_id, cvx_id) VALUES (dqa_cvx_group_id_sequence.NEXTVAL, 13, 132);
INSERT INTO dqa_vaccine_cvx_group (cvx_group_id, group_id, cvx_id) VALUES (dqa_cvx_group_id_sequence.NEXTVAL, 15, 132);
INSERT INTO dqa_vaccine_cvx_group (cvx_group_id, group_id, cvx_id) VALUES (dqa_cvx_group_id_sequence.NEXTVAL, 26, 132);
INSERT INTO dqa_vaccine_cvx_group (cvx_group_id, group_id, cvx_id) VALUES (dqa_cvx_group_id_sequence.NEXTVAL, 6, 1);
INSERT INTO dqa_vaccine_cvx_group (cvx_group_id, group_id, cvx_id) VALUES (dqa_cvx_group_id_sequence.NEXTVAL, 6, 22);
INSERT INTO dqa_vaccine_cvx_group (cvx_group_id, group_id, cvx_id) VALUES (dqa_cvx_group_id_sequence.NEXTVAL, 15, 22);
INSERT INTO dqa_vaccine_cvx_group (cvx_group_id, group_id, cvx_id) VALUES (dqa_cvx_group_id_sequence.NEXTVAL, 6, 102);
INSERT INTO dqa_vaccine_cvx_group (cvx_group_id, group_id, cvx_id) VALUES (dqa_cvx_group_id_sequence.NEXTVAL, 13, 102);
INSERT INTO dqa_vaccine_cvx_group (cvx_group_id, group_id, cvx_id) VALUES (dqa_cvx_group_id_sequence.NEXTVAL, 15, 102);
INSERT INTO dqa_vaccine_cvx_group (cvx_group_id, group_id, cvx_id) VALUES (dqa_cvx_group_id_sequence.NEXTVAL, 10, 30);
INSERT INTO dqa_vaccine_cvx_group (cvx_group_id, group_id, cvx_id) VALUES (dqa_cvx_group_id_sequence.NEXTVAL, 12, 52);
INSERT INTO dqa_vaccine_cvx_group (cvx_group_id, group_id, cvx_id) VALUES (dqa_cvx_group_id_sequence.NEXTVAL, 12, 83);
INSERT INTO dqa_vaccine_cvx_group (cvx_group_id, group_id, cvx_id) VALUES (dqa_cvx_group_id_sequence.NEXTVAL, 12, 84);
INSERT INTO dqa_vaccine_cvx_group (cvx_group_id, group_id, cvx_id) VALUES (dqa_cvx_group_id_sequence.NEXTVAL, 12, 31);
INSERT INTO dqa_vaccine_cvx_group (cvx_group_id, group_id, cvx_id) VALUES (dqa_cvx_group_id_sequence.NEXTVAL, 12, 85);
INSERT INTO dqa_vaccine_cvx_group (cvx_group_id, group_id, cvx_id) VALUES (dqa_cvx_group_id_sequence.NEXTVAL, 12, 104);
INSERT INTO dqa_vaccine_cvx_group (cvx_group_id, group_id, cvx_id) VALUES (dqa_cvx_group_id_sequence.NEXTVAL, 13, 104);
INSERT INTO dqa_vaccine_cvx_group (cvx_group_id, group_id, cvx_id) VALUES (dqa_cvx_group_id_sequence.NEXTVAL, 13, 8);
INSERT INTO dqa_vaccine_cvx_group (cvx_group_id, group_id, cvx_id) VALUES (dqa_cvx_group_id_sequence.NEXTVAL, 13, 42);
INSERT INTO dqa_vaccine_cvx_group (cvx_group_id, group_id, cvx_id) VALUES (dqa_cvx_group_id_sequence.NEXTVAL, 13, 43);
INSERT INTO dqa_vaccine_cvx_group (cvx_group_id, group_id, cvx_id) VALUES (dqa_cvx_group_id_sequence.NEXTVAL, 13, 44);
INSERT INTO dqa_vaccine_cvx_group (cvx_group_id, group_id, cvx_id) VALUES (dqa_cvx_group_id_sequence.NEXTVAL, 13, 45);
INSERT INTO dqa_vaccine_cvx_group (cvx_group_id, group_id, cvx_id) VALUES (dqa_cvx_group_id_sequence.NEXTVAL, 14, 58);
INSERT INTO dqa_vaccine_cvx_group (cvx_group_id, group_id, cvx_id) VALUES (dqa_cvx_group_id_sequence.NEXTVAL, 11, 59);
INSERT INTO dqa_vaccine_cvx_group (cvx_group_id, group_id, cvx_id) VALUES (dqa_cvx_group_id_sequence.NEXTVAL, 15, 47);
INSERT INTO dqa_vaccine_cvx_group (cvx_group_id, group_id, cvx_id) VALUES (dqa_cvx_group_id_sequence.NEXTVAL, 15, 46);
INSERT INTO dqa_vaccine_cvx_group (cvx_group_id, group_id, cvx_id) VALUES (dqa_cvx_group_id_sequence.NEXTVAL, 15, 49);
INSERT INTO dqa_vaccine_cvx_group (cvx_group_id, group_id, cvx_id) VALUES (dqa_cvx_group_id_sequence.NEXTVAL, 15, 48);
INSERT INTO dqa_vaccine_cvx_group (cvx_group_id, group_id, cvx_id) VALUES (dqa_cvx_group_id_sequence.NEXTVAL, 15, 17);
INSERT INTO dqa_vaccine_cvx_group (cvx_group_id, group_id, cvx_id) VALUES (dqa_cvx_group_id_sequence.NEXTVAL, 13, 51);
INSERT INTO dqa_vaccine_cvx_group (cvx_group_id, group_id, cvx_id) VALUES (dqa_cvx_group_id_sequence.NEXTVAL, 15, 51);
INSERT INTO dqa_vaccine_cvx_group (cvx_group_id, group_id, cvx_id) VALUES (dqa_cvx_group_id_sequence.NEXTVAL, 16, 118);
INSERT INTO dqa_vaccine_cvx_group (cvx_group_id, group_id, cvx_id) VALUES (dqa_cvx_group_id_sequence.NEXTVAL, 16, 62);
INSERT INTO dqa_vaccine_cvx_group (cvx_group_id, group_id, cvx_id) VALUES (dqa_cvx_group_id_sequence.NEXTVAL, 16, 137);
INSERT INTO dqa_vaccine_cvx_group (cvx_group_id, group_id, cvx_id) VALUES (dqa_cvx_group_id_sequence.NEXTVAL, 17, 86);
INSERT INTO dqa_vaccine_cvx_group (cvx_group_id, group_id, cvx_id) VALUES (dqa_cvx_group_id_sequence.NEXTVAL, 17, 14);
INSERT INTO dqa_vaccine_cvx_group (cvx_group_id, group_id, cvx_id) VALUES (dqa_cvx_group_id_sequence.NEXTVAL, 17, 87);
INSERT INTO dqa_vaccine_cvx_group (cvx_group_id, group_id, cvx_id) VALUES (dqa_cvx_group_id_sequence.NEXTVAL, 9, 123);
INSERT INTO dqa_vaccine_cvx_group (cvx_group_id, group_id, cvx_id) VALUES (dqa_cvx_group_id_sequence.NEXTVAL, 7, 135);
INSERT INTO dqa_vaccine_cvx_group (cvx_group_id, group_id, cvx_id) VALUES (dqa_cvx_group_id_sequence.NEXTVAL, 7, 111);
INSERT INTO dqa_vaccine_cvx_group (cvx_group_id, group_id, cvx_id) VALUES (dqa_cvx_group_id_sequence.NEXTVAL, 7, 141);
INSERT INTO dqa_vaccine_cvx_group (cvx_group_id, group_id, cvx_id) VALUES (dqa_cvx_group_id_sequence.NEXTVAL, 7, 140);
INSERT INTO dqa_vaccine_cvx_group (cvx_group_id, group_id, cvx_id) VALUES (dqa_cvx_group_id_sequence.NEXTVAL, 7, 15);
INSERT INTO dqa_vaccine_cvx_group (cvx_group_id, group_id, cvx_id) VALUES (dqa_cvx_group_id_sequence.NEXTVAL, 7, 88);
INSERT INTO dqa_vaccine_cvx_group (cvx_group_id, group_id, cvx_id) VALUES (dqa_cvx_group_id_sequence.NEXTVAL, 7, 16);
INSERT INTO dqa_vaccine_cvx_group (cvx_group_id, group_id, cvx_id) VALUES (dqa_cvx_group_id_sequence.NEXTVAL, 26, 10);
INSERT INTO dqa_vaccine_cvx_group (cvx_group_id, group_id, cvx_id) VALUES (dqa_cvx_group_id_sequence.NEXTVAL, 18, 134);
INSERT INTO dqa_vaccine_cvx_group (cvx_group_id, group_id, cvx_id) VALUES (dqa_cvx_group_id_sequence.NEXTVAL, 18, 39);
INSERT INTO dqa_vaccine_cvx_group (cvx_group_id, group_id, cvx_id) VALUES (dqa_cvx_group_id_sequence.NEXTVAL, 19, 66);
INSERT INTO dqa_vaccine_cvx_group (cvx_group_id, group_id, cvx_id) VALUES (dqa_cvx_group_id_sequence.NEXTVAL, 20, 4);
INSERT INTO dqa_vaccine_cvx_group (cvx_group_id, group_id, cvx_id) VALUES (dqa_cvx_group_id_sequence.NEXTVAL, 29, 4);
INSERT INTO dqa_vaccine_cvx_group (cvx_group_id, group_id, cvx_id) VALUES (dqa_cvx_group_id_sequence.NEXTVAL, 20, 5);
INSERT INTO dqa_vaccine_cvx_group (cvx_group_id, group_id, cvx_id) VALUES (dqa_cvx_group_id_sequence.NEXTVAL, 21, 103);
INSERT INTO dqa_vaccine_cvx_group (cvx_group_id, group_id, cvx_id) VALUES (dqa_cvx_group_id_sequence.NEXTVAL, 21, 136);
INSERT INTO dqa_vaccine_cvx_group (cvx_group_id, group_id, cvx_id) VALUES (dqa_cvx_group_id_sequence.NEXTVAL, 21, 114);
INSERT INTO dqa_vaccine_cvx_group (cvx_group_id, group_id, cvx_id) VALUES (dqa_cvx_group_id_sequence.NEXTVAL, 21, 32);
INSERT INTO dqa_vaccine_cvx_group (cvx_group_id, group_id, cvx_id) VALUES (dqa_cvx_group_id_sequence.NEXTVAL, 21, 108);
INSERT INTO dqa_vaccine_cvx_group (cvx_group_id, group_id, cvx_id) VALUES (dqa_cvx_group_id_sequence.NEXTVAL, 22, 3);
INSERT INTO dqa_vaccine_cvx_group (cvx_group_id, group_id, cvx_id) VALUES (dqa_cvx_group_id_sequence.NEXTVAL, 22, 94);
INSERT INTO dqa_vaccine_cvx_group (cvx_group_id, group_id, cvx_id) VALUES (dqa_cvx_group_id_sequence.NEXTVAL, 33, 94);
INSERT INTO dqa_vaccine_cvx_group (cvx_group_id, group_id, cvx_id) VALUES (dqa_cvx_group_id_sequence.NEXTVAL, 23, 7);
INSERT INTO dqa_vaccine_cvx_group (cvx_group_id, group_id, cvx_id) VALUES (dqa_cvx_group_id_sequence.NEXTVAL, 8, 127);
INSERT INTO dqa_vaccine_cvx_group (cvx_group_id, group_id, cvx_id) VALUES (dqa_cvx_group_id_sequence.NEXTVAL, 8, 128);
INSERT INTO dqa_vaccine_cvx_group (cvx_group_id, group_id, cvx_id) VALUES (dqa_cvx_group_id_sequence.NEXTVAL, 8, 125);
INSERT INTO dqa_vaccine_cvx_group (cvx_group_id, group_id, cvx_id) VALUES (dqa_cvx_group_id_sequence.NEXTVAL, 8, 126);
INSERT INTO dqa_vaccine_cvx_group (cvx_group_id, group_id, cvx_id) VALUES (dqa_cvx_group_id_sequence.NEXTVAL, 26, 2);
INSERT INTO dqa_vaccine_cvx_group (cvx_group_id, group_id, cvx_id) VALUES (dqa_cvx_group_id_sequence.NEXTVAL, 24, 133);
INSERT INTO dqa_vaccine_cvx_group (cvx_group_id, group_id, cvx_id) VALUES (dqa_cvx_group_id_sequence.NEXTVAL, 24, 100);
INSERT INTO dqa_vaccine_cvx_group (cvx_group_id, group_id, cvx_id) VALUES (dqa_cvx_group_id_sequence.NEXTVAL, 25, 33);
INSERT INTO dqa_vaccine_cvx_group (cvx_group_id, group_id, cvx_id) VALUES (dqa_cvx_group_id_sequence.NEXTVAL, 26, 89);
INSERT INTO dqa_vaccine_cvx_group (cvx_group_id, group_id, cvx_id) VALUES (dqa_cvx_group_id_sequence.NEXTVAL, 27, 40);
INSERT INTO dqa_vaccine_cvx_group (cvx_group_id, group_id, cvx_id) VALUES (dqa_cvx_group_id_sequence.NEXTVAL, 27, 18);
INSERT INTO dqa_vaccine_cvx_group (cvx_group_id, group_id, cvx_id) VALUES (dqa_cvx_group_id_sequence.NEXTVAL, 27, 90);
INSERT INTO dqa_vaccine_cvx_group (cvx_group_id, group_id, cvx_id) VALUES (dqa_cvx_group_id_sequence.NEXTVAL, 17, 34);
INSERT INTO dqa_vaccine_cvx_group (cvx_group_id, group_id, cvx_id) VALUES (dqa_cvx_group_id_sequence.NEXTVAL, 28, 119);
INSERT INTO dqa_vaccine_cvx_group (cvx_group_id, group_id, cvx_id) VALUES (dqa_cvx_group_id_sequence.NEXTVAL, 28, 116);
INSERT INTO dqa_vaccine_cvx_group (cvx_group_id, group_id, cvx_id) VALUES (dqa_cvx_group_id_sequence.NEXTVAL, 28, 74);
INSERT INTO dqa_vaccine_cvx_group (cvx_group_id, group_id, cvx_id) VALUES (dqa_cvx_group_id_sequence.NEXTVAL, 28, 122);
INSERT INTO dqa_vaccine_cvx_group (cvx_group_id, group_id, cvx_id) VALUES (dqa_cvx_group_id_sequence.NEXTVAL, 17, 71);
INSERT INTO dqa_vaccine_cvx_group (cvx_group_id, group_id, cvx_id) VALUES (dqa_cvx_group_id_sequence.NEXTVAL, 29, 6);
INSERT INTO dqa_vaccine_cvx_group (cvx_group_id, group_id, cvx_id) VALUES (dqa_cvx_group_id_sequence.NEXTVAL, 23, 38);
INSERT INTO dqa_vaccine_cvx_group (cvx_group_id, group_id, cvx_id) VALUES (dqa_cvx_group_id_sequence.NEXTVAL, 29, 38);
INSERT INTO dqa_vaccine_cvx_group (cvx_group_id, group_id, cvx_id) VALUES (dqa_cvx_group_id_sequence.NEXTVAL, 30, 138);
INSERT INTO dqa_vaccine_cvx_group (cvx_group_id, group_id, cvx_id) VALUES (dqa_cvx_group_id_sequence.NEXTVAL, 30, 113);
INSERT INTO dqa_vaccine_cvx_group (cvx_group_id, group_id, cvx_id) VALUES (dqa_cvx_group_id_sequence.NEXTVAL, 30, 9);
INSERT INTO dqa_vaccine_cvx_group (cvx_group_id, group_id, cvx_id) VALUES (dqa_cvx_group_id_sequence.NEXTVAL, 30, 115);
INSERT INTO dqa_vaccine_cvx_group (cvx_group_id, group_id, cvx_id) VALUES (dqa_cvx_group_id_sequence.NEXTVAL, 31, 25);
INSERT INTO dqa_vaccine_cvx_group (cvx_group_id, group_id, cvx_id) VALUES (dqa_cvx_group_id_sequence.NEXTVAL, 31, 41);
INSERT INTO dqa_vaccine_cvx_group (cvx_group_id, group_id, cvx_id) VALUES (dqa_cvx_group_id_sequence.NEXTVAL, 31, 53);
INSERT INTO dqa_vaccine_cvx_group (cvx_group_id, group_id, cvx_id) VALUES (dqa_cvx_group_id_sequence.NEXTVAL, 31, 91);
INSERT INTO dqa_vaccine_cvx_group (cvx_group_id, group_id, cvx_id) VALUES (dqa_cvx_group_id_sequence.NEXTVAL, 31, 101);
INSERT INTO dqa_vaccine_cvx_group (cvx_group_id, group_id, cvx_id) VALUES (dqa_cvx_group_id_sequence.NEXTVAL, 32, 75);
INSERT INTO dqa_vaccine_cvx_group (cvx_group_id, group_id, cvx_id) VALUES (dqa_cvx_group_id_sequence.NEXTVAL, 32, 105);
INSERT INTO dqa_vaccine_cvx_group (cvx_group_id, group_id, cvx_id) VALUES (dqa_cvx_group_id_sequence.NEXTVAL, 33, 21);
INSERT INTO dqa_vaccine_cvx_group (cvx_group_id, group_id, cvx_id) VALUES (dqa_cvx_group_id_sequence.NEXTVAL, 34, 81);
INSERT INTO dqa_vaccine_cvx_group (cvx_group_id, group_id, cvx_id) VALUES (dqa_cvx_group_id_sequence.NEXTVAL, 34, 80);
INSERT INTO dqa_vaccine_cvx_group (cvx_group_id, group_id, cvx_id) VALUES (dqa_cvx_group_id_sequence.NEXTVAL, 34, 92);
INSERT INTO dqa_vaccine_cvx_group (cvx_group_id, group_id, cvx_id) VALUES (dqa_cvx_group_id_sequence.NEXTVAL, 35, 37);
INSERT INTO dqa_vaccine_cvx_group (cvx_group_id, group_id, cvx_id) VALUES (dqa_cvx_group_id_sequence.NEXTVAL, 36, 121);

DROP TABLE dqa_vaccine_product;

CREATE TABLE dqa_vaccine_product
(
  product_id          INTEGER NOT NULL PRIMARY KEY,
  product_name        VARCHAR2(250) NOT NULL,
  product_label       VARCHAR2(250) NOT NULL,
  cvx_id              INTEGER NOT NULL,
  mvx_code            VARCHAR2(10) NOT NULL,
  valid_start_date    DATE NOT NULL,
  use_start_date      DATE NOT NULL,
  use_end_date        DATE NOT NULL,
  valid_end_date      DATE NOT NULL
);

INSERT INTO dqa_vaccine_product(product_id, product_name, product_label, cvx_id, mvx_code, valid_start_date, use_start_date, use_end_date, valid_end_date) VALUES (2, 'ORIMUNE', 'OPV', 2, 'WAL', TO_DATE('1970-01-01', 'YYYY-MM-DD'), TO_DATE('1970-01-01', 'YYYY-MM-DD'), TO_DATE('2010-09-01', 'YYYY-MM-DD'), TO_DATE('2010-09-01', 'YYYY-MM-DD'));
INSERT INTO dqa_vaccine_product(product_id, product_name, product_label, cvx_id, mvx_code, valid_start_date, use_start_date, use_end_date, valid_end_date) VALUES (3, 'M-M-R II', 'MMR', 3, 'MSD', TO_DATE('1970-01-01', 'YYYY-MM-DD'), TO_DATE('1970-01-01', 'YYYY-MM-DD'), TO_DATE('2100-01-01', 'YYYY-MM-DD'), TO_DATE('2100-01-01', 'YYYY-MM-DD'));
INSERT INTO dqa_vaccine_product(product_id, product_name, product_label, cvx_id, mvx_code, valid_start_date, use_start_date, use_end_date, valid_end_date) VALUES (4, 'ATTENUVAX', 'measles', 5, 'MSD', TO_DATE('1970-01-01', 'YYYY-MM-DD'), TO_DATE('1970-01-01', 'YYYY-MM-DD'), TO_DATE('2010-05-28', 'YYYY-MM-DD'), TO_DATE('2010-05-28', 'YYYY-MM-DD'));
INSERT INTO dqa_vaccine_product(product_id, product_name, product_label, cvx_id, mvx_code, valid_start_date, use_start_date, use_end_date, valid_end_date) VALUES (5, 'MERUVAX II', 'rubella', 6, 'MSD', TO_DATE('1970-01-01', 'YYYY-MM-DD'), TO_DATE('1970-01-01', 'YYYY-MM-DD'), TO_DATE('2100-01-01', 'YYYY-MM-DD'), TO_DATE('2100-01-01', 'YYYY-MM-DD'));
INSERT INTO dqa_vaccine_product(product_id, product_name, product_label, cvx_id, mvx_code, valid_start_date, use_start_date, use_end_date, valid_end_date) VALUES (6, 'MUMPSVAX', 'mumps', 7, 'MSD', TO_DATE('1970-01-01', 'YYYY-MM-DD'), TO_DATE('1970-01-01', 'YYYY-MM-DD'), TO_DATE('2010-09-01', 'YYYY-MM-DD'), TO_DATE('2010-09-01', 'YYYY-MM-DD'));
INSERT INTO dqa_vaccine_product(product_id, product_name, product_label, cvx_id, mvx_code, valid_start_date, use_start_date, use_end_date, valid_end_date) VALUES (7, 'ENGERIX B-PEDS', 'Hep B, adolescent or pediatric', 8, 'SKB', TO_DATE('1970-01-01', 'YYYY-MM-DD'), TO_DATE('1970-01-01', 'YYYY-MM-DD'), TO_DATE('2100-01-01', 'YYYY-MM-DD'), TO_DATE('2100-01-01', 'YYYY-MM-DD'));
INSERT INTO dqa_vaccine_product(product_id, product_name, product_label, cvx_id, mvx_code, valid_start_date, use_start_date, use_end_date, valid_end_date) VALUES (8, 'RECOMBIVAX-PEDS', 'Hep B, adolescent or pediatric', 8, 'MSD', TO_DATE('1970-01-01', 'YYYY-MM-DD'), TO_DATE('1970-01-01', 'YYYY-MM-DD'), TO_DATE('2100-01-01', 'YYYY-MM-DD'), TO_DATE('2100-01-01', 'YYYY-MM-DD'));
INSERT INTO dqa_vaccine_product(product_id, product_name, product_label, cvx_id, mvx_code, valid_start_date, use_start_date, use_end_date, valid_end_date) VALUES (9, 'TD(GENERIC)', 'Td (adult), adsorbed', 9, 'MBL', TO_DATE('1970-01-01', 'YYYY-MM-DD'), TO_DATE('1970-01-01', 'YYYY-MM-DD'), TO_DATE('2100-01-01', 'YYYY-MM-DD'), TO_DATE('2100-01-01', 'YYYY-MM-DD'));
INSERT INTO dqa_vaccine_product(product_id, product_name, product_label, cvx_id, mvx_code, valid_start_date, use_start_date, use_end_date, valid_end_date) VALUES (10, 'IPOL', 'IPV', 10, 'PMC', TO_DATE('1970-01-01', 'YYYY-MM-DD'), TO_DATE('1970-01-01', 'YYYY-MM-DD'), TO_DATE('2100-01-01', 'YYYY-MM-DD'), TO_DATE('2100-01-01', 'YYYY-MM-DD'));
INSERT INTO dqa_vaccine_product(product_id, product_name, product_label, cvx_id, mvx_code, valid_start_date, use_start_date, use_end_date, valid_end_date) VALUES (11, 'PREVNAR 7', 'pneumococcal conjugate PCV 7', 100, 'WAL', TO_DATE('1970-01-01', 'YYYY-MM-DD'), TO_DATE('1970-01-01', 'YYYY-MM-DD'), TO_DATE('2100-01-01', 'YYYY-MM-DD'), TO_DATE('2100-01-01', 'YYYY-MM-DD'));
INSERT INTO dqa_vaccine_product(product_id, product_name, product_label, cvx_id, mvx_code, valid_start_date, use_start_date, use_end_date, valid_end_date) VALUES (12, 'TYPHIM VI', 'typhoid, ViCPs', 101, 'PMC', TO_DATE('1970-01-01', 'YYYY-MM-DD'), TO_DATE('1970-01-01', 'YYYY-MM-DD'), TO_DATE('2100-01-01', 'YYYY-MM-DD'), TO_DATE('2100-01-01', 'YYYY-MM-DD'));
INSERT INTO dqa_vaccine_product(product_id, product_name, product_label, cvx_id, mvx_code, valid_start_date, use_start_date, use_end_date, valid_end_date) VALUES (13, 'TWINRIX', 'Hep A-Hep B', 104, 'SKB', TO_DATE('1970-01-01', 'YYYY-MM-DD'), TO_DATE('1970-01-01', 'YYYY-MM-DD'), TO_DATE('2100-01-01', 'YYYY-MM-DD'), TO_DATE('2100-01-01', 'YYYY-MM-DD'));
INSERT INTO dqa_vaccine_product(product_id, product_name, product_label, cvx_id, mvx_code, valid_start_date, use_start_date, use_end_date, valid_end_date) VALUES (14, 'DAPTACEL', 'DTaP, 5 pertussis antigens', 106, 'PMC', TO_DATE('1970-01-01', 'YYYY-MM-DD'), TO_DATE('1970-01-01', 'YYYY-MM-DD'), TO_DATE('2100-01-01', 'YYYY-MM-DD'), TO_DATE('2100-01-01', 'YYYY-MM-DD'));
INSERT INTO dqa_vaccine_product(product_id, product_name, product_label, cvx_id, mvx_code, valid_start_date, use_start_date, use_end_date, valid_end_date) VALUES (15, 'PEDIARIX', 'DTaP-Hep B-IPV', 110, 'SKB', TO_DATE('1970-01-01', 'YYYY-MM-DD'), TO_DATE('1970-01-01', 'YYYY-MM-DD'), TO_DATE('2100-01-01', 'YYYY-MM-DD'), TO_DATE('2100-01-01', 'YYYY-MM-DD'));
INSERT INTO dqa_vaccine_product(product_id, product_name, product_label, cvx_id, mvx_code, valid_start_date, use_start_date, use_end_date, valid_end_date) VALUES (16, 'FLUMIST', 'influenza, live, intranasal', 111, 'MED', TO_DATE('1970-01-01', 'YYYY-MM-DD'), TO_DATE('1970-01-01', 'YYYY-MM-DD'), TO_DATE('2100-01-01', 'YYYY-MM-DD'), TO_DATE('2100-01-01', 'YYYY-MM-DD'));
INSERT INTO dqa_vaccine_product(product_id, product_name, product_label, cvx_id, mvx_code, valid_start_date, use_start_date, use_end_date, valid_end_date) VALUES (17, 'DECAVAC', 'Td (adult) preservative free', 113, 'PMC', TO_DATE('1970-01-01', 'YYYY-MM-DD'), TO_DATE('1970-01-01', 'YYYY-MM-DD'), TO_DATE('2100-01-01', 'YYYY-MM-DD'), TO_DATE('2100-01-01', 'YYYY-MM-DD'));
INSERT INTO dqa_vaccine_product(product_id, product_name, product_label, cvx_id, mvx_code, valid_start_date, use_start_date, use_end_date, valid_end_date) VALUES (18, 'MENACTRA', 'meningococcal MCV4P', 114, 'PMC', TO_DATE('1970-01-01', 'YYYY-MM-DD'), TO_DATE('1970-01-01', 'YYYY-MM-DD'), TO_DATE('2100-01-01', 'YYYY-MM-DD'), TO_DATE('2100-01-01', 'YYYY-MM-DD'));
INSERT INTO dqa_vaccine_product(product_id, product_name, product_label, cvx_id, mvx_code, valid_start_date, use_start_date, use_end_date, valid_end_date) VALUES (19, 'ADACEL', 'Tdap', 115, 'PMC', TO_DATE('1970-01-01', 'YYYY-MM-DD'), TO_DATE('1970-01-01', 'YYYY-MM-DD'), TO_DATE('2100-01-01', 'YYYY-MM-DD'), TO_DATE('2100-01-01', 'YYYY-MM-DD'));
INSERT INTO dqa_vaccine_product(product_id, product_name, product_label, cvx_id, mvx_code, valid_start_date, use_start_date, use_end_date, valid_end_date) VALUES (20, 'BOOSTRIX', 'Tdap', 115, 'SKB', TO_DATE('1970-01-01', 'YYYY-MM-DD'), TO_DATE('1970-01-01', 'YYYY-MM-DD'), TO_DATE('2100-01-01', 'YYYY-MM-DD'), TO_DATE('2100-01-01', 'YYYY-MM-DD'));
INSERT INTO dqa_vaccine_product(product_id, product_name, product_label, cvx_id, mvx_code, valid_start_date, use_start_date, use_end_date, valid_end_date) VALUES (21, 'ROTATEQ', 'rotavirus, pentavalent', 116, 'MSD', TO_DATE('1970-01-01', 'YYYY-MM-DD'), TO_DATE('1970-01-01', 'YYYY-MM-DD'), TO_DATE('2100-01-01', 'YYYY-MM-DD'), TO_DATE('2100-01-01', 'YYYY-MM-DD'));
INSERT INTO dqa_vaccine_product(product_id, product_name, product_label, cvx_id, mvx_code, valid_start_date, use_start_date, use_end_date, valid_end_date) VALUES (22, 'CERVARIX', 'HPV, bivalent', 118, 'SKB', TO_DATE('1970-01-01', 'YYYY-MM-DD'), TO_DATE('1970-01-01', 'YYYY-MM-DD'), TO_DATE('2100-01-01', 'YYYY-MM-DD'), TO_DATE('2100-01-01', 'YYYY-MM-DD'));
INSERT INTO dqa_vaccine_product(product_id, product_name, product_label, cvx_id, mvx_code, valid_start_date, use_start_date, use_end_date, valid_end_date) VALUES (23, 'ROTARIX', 'rotavirus, monovalent', 119, 'SKB', TO_DATE('1970-01-01', 'YYYY-MM-DD'), TO_DATE('1970-01-01', 'YYYY-MM-DD'), TO_DATE('2100-01-01', 'YYYY-MM-DD'), TO_DATE('2100-01-01', 'YYYY-MM-DD'));
INSERT INTO dqa_vaccine_product(product_id, product_name, product_label, cvx_id, mvx_code, valid_start_date, use_start_date, use_end_date, valid_end_date) VALUES (24, 'PENTACEL', 'DTaP-Hib-IPV', 120, 'PMC', TO_DATE('1970-01-01', 'YYYY-MM-DD'), TO_DATE('1970-01-01', 'YYYY-MM-DD'), TO_DATE('2100-01-01', 'YYYY-MM-DD'), TO_DATE('2100-01-01', 'YYYY-MM-DD'));
INSERT INTO dqa_vaccine_product(product_id, product_name, product_label, cvx_id, mvx_code, valid_start_date, use_start_date, use_end_date, valid_end_date) VALUES (25, 'ZOSTAVAX', 'zoster', 121, 'MSD', TO_DATE('1970-01-01', 'YYYY-MM-DD'), TO_DATE('1970-01-01', 'YYYY-MM-DD'), TO_DATE('2100-01-01', 'YYYY-MM-DD'), TO_DATE('2100-01-01', 'YYYY-MM-DD'));
INSERT INTO dqa_vaccine_product(product_id, product_name, product_label, cvx_id, mvx_code, valid_start_date, use_start_date, use_end_date, valid_end_date) VALUES (26, 'KINRIX', 'DTaP-IPV', 130, 'SKB', TO_DATE('1970-01-01', 'YYYY-MM-DD'), TO_DATE('1970-01-01', 'YYYY-MM-DD'), TO_DATE('2100-01-01', 'YYYY-MM-DD'), TO_DATE('2100-01-01', 'YYYY-MM-DD'));
INSERT INTO dqa_vaccine_product(product_id, product_name, product_label, cvx_id, mvx_code, valid_start_date, use_start_date, use_end_date, valid_end_date) VALUES (27, 'PREVNAR 13', 'Pneumococcal conjugate PCV 13', 133, 'PFR', TO_DATE('1970-01-01', 'YYYY-MM-DD'), TO_DATE('1970-01-01', 'YYYY-MM-DD'), TO_DATE('2100-01-01', 'YYYY-MM-DD'), TO_DATE('2100-01-01', 'YYYY-MM-DD'));
INSERT INTO dqa_vaccine_product(product_id, product_name, product_label, cvx_id, mvx_code, valid_start_date, use_start_date, use_end_date, valid_end_date) VALUES (28, 'PREVNAR 13', 'Pneumococcal conjugate PCV 13', 133, 'WAL', TO_DATE('1970-01-01', 'YYYY-MM-DD'), TO_DATE('1970-01-01', 'YYYY-MM-DD'), TO_DATE('2010-05-28', 'YYYY-MM-DD'), TO_DATE('2010-05-28', 'YYYY-MM-DD'));
INSERT INTO dqa_vaccine_product(product_id, product_name, product_label, cvx_id, mvx_code, valid_start_date, use_start_date, use_end_date, valid_end_date) VALUES (29, 'IXIARO', 'Japanese Encephalitis IM', 134, 'INT', TO_DATE('1970-01-01', 'YYYY-MM-DD'), TO_DATE('1970-01-01', 'YYYY-MM-DD'), TO_DATE('2100-01-01', 'YYYY-MM-DD'), TO_DATE('2100-01-01', 'YYYY-MM-DD'));
INSERT INTO dqa_vaccine_product(product_id, product_name, product_label, cvx_id, mvx_code, valid_start_date, use_start_date, use_end_date, valid_end_date) VALUES (30, 'FLUZONE-HIGH DOSE', 'Influenza, high dose seasonal', 135, 'PMC', TO_DATE('1970-01-01', 'YYYY-MM-DD'), TO_DATE('1970-01-01', 'YYYY-MM-DD'), TO_DATE('2100-01-01', 'YYYY-MM-DD'), TO_DATE('2100-01-01', 'YYYY-MM-DD'));
INSERT INTO dqa_vaccine_product(product_id, product_name, product_label, cvx_id, mvx_code, valid_start_date, use_start_date, use_end_date, valid_end_date) VALUES (31, 'MENVEO', 'Meningococcal MCV4O', 136, 'NOV', TO_DATE('1970-01-01', 'YYYY-MM-DD'), TO_DATE('1970-01-01', 'YYYY-MM-DD'), TO_DATE('2100-01-01', 'YYYY-MM-DD'), TO_DATE('2100-01-01', 'YYYY-MM-DD'));
INSERT INTO dqa_vaccine_product(product_id, product_name, product_label, cvx_id, mvx_code, valid_start_date, use_start_date, use_end_date, valid_end_date) VALUES (32, 'Afluria, preservative free', 'Influenza, seasonal, injectable, preservative free', 140, 'CSL', TO_DATE('1970-01-01', 'YYYY-MM-DD'), TO_DATE('1970-01-01', 'YYYY-MM-DD'), TO_DATE('2100-01-01', 'YYYY-MM-DD'), TO_DATE('2100-01-01', 'YYYY-MM-DD'));
INSERT INTO dqa_vaccine_product(product_id, product_name, product_label, cvx_id, mvx_code, valid_start_date, use_start_date, use_end_date, valid_end_date) VALUES (33, 'AGRIFLU', 'Influenza, seasonal, injectable, preservative free', 140, 'NOV', TO_DATE('1970-01-01', 'YYYY-MM-DD'), TO_DATE('1970-01-01', 'YYYY-MM-DD'), TO_DATE('2100-01-01', 'YYYY-MM-DD'), TO_DATE('2100-01-01', 'YYYY-MM-DD'));
INSERT INTO dqa_vaccine_product(product_id, product_name, product_label, cvx_id, mvx_code, valid_start_date, use_start_date, use_end_date, valid_end_date) VALUES (34, 'FLUARIX', 'Influenza, seasonal, injectable, preservative free', 140, 'SKB', TO_DATE('1970-01-01', 'YYYY-MM-DD'), TO_DATE('1970-01-01', 'YYYY-MM-DD'), TO_DATE('2100-01-01', 'YYYY-MM-DD'), TO_DATE('2100-01-01', 'YYYY-MM-DD'));
INSERT INTO dqa_vaccine_product(product_id, product_name, product_label, cvx_id, mvx_code, valid_start_date, use_start_date, use_end_date, valid_end_date) VALUES (35, 'FLUVIRIN-PRESERVATIVE FREE', 'Influenza, seasonal, injectable, preservative free', 140, 'NOV', TO_DATE('1970-01-01', 'YYYY-MM-DD'), TO_DATE('1970-01-01', 'YYYY-MM-DD'), TO_DATE('2100-01-01', 'YYYY-MM-DD'), TO_DATE('2100-01-01', 'YYYY-MM-DD'));
INSERT INTO dqa_vaccine_product(product_id, product_name, product_label, cvx_id, mvx_code, valid_start_date, use_start_date, use_end_date, valid_end_date) VALUES (36, 'FLUZONE-PRESERVATIVE FREE', 'Influenza, seasonal, injectable, preservative free', 140, 'PMC', TO_DATE('1970-01-01', 'YYYY-MM-DD'), TO_DATE('1970-01-01', 'YYYY-MM-DD'), TO_DATE('2100-01-01', 'YYYY-MM-DD'), TO_DATE('2100-01-01', 'YYYY-MM-DD'));
INSERT INTO dqa_vaccine_product(product_id, product_name, product_label, cvx_id, mvx_code, valid_start_date, use_start_date, use_end_date, valid_end_date) VALUES (37, 'AFLURIA', 'Influenza, seasonal, injectable', 141, 'CSL', TO_DATE('1970-01-01', 'YYYY-MM-DD'), TO_DATE('1970-01-01', 'YYYY-MM-DD'), TO_DATE('2100-01-01', 'YYYY-MM-DD'), TO_DATE('2100-01-01', 'YYYY-MM-DD'));
INSERT INTO dqa_vaccine_product(product_id, product_name, product_label, cvx_id, mvx_code, valid_start_date, use_start_date, use_end_date, valid_end_date) VALUES (38, 'FLULAVAL', 'Influenza, seasonal, injectable', 141, 'SKB', TO_DATE('1970-01-01', 'YYYY-MM-DD'), TO_DATE('1970-01-01', 'YYYY-MM-DD'), TO_DATE('2100-01-01', 'YYYY-MM-DD'), TO_DATE('2100-01-01', 'YYYY-MM-DD'));
INSERT INTO dqa_vaccine_product(product_id, product_name, product_label, cvx_id, mvx_code, valid_start_date, use_start_date, use_end_date, valid_end_date) VALUES (39, 'FLUVIRIN', 'Influenza, seasonal, injectable', 141, 'NOV', TO_DATE('1970-01-01', 'YYYY-MM-DD'), TO_DATE('1970-01-01', 'YYYY-MM-DD'), TO_DATE('2100-01-01', 'YYYY-MM-DD'), TO_DATE('2100-01-01', 'YYYY-MM-DD'));
INSERT INTO dqa_vaccine_product(product_id, product_name, product_label, cvx_id, mvx_code, valid_start_date, use_start_date, use_end_date, valid_end_date) VALUES (40, 'FLUZONE', 'Influenza, seasonal, injectable', 141, 'PMC', TO_DATE('1970-01-01', 'YYYY-MM-DD'), TO_DATE('1970-01-01', 'YYYY-MM-DD'), TO_DATE('2100-01-01', 'YYYY-MM-DD'), TO_DATE('2100-01-01', 'YYYY-MM-DD'));
INSERT INTO dqa_vaccine_product(product_id, product_name, product_label, cvx_id, mvx_code, valid_start_date, use_start_date, use_end_date, valid_end_date) VALUES (41, 'IMOVAX', 'rabies, intramuscular injection', 18, 'PMC', TO_DATE('1970-01-01', 'YYYY-MM-DD'), TO_DATE('1970-01-01', 'YYYY-MM-DD'), TO_DATE('2100-01-01', 'YYYY-MM-DD'), TO_DATE('2100-01-01', 'YYYY-MM-DD'));
INSERT INTO dqa_vaccine_product(product_id, product_name, product_label, cvx_id, mvx_code, valid_start_date, use_start_date, use_end_date, valid_end_date) VALUES (42, 'RABAVERT', 'rabies, intramuscular injection', 18, 'NOV', TO_DATE('1970-01-01', 'YYYY-MM-DD'), TO_DATE('1970-01-01', 'YYYY-MM-DD'), TO_DATE('2100-01-01', 'YYYY-MM-DD'), TO_DATE('2100-01-01', 'YYYY-MM-DD'));
INSERT INTO dqa_vaccine_product(product_id, product_name, product_label, cvx_id, mvx_code, valid_start_date, use_start_date, use_end_date, valid_end_date) VALUES (43, 'MYCOBAX', 'BCG', 19, 'PMC', TO_DATE('1970-01-01', 'YYYY-MM-DD'), TO_DATE('1970-01-01', 'YYYY-MM-DD'), TO_DATE('2100-01-01', 'YYYY-MM-DD'), TO_DATE('2100-01-01', 'YYYY-MM-DD'));
INSERT INTO dqa_vaccine_product(product_id, product_name, product_label, cvx_id, mvx_code, valid_start_date, use_start_date, use_end_date, valid_end_date) VALUES (44, 'TICE BCG', 'BCG', 19, 'OTC', TO_DATE('1970-01-01', 'YYYY-MM-DD'), TO_DATE('1970-01-01', 'YYYY-MM-DD'), TO_DATE('2100-01-01', 'YYYY-MM-DD'), TO_DATE('2100-01-01', 'YYYY-MM-DD'));
INSERT INTO dqa_vaccine_product(product_id, product_name, product_label, cvx_id, mvx_code, valid_start_date, use_start_date, use_end_date, valid_end_date) VALUES (45, 'ACEL-IMUNE', 'DTaP', 20, 'WAL', TO_DATE('1970-01-01', 'YYYY-MM-DD'), TO_DATE('1970-01-01', 'YYYY-MM-DD'), TO_DATE('2010-09-01', 'YYYY-MM-DD'), TO_DATE('2010-09-01', 'YYYY-MM-DD'));
INSERT INTO dqa_vaccine_product(product_id, product_name, product_label, cvx_id, mvx_code, valid_start_date, use_start_date, use_end_date, valid_end_date) VALUES (46, 'CERTIVA', 'DTaP', 20, 'NAV', TO_DATE('1970-01-01', 'YYYY-MM-DD'), TO_DATE('1970-01-01', 'YYYY-MM-DD'), TO_DATE('2010-09-01', 'YYYY-MM-DD'), TO_DATE('2010-09-01', 'YYYY-MM-DD'));
INSERT INTO dqa_vaccine_product(product_id, product_name, product_label, cvx_id, mvx_code, valid_start_date, use_start_date, use_end_date, valid_end_date) VALUES (47, 'INFANRIX', 'DTaP', 20, 'SKB', TO_DATE('1970-01-01', 'YYYY-MM-DD'), TO_DATE('1970-01-01', 'YYYY-MM-DD'), TO_DATE('2100-01-01', 'YYYY-MM-DD'), TO_DATE('2100-01-01', 'YYYY-MM-DD'));
INSERT INTO dqa_vaccine_product(product_id, product_name, product_label, cvx_id, mvx_code, valid_start_date, use_start_date, use_end_date, valid_end_date) VALUES (48, 'TRIPEDIA', 'DTaP', 20, 'PMC', TO_DATE('1970-01-01', 'YYYY-MM-DD'), TO_DATE('1970-01-01', 'YYYY-MM-DD'), TO_DATE('2100-01-01', 'YYYY-MM-DD'), TO_DATE('2100-01-01', 'YYYY-MM-DD'));
INSERT INTO dqa_vaccine_product(product_id, product_name, product_label, cvx_id, mvx_code, valid_start_date, use_start_date, use_end_date, valid_end_date) VALUES (49, 'VARIVAX', 'varicella', 21, 'MSD', TO_DATE('1970-01-01', 'YYYY-MM-DD'), TO_DATE('1970-01-01', 'YYYY-MM-DD'), TO_DATE('2100-01-01', 'YYYY-MM-DD'), TO_DATE('2100-01-01', 'YYYY-MM-DD'));
INSERT INTO dqa_vaccine_product(product_id, product_name, product_label, cvx_id, mvx_code, valid_start_date, use_start_date, use_end_date, valid_end_date) VALUES (50, 'TETRAMUNE', 'DTP-Hib', 22, 'WAL', TO_DATE('1970-01-01', 'YYYY-MM-DD'), TO_DATE('1970-01-01', 'YYYY-MM-DD'), TO_DATE('2010-09-01', 'YYYY-MM-DD'), TO_DATE('2010-09-01', 'YYYY-MM-DD'));
INSERT INTO dqa_vaccine_product(product_id, product_name, product_label, cvx_id, mvx_code, valid_start_date, use_start_date, use_end_date, valid_end_date) VALUES (51, 'BIOTHRAX', 'anthrax', 24, 'MIP', TO_DATE('1970-01-01', 'YYYY-MM-DD'), TO_DATE('1970-01-01', 'YYYY-MM-DD'), TO_DATE('2100-01-01', 'YYYY-MM-DD'), TO_DATE('2100-01-01', 'YYYY-MM-DD'));
INSERT INTO dqa_vaccine_product(product_id, product_name, product_label, cvx_id, mvx_code, valid_start_date, use_start_date, use_end_date, valid_end_date) VALUES (52, 'VIVOTIF BERNA', 'typhoid, oral', 25, 'BPC', TO_DATE('1970-01-01', 'YYYY-MM-DD'), TO_DATE('1970-01-01', 'YYYY-MM-DD'), TO_DATE('2100-01-01', 'YYYY-MM-DD'), TO_DATE('2100-01-01', 'YYYY-MM-DD'));
INSERT INTO dqa_vaccine_product(product_id, product_name, product_label, cvx_id, mvx_code, valid_start_date, use_start_date, use_end_date, valid_end_date) VALUES (53, 'DT(GENERIC)', 'DT (pediatric)', 28, 'PMC', TO_DATE('1970-01-01', 'YYYY-MM-DD'), TO_DATE('1970-01-01', 'YYYY-MM-DD'), TO_DATE('2100-01-01', 'YYYY-MM-DD'), TO_DATE('2100-01-01', 'YYYY-MM-DD'));
INSERT INTO dqa_vaccine_product(product_id, product_name, product_label, cvx_id, mvx_code, valid_start_date, use_start_date, use_end_date, valid_end_date) VALUES (54, 'MENOMUNE', 'meningococcal MPSV4', 32, 'PMC', TO_DATE('1970-01-01', 'YYYY-MM-DD'), TO_DATE('1970-01-01', 'YYYY-MM-DD'), TO_DATE('2100-01-01', 'YYYY-MM-DD'), TO_DATE('2100-01-01', 'YYYY-MM-DD'));
INSERT INTO dqa_vaccine_product(product_id, product_name, product_label, cvx_id, mvx_code, valid_start_date, use_start_date, use_end_date, valid_end_date) VALUES (55, 'PNEUMOVAX 23', 'pneumococcal polysaccharide PPV23', 33, 'MSD', TO_DATE('1970-01-01', 'YYYY-MM-DD'), TO_DATE('1970-01-01', 'YYYY-MM-DD'), TO_DATE('2100-01-01', 'YYYY-MM-DD'), TO_DATE('2100-01-01', 'YYYY-MM-DD'));
INSERT INTO dqa_vaccine_product(product_id, product_name, product_label, cvx_id, mvx_code, valid_start_date, use_start_date, use_end_date, valid_end_date) VALUES (56, 'TETANUS TOXOID (GENERIC)', 'tetanus toxoid, adsorbed', 35, 'PMC', TO_DATE('1970-01-01', 'YYYY-MM-DD'), TO_DATE('1970-01-01', 'YYYY-MM-DD'), TO_DATE('2100-01-01', 'YYYY-MM-DD'), TO_DATE('2100-01-01', 'YYYY-MM-DD'));
INSERT INTO dqa_vaccine_product(product_id, product_name, product_label, cvx_id, mvx_code, valid_start_date, use_start_date, use_end_date, valid_end_date) VALUES (57, 'YF-VAX', 'yellow fever', 37, 'PMC', TO_DATE('1970-01-01', 'YYYY-MM-DD'), TO_DATE('1970-01-01', 'YYYY-MM-DD'), TO_DATE('2100-01-01', 'YYYY-MM-DD'), TO_DATE('2100-01-01', 'YYYY-MM-DD'));
INSERT INTO dqa_vaccine_product(product_id, product_name, product_label, cvx_id, mvx_code, valid_start_date, use_start_date, use_end_date, valid_end_date) VALUES (58, 'BIAVAX II', 'rubella/mumps', 38, 'MSD', TO_DATE('1970-01-01', 'YYYY-MM-DD'), TO_DATE('1970-01-01', 'YYYY-MM-DD'), TO_DATE('2010-09-01', 'YYYY-MM-DD'), TO_DATE('2010-09-01', 'YYYY-MM-DD'));
INSERT INTO dqa_vaccine_product(product_id, product_name, product_label, cvx_id, mvx_code, valid_start_date, use_start_date, use_end_date, valid_end_date) VALUES (59, 'JE-VAX', 'Japanese encephalitis SC', 39, 'JPN', TO_DATE('1970-01-01', 'YYYY-MM-DD'), TO_DATE('1970-01-01', 'YYYY-MM-DD'), TO_DATE('2100-01-01', 'YYYY-MM-DD'), TO_DATE('2100-01-01', 'YYYY-MM-DD'));
INSERT INTO dqa_vaccine_product(product_id, product_name, product_label, cvx_id, mvx_code, valid_start_date, use_start_date, use_end_date, valid_end_date) VALUES (60, 'IMOVAX ID', 'rabies, intradermal injection', 40, 'PMC', TO_DATE('1970-01-01', 'YYYY-MM-DD'), TO_DATE('1970-01-01', 'YYYY-MM-DD'), TO_DATE('2010-08-18', 'YYYY-MM-DD'), TO_DATE('2010-08-18', 'YYYY-MM-DD'));
INSERT INTO dqa_vaccine_product(product_id, product_name, product_label, cvx_id, mvx_code, valid_start_date, use_start_date, use_end_date, valid_end_date) VALUES (61, 'RabAvert', 'rabies, intradermal injection', 40, 'CHI', TO_DATE('1970-01-01', 'YYYY-MM-DD'), TO_DATE('1970-01-01', 'YYYY-MM-DD'), TO_DATE('2010-05-28', 'YYYY-MM-DD'), TO_DATE('2010-05-28', 'YYYY-MM-DD'));
INSERT INTO dqa_vaccine_product(product_id, product_name, product_label, cvx_id, mvx_code, valid_start_date, use_start_date, use_end_date, valid_end_date) VALUES (62, 'ENGERIX-B-ADULT', 'Hep B, adult', 43, 'SKB', TO_DATE('1970-01-01', 'YYYY-MM-DD'), TO_DATE('1970-01-01', 'YYYY-MM-DD'), TO_DATE('2100-01-01', 'YYYY-MM-DD'), TO_DATE('2100-01-01', 'YYYY-MM-DD'));
INSERT INTO dqa_vaccine_product(product_id, product_name, product_label, cvx_id, mvx_code, valid_start_date, use_start_date, use_end_date, valid_end_date) VALUES (63, 'RECOMBIVAX-ADULT', 'Hep B, adult', 43, 'MSD', TO_DATE('1970-01-01', 'YYYY-MM-DD'), TO_DATE('1970-01-01', 'YYYY-MM-DD'), TO_DATE('2100-01-01', 'YYYY-MM-DD'), TO_DATE('2100-01-01', 'YYYY-MM-DD'));
INSERT INTO dqa_vaccine_product(product_id, product_name, product_label, cvx_id, mvx_code, valid_start_date, use_start_date, use_end_date, valid_end_date) VALUES (64, 'RECOMBIVAX-DIALYSIS', 'Hep B, dialysis', 44, 'MSD', TO_DATE('1970-01-01', 'YYYY-MM-DD'), TO_DATE('1970-01-01', 'YYYY-MM-DD'), TO_DATE('2100-01-01', 'YYYY-MM-DD'), TO_DATE('2100-01-01', 'YYYY-MM-DD'));
INSERT INTO dqa_vaccine_product(product_id, product_name, product_label, cvx_id, mvx_code, valid_start_date, use_start_date, use_end_date, valid_end_date) VALUES (65, 'PROHIBIT', 'Hib (PRP-D)', 46, 'PMC', TO_DATE('1970-01-01', 'YYYY-MM-DD'), TO_DATE('1970-01-01', 'YYYY-MM-DD'), TO_DATE('2010-09-01', 'YYYY-MM-DD'), TO_DATE('2010-09-01', 'YYYY-MM-DD'));
INSERT INTO dqa_vaccine_product(product_id, product_name, product_label, cvx_id, mvx_code, valid_start_date, use_start_date, use_end_date, valid_end_date) VALUES (66, 'HIBTITER', 'Hib (HbOC)', 47, 'WAL', TO_DATE('1970-01-01', 'YYYY-MM-DD'), TO_DATE('1970-01-01', 'YYYY-MM-DD'), TO_DATE('2010-08-18', 'YYYY-MM-DD'), TO_DATE('2010-08-18', 'YYYY-MM-DD'));
INSERT INTO dqa_vaccine_product(product_id, product_name, product_label, cvx_id, mvx_code, valid_start_date, use_start_date, use_end_date, valid_end_date) VALUES (67, 'ACTHIB', 'Hib (PRP-T)', 48, 'PMC', TO_DATE('1970-01-01', 'YYYY-MM-DD'), TO_DATE('1970-01-01', 'YYYY-MM-DD'), TO_DATE('2100-01-01', 'YYYY-MM-DD'), TO_DATE('2100-01-01', 'YYYY-MM-DD'));
INSERT INTO dqa_vaccine_product(product_id, product_name, product_label, cvx_id, mvx_code, valid_start_date, use_start_date, use_end_date, valid_end_date) VALUES (68, 'HIBERIX', 'Hib (PRP-T)', 48, 'SKB', TO_DATE('1970-01-01', 'YYYY-MM-DD'), TO_DATE('1970-01-01', 'YYYY-MM-DD'), TO_DATE('2100-01-01', 'YYYY-MM-DD'), TO_DATE('2100-01-01', 'YYYY-MM-DD'));
INSERT INTO dqa_vaccine_product(product_id, product_name, product_label, cvx_id, mvx_code, valid_start_date, use_start_date, use_end_date, valid_end_date) VALUES (69, 'OMNIHIB', 'Hib (PRP-T)', 48, 'SKB', TO_DATE('1970-01-01', 'YYYY-MM-DD'), TO_DATE('1970-01-01', 'YYYY-MM-DD'), TO_DATE('2010-09-01', 'YYYY-MM-DD'), TO_DATE('2010-09-01', 'YYYY-MM-DD'));
INSERT INTO dqa_vaccine_product(product_id, product_name, product_label, cvx_id, mvx_code, valid_start_date, use_start_date, use_end_date, valid_end_date) VALUES (70, 'PEDVAXHIB', 'Hib (PRP-OMP)', 49, 'MSD', TO_DATE('1970-01-01', 'YYYY-MM-DD'), TO_DATE('1970-01-01', 'YYYY-MM-DD'), TO_DATE('2100-01-01', 'YYYY-MM-DD'), TO_DATE('2100-01-01', 'YYYY-MM-DD'));
INSERT INTO dqa_vaccine_product(product_id, product_name, product_label, cvx_id, mvx_code, valid_start_date, use_start_date, use_end_date, valid_end_date) VALUES (71, 'TRIHIBIT', 'DTaP-Hib', 50, 'PMC', TO_DATE('1970-01-01', 'YYYY-MM-DD'), TO_DATE('1970-01-01', 'YYYY-MM-DD'), TO_DATE('2100-01-01', 'YYYY-MM-DD'), TO_DATE('2100-01-01', 'YYYY-MM-DD'));
INSERT INTO dqa_vaccine_product(product_id, product_name, product_label, cvx_id, mvx_code, valid_start_date, use_start_date, use_end_date, valid_end_date) VALUES (72, 'COMVAX', 'Hib-Hep B', 51, 'MSD', TO_DATE('1970-01-01', 'YYYY-MM-DD'), TO_DATE('1970-01-01', 'YYYY-MM-DD'), TO_DATE('2100-01-01', 'YYYY-MM-DD'), TO_DATE('2100-01-01', 'YYYY-MM-DD'));
INSERT INTO dqa_vaccine_product(product_id, product_name, product_label, cvx_id, mvx_code, valid_start_date, use_start_date, use_end_date, valid_end_date) VALUES (73, 'HAVRIX-ADULT', 'Hep A, adult', 52, 'SKB', TO_DATE('1970-01-01', 'YYYY-MM-DD'), TO_DATE('1970-01-01', 'YYYY-MM-DD'), TO_DATE('2100-01-01', 'YYYY-MM-DD'), TO_DATE('2100-01-01', 'YYYY-MM-DD'));
INSERT INTO dqa_vaccine_product(product_id, product_name, product_label, cvx_id, mvx_code, valid_start_date, use_start_date, use_end_date, valid_end_date) VALUES (74, 'VAQTA-ADULT', 'Hep A, adult', 52, 'MSD', TO_DATE('1970-01-01', 'YYYY-MM-DD'), TO_DATE('1970-01-01', 'YYYY-MM-DD'), TO_DATE('2100-01-01', 'YYYY-MM-DD'), TO_DATE('2100-01-01', 'YYYY-MM-DD'));
INSERT INTO dqa_vaccine_product(product_id, product_name, product_label, cvx_id, mvx_code, valid_start_date, use_start_date, use_end_date, valid_end_date) VALUES (75, 'TYPHOID-AKD', 'typhoid, parenteral, AKD (U.S. military)', 53, 'USA', TO_DATE('1970-01-01', 'YYYY-MM-DD'), TO_DATE('1970-01-01', 'YYYY-MM-DD'), TO_DATE('2100-01-01', 'YYYY-MM-DD'), TO_DATE('2100-01-01', 'YYYY-MM-DD'));
INSERT INTO dqa_vaccine_product(product_id, product_name, product_label, cvx_id, mvx_code, valid_start_date, use_start_date, use_end_date, valid_end_date) VALUES (76, 'GARDASIL', 'HPV, quadrivalent', 62, 'MSD', TO_DATE('1970-01-01', 'YYYY-MM-DD'), TO_DATE('1970-01-01', 'YYYY-MM-DD'), TO_DATE('2100-01-01', 'YYYY-MM-DD'), TO_DATE('2100-01-01', 'YYYY-MM-DD'));
INSERT INTO dqa_vaccine_product(product_id, product_name, product_label, cvx_id, mvx_code, valid_start_date, use_start_date, use_end_date, valid_end_date) VALUES (77, 'ACAM2000', 'vaccinia (smallpox)', 75, 'ACA', TO_DATE('1970-01-01', 'YYYY-MM-DD'), TO_DATE('1970-01-01', 'YYYY-MM-DD'), TO_DATE('2010-05-28', 'YYYY-MM-DD'), TO_DATE('2010-05-28', 'YYYY-MM-DD'));
INSERT INTO dqa_vaccine_product(product_id, product_name, product_label, cvx_id, mvx_code, valid_start_date, use_start_date, use_end_date, valid_end_date) VALUES (78, 'ACAM2000', 'vaccinia (smallpox)', 75, 'PMC', TO_DATE('1970-01-01', 'YYYY-MM-DD'), TO_DATE('1970-01-01', 'YYYY-MM-DD'), TO_DATE('2100-01-01', 'YYYY-MM-DD'), TO_DATE('2100-01-01', 'YYYY-MM-DD'));
INSERT INTO dqa_vaccine_product(product_id, product_name, product_label, cvx_id, mvx_code, valid_start_date, use_start_date, use_end_date, valid_end_date) VALUES (79, 'DRYVAX', 'vaccinia (smallpox)', 75, 'WAL', TO_DATE('1970-01-01', 'YYYY-MM-DD'), TO_DATE('1970-01-01', 'YYYY-MM-DD'), TO_DATE('2010-09-01', 'YYYY-MM-DD'), TO_DATE('2010-09-01', 'YYYY-MM-DD'));
INSERT INTO dqa_vaccine_product(product_id, product_name, product_label, cvx_id, mvx_code, valid_start_date, use_start_date, use_end_date, valid_end_date) VALUES (80, 'HAVRIX-PEDS', 'Hep A, ped/adol, 2 dose', 83, 'SKB', TO_DATE('1970-01-01', 'YYYY-MM-DD'), TO_DATE('1970-01-01', 'YYYY-MM-DD'), TO_DATE('2100-01-01', 'YYYY-MM-DD'), TO_DATE('2100-01-01', 'YYYY-MM-DD'));
INSERT INTO dqa_vaccine_product(product_id, product_name, product_label, cvx_id, mvx_code, valid_start_date, use_start_date, use_end_date, valid_end_date) VALUES (81, 'VAQTA-PEDS', 'Hep A, ped/adol, 2 dose', 83, 'MSD', TO_DATE('1970-01-01', 'YYYY-MM-DD'), TO_DATE('1970-01-01', 'YYYY-MM-DD'), TO_DATE('2100-01-01', 'YYYY-MM-DD'), TO_DATE('2100-01-01', 'YYYY-MM-DD'));
INSERT INTO dqa_vaccine_product(product_id, product_name, product_label, cvx_id, mvx_code, valid_start_date, use_start_date, use_end_date, valid_end_date) VALUES (82, 'PROQUAD', 'MMRV', 94, 'MSD', TO_DATE('1970-01-01', 'YYYY-MM-DD'), TO_DATE('1970-01-01', 'YYYY-MM-DD'), TO_DATE('2100-01-01', 'YYYY-MM-DD'), TO_DATE('2100-01-01', 'YYYY-MM-DD'));

DROP TABLE dqa_vaccine_cvx; 

CREATE TABLE dqa_vaccine_cvx
(
  cvx_id              INTEGER NOT NULL,
  cvx_code            VARCHAR2(10) NOT NULL,
  cvx_label           VARCHAR2(250) NOT NULL,
  valid_start_date    DATE NOT NULL,
  use_start_date      DATE NOT NULL,
  use_end_date        DATE NOT NULL,
  valid_end_date      DATE NOT NULL,
  use_month_start     INTEGER NOT NULL,
  use_month_end       INTEGER NOT NULL,
  concept_type        VARCHAR2(30) NOT NULL
);

INSERT INTO dqa_vaccine_cvx (cvx_id, cvx_code, cvx_label, valid_start_date, use_start_date, use_end_date, valid_end_date, use_month_start, use_month_end, concept_type) VALUES (998,'998', 'no vaccine administered', TO_DATE('1970-01-01', 'YYYY-MM-DD'), TO_DATE('1970-01-01', 'YYYY-MM-DD'), TO_DATE('2010-05-28', 'YYYY-MM-DD'), TO_DATE('2010-05-28', 'YYYY-MM-DD'), 1, 1440, 'non vaccine');
INSERT INTO dqa_vaccine_cvx (cvx_id, cvx_code, cvx_label, valid_start_date, use_start_date, use_end_date, valid_end_date, use_month_start, use_month_end, concept_type) VALUES (99,'99', 'RESERVED - do not use', TO_DATE('1970-01-01', 'YYYY-MM-DD'), TO_DATE('1970-01-01', 'YYYY-MM-DD'), TO_DATE('2010-05-28', 'YYYY-MM-DD'), TO_DATE('2010-05-28', 'YYYY-MM-DD'), 1, 1440, 'non vaccine');
INSERT INTO dqa_vaccine_cvx (cvx_id, cvx_code, cvx_label, valid_start_date, use_start_date, use_end_date, valid_end_date, use_month_start, use_month_end, concept_type) VALUES (999,'999', 'unknown', TO_DATE('1970-01-01', 'YYYY-MM-DD'), TO_DATE('1970-01-01', 'YYYY-MM-DD'), TO_DATE('2010-05-28', 'YYYY-MM-DD'), TO_DATE('2010-05-28', 'YYYY-MM-DD'), 1, 1440, 'non vaccine');
INSERT INTO dqa_vaccine_cvx (cvx_id, cvx_code, cvx_label, valid_start_date, use_start_date, use_end_date, valid_end_date, use_month_start, use_month_end, concept_type) VALUES (143,'143', 'Adenovirus types 4 and 7', TO_DATE('1970-01-01', 'YYYY-MM-DD'), TO_DATE('1970-01-01', 'YYYY-MM-DD'), TO_DATE('2100-01-01', 'YYYY-MM-DD'), TO_DATE('2100-01-01', 'YYYY-MM-DD'), 1, 1440, 'vaccine');
INSERT INTO dqa_vaccine_cvx (cvx_id, cvx_code, cvx_label, valid_start_date, use_start_date, use_end_date, valid_end_date, use_month_start, use_month_end, concept_type) VALUES (54,'54', 'adenovirus, type 4', TO_DATE('1970-01-01', 'YYYY-MM-DD'), TO_DATE('1970-01-01', 'YYYY-MM-DD'), TO_DATE('2010-05-28', 'YYYY-MM-DD'), TO_DATE('2010-05-28', 'YYYY-MM-DD'), 1, 1440, 'vaccine');
INSERT INTO dqa_vaccine_cvx (cvx_id, cvx_code, cvx_label, valid_start_date, use_start_date, use_end_date, valid_end_date, use_month_start, use_month_end, concept_type) VALUES (55,'55', 'adenovirus, type 7', TO_DATE('1970-01-01', 'YYYY-MM-DD'), TO_DATE('1970-01-01', 'YYYY-MM-DD'), TO_DATE('2010-05-28', 'YYYY-MM-DD'), TO_DATE('2010-05-28', 'YYYY-MM-DD'), 1, 1440, 'vaccine');
INSERT INTO dqa_vaccine_cvx (cvx_id, cvx_code, cvx_label, valid_start_date, use_start_date, use_end_date, valid_end_date, use_month_start, use_month_end, concept_type) VALUES (82,'82', 'adenovirus, unspecified formulation', TO_DATE('1970-01-01', 'YYYY-MM-DD'), TO_DATE('1970-01-01', 'YYYY-MM-DD'), TO_DATE('2010-09-30', 'YYYY-MM-DD'), TO_DATE('2010-09-30', 'YYYY-MM-DD'), 1, 1440, 'unspecified');
INSERT INTO dqa_vaccine_cvx (cvx_id, cvx_code, cvx_label, valid_start_date, use_start_date, use_end_date, valid_end_date, use_month_start, use_month_end, concept_type) VALUES (24,'24', 'anthrax', TO_DATE('1970-01-01', 'YYYY-MM-DD'), TO_DATE('1970-01-01', 'YYYY-MM-DD'), TO_DATE('2100-01-01', 'YYYY-MM-DD'), TO_DATE('2100-01-01', 'YYYY-MM-DD'), 1, 1440, 'vaccine');
INSERT INTO dqa_vaccine_cvx (cvx_id, cvx_code, cvx_label, valid_start_date, use_start_date, use_end_date, valid_end_date, use_month_start, use_month_end, concept_type) VALUES (19,'19', 'BCG', TO_DATE('1970-01-01', 'YYYY-MM-DD'), TO_DATE('1970-01-01', 'YYYY-MM-DD'), TO_DATE('2100-01-01', 'YYYY-MM-DD'), TO_DATE('2100-01-01', 'YYYY-MM-DD'), 1, 1440, 'vaccine');
INSERT INTO dqa_vaccine_cvx (cvx_id, cvx_code, cvx_label, valid_start_date, use_start_date, use_end_date, valid_end_date, use_month_start, use_month_end, concept_type) VALUES (27,'27', 'botulinum antitoxin', TO_DATE('1970-01-01', 'YYYY-MM-DD'), TO_DATE('1970-01-01', 'YYYY-MM-DD'), TO_DATE('2100-01-01', 'YYYY-MM-DD'), TO_DATE('2100-01-01', 'YYYY-MM-DD'), 1, 1440, 'vaccine');
INSERT INTO dqa_vaccine_cvx (cvx_id, cvx_code, cvx_label, valid_start_date, use_start_date, use_end_date, valid_end_date, use_month_start, use_month_end, concept_type) VALUES (26,'26', 'cholera', TO_DATE('1970-01-01', 'YYYY-MM-DD'), TO_DATE('1970-01-01', 'YYYY-MM-DD'), TO_DATE('2010-05-28', 'YYYY-MM-DD'), TO_DATE('2010-05-28', 'YYYY-MM-DD'), 1, 1440, 'unspecified');
INSERT INTO dqa_vaccine_cvx (cvx_id, cvx_code, cvx_label, valid_start_date, use_start_date, use_end_date, valid_end_date, use_month_start, use_month_end, concept_type) VALUES (29,'29', 'CMVIG', TO_DATE('1970-01-01', 'YYYY-MM-DD'), TO_DATE('1970-01-01', 'YYYY-MM-DD'), TO_DATE('2100-01-01', 'YYYY-MM-DD'), TO_DATE('2100-01-01', 'YYYY-MM-DD'), 1, 1440, 'vaccine');
INSERT INTO dqa_vaccine_cvx (cvx_id, cvx_code, cvx_label, valid_start_date, use_start_date, use_end_date, valid_end_date, use_month_start, use_month_end, concept_type) VALUES (56,'56', 'dengue fever', TO_DATE('1970-01-01', 'YYYY-MM-DD'), TO_DATE('1970-01-01', 'YYYY-MM-DD'), TO_DATE('2100-01-01', 'YYYY-MM-DD'), TO_DATE('2100-01-01', 'YYYY-MM-DD'), 1, 1440, 'vaccine');
INSERT INTO dqa_vaccine_cvx (cvx_id, cvx_code, cvx_label, valid_start_date, use_start_date, use_end_date, valid_end_date, use_month_start, use_month_end, concept_type) VALUES (12,'12', 'diphtheria antitoxin', TO_DATE('1970-01-01', 'YYYY-MM-DD'), TO_DATE('1970-01-01', 'YYYY-MM-DD'), TO_DATE('2100-01-01', 'YYYY-MM-DD'), TO_DATE('2100-01-01', 'YYYY-MM-DD'), 1, 1440, 'vaccine');
INSERT INTO dqa_vaccine_cvx (cvx_id, cvx_code, cvx_label, valid_start_date, use_start_date, use_end_date, valid_end_date, use_month_start, use_month_end, concept_type) VALUES (28,'28', 'DT (pediatric)', TO_DATE('1970-01-01', 'YYYY-MM-DD'), TO_DATE('1970-01-01', 'YYYY-MM-DD'), TO_DATE('2100-01-01', 'YYYY-MM-DD'), TO_DATE('2100-01-01', 'YYYY-MM-DD'), 1, 1440, 'vaccine');
INSERT INTO dqa_vaccine_cvx (cvx_id, cvx_code, cvx_label, valid_start_date, use_start_date, use_end_date, valid_end_date, use_month_start, use_month_end, concept_type) VALUES (20,'20', 'DTaP', TO_DATE('1970-01-01', 'YYYY-MM-DD'), TO_DATE('1970-01-01', 'YYYY-MM-DD'), TO_DATE('2100-01-01', 'YYYY-MM-DD'), TO_DATE('2100-01-01', 'YYYY-MM-DD'), 1, 1440, 'vaccine');
INSERT INTO dqa_vaccine_cvx (cvx_id, cvx_code, cvx_label, valid_start_date, use_start_date, use_end_date, valid_end_date, use_month_start, use_month_end, concept_type) VALUES (106,'106', 'DTaP, 5 pertussis antigens', TO_DATE('1970-01-01', 'YYYY-MM-DD'), TO_DATE('1970-01-01', 'YYYY-MM-DD'), TO_DATE('2100-01-01', 'YYYY-MM-DD'), TO_DATE('2100-01-01', 'YYYY-MM-DD'), 1, 1440, 'vaccine');
INSERT INTO dqa_vaccine_cvx (cvx_id, cvx_code, cvx_label, valid_start_date, use_start_date, use_end_date, valid_end_date, use_month_start, use_month_end, concept_type) VALUES (107,'107', 'DTaP, unspecified formulation', TO_DATE('1970-01-01', 'YYYY-MM-DD'), TO_DATE('1970-01-01', 'YYYY-MM-DD'), TO_DATE('2010-09-30', 'YYYY-MM-DD'), TO_DATE('2010-09-30', 'YYYY-MM-DD'), 1, 1440, 'unspecified');
INSERT INTO dqa_vaccine_cvx (cvx_id, cvx_code, cvx_label, valid_start_date, use_start_date, use_end_date, valid_end_date, use_month_start, use_month_end, concept_type) VALUES (110,'110', 'DTaP-Hep B-IPV', TO_DATE('1970-01-01', 'YYYY-MM-DD'), TO_DATE('1970-01-01', 'YYYY-MM-DD'), TO_DATE('2100-01-01', 'YYYY-MM-DD'), TO_DATE('2100-01-01', 'YYYY-MM-DD'), 1, 1440, 'vaccine');
INSERT INTO dqa_vaccine_cvx (cvx_id, cvx_code, cvx_label, valid_start_date, use_start_date, use_end_date, valid_end_date, use_month_start, use_month_end, concept_type) VALUES (50,'50', 'DTaP-Hib', TO_DATE('1970-01-01', 'YYYY-MM-DD'), TO_DATE('1970-01-01', 'YYYY-MM-DD'), TO_DATE('2100-01-01', 'YYYY-MM-DD'), TO_DATE('2100-01-01', 'YYYY-MM-DD'), 1, 1440, 'vaccine');
INSERT INTO dqa_vaccine_cvx (cvx_id, cvx_code, cvx_label, valid_start_date, use_start_date, use_end_date, valid_end_date, use_month_start, use_month_end, concept_type) VALUES (120,'120', 'DTaP-Hib-IPV', TO_DATE('1970-01-01', 'YYYY-MM-DD'), TO_DATE('1970-01-01', 'YYYY-MM-DD'), TO_DATE('2100-01-01', 'YYYY-MM-DD'), TO_DATE('2100-01-01', 'YYYY-MM-DD'), 1, 1440, 'vaccine');
INSERT INTO dqa_vaccine_cvx (cvx_id, cvx_code, cvx_label, valid_start_date, use_start_date, use_end_date, valid_end_date, use_month_start, use_month_end, concept_type) VALUES (130,'130', 'DTaP-IPV', TO_DATE('1970-01-01', 'YYYY-MM-DD'), TO_DATE('1970-01-01', 'YYYY-MM-DD'), TO_DATE('2100-01-01', 'YYYY-MM-DD'), TO_DATE('2100-01-01', 'YYYY-MM-DD'), 1, 1440, 'vaccine');
INSERT INTO dqa_vaccine_cvx (cvx_id, cvx_code, cvx_label, valid_start_date, use_start_date, use_end_date, valid_end_date, use_month_start, use_month_end, concept_type) VALUES (132,'132', 'DTaP-IPV-HIB-HEP B, historical', TO_DATE('1970-01-01', 'YYYY-MM-DD'), TO_DATE('1970-01-01', 'YYYY-MM-DD'), TO_DATE('2010-05-28', 'YYYY-MM-DD'), TO_DATE('2010-05-28', 'YYYY-MM-DD'), 1, 1440, 'vaccine');
INSERT INTO dqa_vaccine_cvx (cvx_id, cvx_code, cvx_label, valid_start_date, use_start_date, use_end_date, valid_end_date, use_month_start, use_month_end, concept_type) VALUES (1,'01', 'DTP', TO_DATE('1970-01-01', 'YYYY-MM-DD'), TO_DATE('1970-01-01', 'YYYY-MM-DD'), TO_DATE('2010-05-28', 'YYYY-MM-DD'), TO_DATE('2010-05-28', 'YYYY-MM-DD'), 1, 1440, 'vaccine');
INSERT INTO dqa_vaccine_cvx (cvx_id, cvx_code, cvx_label, valid_start_date, use_start_date, use_end_date, valid_end_date, use_month_start, use_month_end, concept_type) VALUES (22,'22', 'DTP-Hib', TO_DATE('1970-01-01', 'YYYY-MM-DD'), TO_DATE('1970-01-01', 'YYYY-MM-DD'), TO_DATE('2010-05-28', 'YYYY-MM-DD'), TO_DATE('2010-05-28', 'YYYY-MM-DD'), 1, 1440, 'vaccine');
INSERT INTO dqa_vaccine_cvx (cvx_id, cvx_code, cvx_label, valid_start_date, use_start_date, use_end_date, valid_end_date, use_month_start, use_month_end, concept_type) VALUES (102,'102', 'DTP-Hib-Hep B', TO_DATE('1970-01-01', 'YYYY-MM-DD'), TO_DATE('1970-01-01', 'YYYY-MM-DD'), TO_DATE('2010-05-28', 'YYYY-MM-DD'), TO_DATE('2010-05-28', 'YYYY-MM-DD'), 1, 1440, 'vaccine');
INSERT INTO dqa_vaccine_cvx (cvx_id, cvx_code, cvx_label, valid_start_date, use_start_date, use_end_date, valid_end_date, use_month_start, use_month_end, concept_type) VALUES (57,'57', 'hantavirus', TO_DATE('1970-01-01', 'YYYY-MM-DD'), TO_DATE('1970-01-01', 'YYYY-MM-DD'), TO_DATE('2100-01-01', 'YYYY-MM-DD'), TO_DATE('2100-01-01', 'YYYY-MM-DD'), 1, 1440, 'vaccine');
INSERT INTO dqa_vaccine_cvx (cvx_id, cvx_code, cvx_label, valid_start_date, use_start_date, use_end_date, valid_end_date, use_month_start, use_month_end, concept_type) VALUES (30,'30', 'HBIG', TO_DATE('1970-01-01', 'YYYY-MM-DD'), TO_DATE('1970-01-01', 'YYYY-MM-DD'), TO_DATE('2100-01-01', 'YYYY-MM-DD'), TO_DATE('2100-01-01', 'YYYY-MM-DD'), 1, 1440, 'vaccine');
INSERT INTO dqa_vaccine_cvx (cvx_id, cvx_code, cvx_label, valid_start_date, use_start_date, use_end_date, valid_end_date, use_month_start, use_month_end, concept_type) VALUES (52,'52', 'Hep A, adult', TO_DATE('1970-01-01', 'YYYY-MM-DD'), TO_DATE('1970-01-01', 'YYYY-MM-DD'), TO_DATE('2100-01-01', 'YYYY-MM-DD'), TO_DATE('2100-01-01', 'YYYY-MM-DD'), 1, 1440, 'vaccine');
INSERT INTO dqa_vaccine_cvx (cvx_id, cvx_code, cvx_label, valid_start_date, use_start_date, use_end_date, valid_end_date, use_month_start, use_month_end, concept_type) VALUES (83,'83', 'Hep A, ped/adol, 2 dose', TO_DATE('1970-01-01', 'YYYY-MM-DD'), TO_DATE('1970-01-01', 'YYYY-MM-DD'), TO_DATE('2100-01-01', 'YYYY-MM-DD'), TO_DATE('2100-01-01', 'YYYY-MM-DD'), 1, 1440, 'vaccine');
INSERT INTO dqa_vaccine_cvx (cvx_id, cvx_code, cvx_label, valid_start_date, use_start_date, use_end_date, valid_end_date, use_month_start, use_month_end, concept_type) VALUES (84,'84', 'Hep A, ped/adol, 3 dose', TO_DATE('1970-01-01', 'YYYY-MM-DD'), TO_DATE('1970-01-01', 'YYYY-MM-DD'), TO_DATE('2010-05-28', 'YYYY-MM-DD'), TO_DATE('2010-05-28', 'YYYY-MM-DD'), 1, 1440, 'vaccine');
INSERT INTO dqa_vaccine_cvx (cvx_id, cvx_code, cvx_label, valid_start_date, use_start_date, use_end_date, valid_end_date, use_month_start, use_month_end, concept_type) VALUES (31,'31', 'Hep A, pediatric, unspecified formulation', TO_DATE('1970-01-01', 'YYYY-MM-DD'), TO_DATE('1970-01-01', 'YYYY-MM-DD'), TO_DATE('2010-09-30', 'YYYY-MM-DD'), TO_DATE('2010-09-30', 'YYYY-MM-DD'), 1, 1440, 'vaccine');
INSERT INTO dqa_vaccine_cvx (cvx_id, cvx_code, cvx_label, valid_start_date, use_start_date, use_end_date, valid_end_date, use_month_start, use_month_end, concept_type) VALUES (85,'85', 'Hep A, unspecified formulation', TO_DATE('1970-01-01', 'YYYY-MM-DD'), TO_DATE('1970-01-01', 'YYYY-MM-DD'), TO_DATE('2010-09-30', 'YYYY-MM-DD'), TO_DATE('2010-09-30', 'YYYY-MM-DD'), 1, 1440, 'unspecified');
INSERT INTO dqa_vaccine_cvx (cvx_id, cvx_code, cvx_label, valid_start_date, use_start_date, use_end_date, valid_end_date, use_month_start, use_month_end, concept_type) VALUES (104,'104', 'Hep A-Hep B', TO_DATE('1970-01-01', 'YYYY-MM-DD'), TO_DATE('1970-01-01', 'YYYY-MM-DD'), TO_DATE('2100-01-01', 'YYYY-MM-DD'), TO_DATE('2100-01-01', 'YYYY-MM-DD'), 1, 1440, 'vaccine');
INSERT INTO dqa_vaccine_cvx (cvx_id, cvx_code, cvx_label, valid_start_date, use_start_date, use_end_date, valid_end_date, use_month_start, use_month_end, concept_type) VALUES (8,'08', 'Hep B, adolescent or pediatric', TO_DATE('1970-01-01', 'YYYY-MM-DD'), TO_DATE('1970-01-01', 'YYYY-MM-DD'), TO_DATE('2100-01-01', 'YYYY-MM-DD'), TO_DATE('2100-01-01', 'YYYY-MM-DD'), 0, 1440, 'vaccine');
INSERT INTO dqa_vaccine_cvx (cvx_id, cvx_code, cvx_label, valid_start_date, use_start_date, use_end_date, valid_end_date, use_month_start, use_month_end, concept_type) VALUES (42,'42', 'Hep B, adolescent/high risk infant', TO_DATE('1970-01-01', 'YYYY-MM-DD'), TO_DATE('1970-01-01', 'YYYY-MM-DD'), TO_DATE('2010-05-28', 'YYYY-MM-DD'), TO_DATE('2010-05-28', 'YYYY-MM-DD'), 0, 1440, 'vaccine');
INSERT INTO dqa_vaccine_cvx (cvx_id, cvx_code, cvx_label, valid_start_date, use_start_date, use_end_date, valid_end_date, use_month_start, use_month_end, concept_type) VALUES (43,'43', 'Hep B, adult', TO_DATE('1970-01-01', 'YYYY-MM-DD'), TO_DATE('1970-01-01', 'YYYY-MM-DD'), TO_DATE('2100-01-01', 'YYYY-MM-DD'), TO_DATE('2100-01-01', 'YYYY-MM-DD'), 1, 1440, 'vaccine');
INSERT INTO dqa_vaccine_cvx (cvx_id, cvx_code, cvx_label, valid_start_date, use_start_date, use_end_date, valid_end_date, use_month_start, use_month_end, concept_type) VALUES (44,'44', 'Hep B, dialysis', TO_DATE('1970-01-01', 'YYYY-MM-DD'), TO_DATE('1970-01-01', 'YYYY-MM-DD'), TO_DATE('2100-01-01', 'YYYY-MM-DD'), TO_DATE('2100-01-01', 'YYYY-MM-DD'), 1, 1440, 'vaccine');
INSERT INTO dqa_vaccine_cvx (cvx_id, cvx_code, cvx_label, valid_start_date, use_start_date, use_end_date, valid_end_date, use_month_start, use_month_end, concept_type) VALUES (45,'45', 'Hep B, unspecified formulation', TO_DATE('1970-01-01', 'YYYY-MM-DD'), TO_DATE('1970-01-01', 'YYYY-MM-DD'), TO_DATE('2010-09-30', 'YYYY-MM-DD'), TO_DATE('2010-09-30', 'YYYY-MM-DD'), 0, 1440, 'unspecified');
INSERT INTO dqa_vaccine_cvx (cvx_id, cvx_code, cvx_label, valid_start_date, use_start_date, use_end_date, valid_end_date, use_month_start, use_month_end, concept_type) VALUES (58,'58', 'Hep C', TO_DATE('1970-01-01', 'YYYY-MM-DD'), TO_DATE('1970-01-01', 'YYYY-MM-DD'), TO_DATE('2100-01-01', 'YYYY-MM-DD'), TO_DATE('2100-01-01', 'YYYY-MM-DD'), 1, 1440, 'vaccine');
INSERT INTO dqa_vaccine_cvx (cvx_id, cvx_code, cvx_label, valid_start_date, use_start_date, use_end_date, valid_end_date, use_month_start, use_month_end, concept_type) VALUES (59,'59', 'Hep E', TO_DATE('1970-01-01', 'YYYY-MM-DD'), TO_DATE('1970-01-01', 'YYYY-MM-DD'), TO_DATE('2100-01-01', 'YYYY-MM-DD'), TO_DATE('2100-01-01', 'YYYY-MM-DD'), 1, 1440, 'vaccine');
INSERT INTO dqa_vaccine_cvx (cvx_id, cvx_code, cvx_label, valid_start_date, use_start_date, use_end_date, valid_end_date, use_month_start, use_month_end, concept_type) VALUES (60,'60', 'herpes simplex 2', TO_DATE('1970-01-01', 'YYYY-MM-DD'), TO_DATE('1970-01-01', 'YYYY-MM-DD'), TO_DATE('2100-01-01', 'YYYY-MM-DD'), TO_DATE('2100-01-01', 'YYYY-MM-DD'), 1, 1440, 'vaccine');
INSERT INTO dqa_vaccine_cvx (cvx_id, cvx_code, cvx_label, valid_start_date, use_start_date, use_end_date, valid_end_date, use_month_start, use_month_end, concept_type) VALUES (47,'47', 'Hib (HbOC)', TO_DATE('1970-01-01', 'YYYY-MM-DD'), TO_DATE('1970-01-01', 'YYYY-MM-DD'), TO_DATE('2010-05-28', 'YYYY-MM-DD'), TO_DATE('2010-05-28', 'YYYY-MM-DD'), 1, 1440, 'vaccine');
INSERT INTO dqa_vaccine_cvx (cvx_id, cvx_code, cvx_label, valid_start_date, use_start_date, use_end_date, valid_end_date, use_month_start, use_month_end, concept_type) VALUES (46,'46', 'Hib (PRP-D)', TO_DATE('1970-01-01', 'YYYY-MM-DD'), TO_DATE('1970-01-01', 'YYYY-MM-DD'), TO_DATE('2010-05-28', 'YYYY-MM-DD'), TO_DATE('2010-05-28', 'YYYY-MM-DD'), 1, 1440, 'vaccine');
INSERT INTO dqa_vaccine_cvx (cvx_id, cvx_code, cvx_label, valid_start_date, use_start_date, use_end_date, valid_end_date, use_month_start, use_month_end, concept_type) VALUES (49,'49', 'Hib (PRP-OMP)', TO_DATE('1970-01-01', 'YYYY-MM-DD'), TO_DATE('1970-01-01', 'YYYY-MM-DD'), TO_DATE('2100-01-01', 'YYYY-MM-DD'), TO_DATE('2100-01-01', 'YYYY-MM-DD'), 1, 1440, 'vaccine');
INSERT INTO dqa_vaccine_cvx (cvx_id, cvx_code, cvx_label, valid_start_date, use_start_date, use_end_date, valid_end_date, use_month_start, use_month_end, concept_type) VALUES (48,'48', 'Hib (PRP-T)', TO_DATE('1970-01-01', 'YYYY-MM-DD'), TO_DATE('1970-01-01', 'YYYY-MM-DD'), TO_DATE('2100-01-01', 'YYYY-MM-DD'), TO_DATE('2100-01-01', 'YYYY-MM-DD'), 1, 1440, 'vaccine');
INSERT INTO dqa_vaccine_cvx (cvx_id, cvx_code, cvx_label, valid_start_date, use_start_date, use_end_date, valid_end_date, use_month_start, use_month_end, concept_type) VALUES (17,'17', 'Hib, unspecified formulation', TO_DATE('1970-01-01', 'YYYY-MM-DD'), TO_DATE('1970-01-01', 'YYYY-MM-DD'), TO_DATE('2010-09-30', 'YYYY-MM-DD'), TO_DATE('2010-09-30', 'YYYY-MM-DD'), 1, 1440, 'unspecified');
INSERT INTO dqa_vaccine_cvx (cvx_id, cvx_code, cvx_label, valid_start_date, use_start_date, use_end_date, valid_end_date, use_month_start, use_month_end, concept_type) VALUES (51,'51', 'Hib-Hep B', TO_DATE('1970-01-01', 'YYYY-MM-DD'), TO_DATE('1970-01-01', 'YYYY-MM-DD'), TO_DATE('2100-01-01', 'YYYY-MM-DD'), TO_DATE('2100-01-01', 'YYYY-MM-DD'), 1, 1440, 'vaccine');
INSERT INTO dqa_vaccine_cvx (cvx_id, cvx_code, cvx_label, valid_start_date, use_start_date, use_end_date, valid_end_date, use_month_start, use_month_end, concept_type) VALUES (61,'61', 'HIV', TO_DATE('1970-01-01', 'YYYY-MM-DD'), TO_DATE('1970-01-01', 'YYYY-MM-DD'), TO_DATE('2100-01-01', 'YYYY-MM-DD'), TO_DATE('2100-01-01', 'YYYY-MM-DD'), 1, 1440, 'vaccine');
INSERT INTO dqa_vaccine_cvx (cvx_id, cvx_code, cvx_label, valid_start_date, use_start_date, use_end_date, valid_end_date, use_month_start, use_month_end, concept_type) VALUES (118,'118', 'HPV, bivalent', TO_DATE('1970-01-01', 'YYYY-MM-DD'), TO_DATE('1970-01-01', 'YYYY-MM-DD'), TO_DATE('2100-01-01', 'YYYY-MM-DD'), TO_DATE('2100-01-01', 'YYYY-MM-DD'), 1, 1440, 'vaccine');
INSERT INTO dqa_vaccine_cvx (cvx_id, cvx_code, cvx_label, valid_start_date, use_start_date, use_end_date, valid_end_date, use_month_start, use_month_end, concept_type) VALUES (62,'62', 'HPV, quadrivalent', TO_DATE('1970-01-01', 'YYYY-MM-DD'), TO_DATE('1970-01-01', 'YYYY-MM-DD'), TO_DATE('2100-01-01', 'YYYY-MM-DD'), TO_DATE('2100-01-01', 'YYYY-MM-DD'), 1, 1440, 'vaccine');
INSERT INTO dqa_vaccine_cvx (cvx_id, cvx_code, cvx_label, valid_start_date, use_start_date, use_end_date, valid_end_date, use_month_start, use_month_end, concept_type) VALUES (137,'137', 'HPV, unspecified formulation', TO_DATE('1970-01-01', 'YYYY-MM-DD'), TO_DATE('1970-01-01', 'YYYY-MM-DD'), TO_DATE('2010-09-30', 'YYYY-MM-DD'), TO_DATE('2010-09-30', 'YYYY-MM-DD'), 1, 1440, 'vaccine');
INSERT INTO dqa_vaccine_cvx (cvx_id, cvx_code, cvx_label, valid_start_date, use_start_date, use_end_date, valid_end_date, use_month_start, use_month_end, concept_type) VALUES (86,'86', 'IG', TO_DATE('1970-01-01', 'YYYY-MM-DD'), TO_DATE('1970-01-01', 'YYYY-MM-DD'), TO_DATE('2100-01-01', 'YYYY-MM-DD'), TO_DATE('2100-01-01', 'YYYY-MM-DD'), 1, 1440, 'vaccine');
INSERT INTO dqa_vaccine_cvx (cvx_id, cvx_code, cvx_label, valid_start_date, use_start_date, use_end_date, valid_end_date, use_month_start, use_month_end, concept_type) VALUES (14,'14', 'IG, unspecified formulation', TO_DATE('1970-01-01', 'YYYY-MM-DD'), TO_DATE('1970-01-01', 'YYYY-MM-DD'), TO_DATE('2010-09-30', 'YYYY-MM-DD'), TO_DATE('2010-09-30', 'YYYY-MM-DD'), 1, 1440, 'unspecified');
INSERT INTO dqa_vaccine_cvx (cvx_id, cvx_code, cvx_label, valid_start_date, use_start_date, use_end_date, valid_end_date, use_month_start, use_month_end, concept_type) VALUES (87,'87', 'IGIV', TO_DATE('1970-01-01', 'YYYY-MM-DD'), TO_DATE('1970-01-01', 'YYYY-MM-DD'), TO_DATE('2100-01-01', 'YYYY-MM-DD'), TO_DATE('2100-01-01', 'YYYY-MM-DD'), 1, 1440, 'vaccine');
INSERT INTO dqa_vaccine_cvx (cvx_id, cvx_code, cvx_label, valid_start_date, use_start_date, use_end_date, valid_end_date, use_month_start, use_month_end, concept_type) VALUES (123,'123', 'influenza, H5N1-1203', TO_DATE('1970-01-01', 'YYYY-MM-DD'), TO_DATE('1970-01-01', 'YYYY-MM-DD'), TO_DATE('2010-05-28', 'YYYY-MM-DD'), TO_DATE('2010-05-28', 'YYYY-MM-DD'), 1, 1440, 'vaccine');
INSERT INTO dqa_vaccine_cvx (cvx_id, cvx_code, cvx_label, valid_start_date, use_start_date, use_end_date, valid_end_date, use_month_start, use_month_end, concept_type) VALUES (135,'135', 'Influenza, high dose seasonal', TO_DATE('1970-01-01', 'YYYY-MM-DD'), TO_DATE('1970-01-01', 'YYYY-MM-DD'), TO_DATE('2100-01-01', 'YYYY-MM-DD'), TO_DATE('2100-01-01', 'YYYY-MM-DD'), 1, 1440, 'vaccine');
INSERT INTO dqa_vaccine_cvx (cvx_id, cvx_code, cvx_label, valid_start_date, use_start_date, use_end_date, valid_end_date, use_month_start, use_month_end, concept_type) VALUES (111,'111', 'influenza, live, intranasal', TO_DATE('1970-01-01', 'YYYY-MM-DD'), TO_DATE('1970-01-01', 'YYYY-MM-DD'), TO_DATE('2100-01-01', 'YYYY-MM-DD'), TO_DATE('2100-01-01', 'YYYY-MM-DD'), 1, 1440, 'vaccine');
INSERT INTO dqa_vaccine_cvx (cvx_id, cvx_code, cvx_label, valid_start_date, use_start_date, use_end_date, valid_end_date, use_month_start, use_month_end, concept_type) VALUES (141,'141', 'Influenza, seasonal, injectable', TO_DATE('1970-01-01', 'YYYY-MM-DD'), TO_DATE('1970-01-01', 'YYYY-MM-DD'), TO_DATE('2100-01-01', 'YYYY-MM-DD'), TO_DATE('2100-01-01', 'YYYY-MM-DD'), 1, 1440, 'vaccine');
INSERT INTO dqa_vaccine_cvx (cvx_id, cvx_code, cvx_label, valid_start_date, use_start_date, use_end_date, valid_end_date, use_month_start, use_month_end, concept_type) VALUES (140,'140', 'Influenza, seasonal, injectable, preservative free', TO_DATE('1970-01-01', 'YYYY-MM-DD'), TO_DATE('1970-01-01', 'YYYY-MM-DD'), TO_DATE('2100-01-01', 'YYYY-MM-DD'), TO_DATE('2100-01-01', 'YYYY-MM-DD'), 1, 1440, 'vaccine');
INSERT INTO dqa_vaccine_cvx (cvx_id, cvx_code, cvx_label, valid_start_date, use_start_date, use_end_date, valid_end_date, use_month_start, use_month_end, concept_type) VALUES (144,'144', 'influenza, seasonal, intradermal, preservative free', TO_DATE('1970-01-01', 'YYYY-MM-DD'), TO_DATE('1970-01-01', 'YYYY-MM-DD'), TO_DATE('2100-01-01', 'YYYY-MM-DD'), TO_DATE('2100-01-01', 'YYYY-MM-DD'), 1, 1440, 'vaccine');
INSERT INTO dqa_vaccine_cvx (cvx_id, cvx_code, cvx_label, valid_start_date, use_start_date, use_end_date, valid_end_date, use_month_start, use_month_end, concept_type) VALUES (15,'15', 'influenza, split (incl. purified surface antigen)', TO_DATE('1970-01-01', 'YYYY-MM-DD'), TO_DATE('1970-01-01', 'YYYY-MM-DD'), TO_DATE('2010-09-30', 'YYYY-MM-DD'), TO_DATE('2010-09-30', 'YYYY-MM-DD'), 1, 1440, 'vaccine');
INSERT INTO dqa_vaccine_cvx (cvx_id, cvx_code, cvx_label, valid_start_date, use_start_date, use_end_date, valid_end_date, use_month_start, use_month_end, concept_type) VALUES (88,'88', 'influenza, unspecified formulation', TO_DATE('1970-01-01', 'YYYY-MM-DD'), TO_DATE('1970-01-01', 'YYYY-MM-DD'), TO_DATE('2010-09-30', 'YYYY-MM-DD'), TO_DATE('2010-09-30', 'YYYY-MM-DD'), 1, 1440, 'unspecified');
INSERT INTO dqa_vaccine_cvx (cvx_id, cvx_code, cvx_label, valid_start_date, use_start_date, use_end_date, valid_end_date, use_month_start, use_month_end, concept_type) VALUES (16,'16', 'influenza, whole', TO_DATE('1970-01-01', 'YYYY-MM-DD'), TO_DATE('1970-01-01', 'YYYY-MM-DD'), TO_DATE('2010-05-28', 'YYYY-MM-DD'), TO_DATE('2010-05-28', 'YYYY-MM-DD'), 1, 1440, 'vaccine');
INSERT INTO dqa_vaccine_cvx (cvx_id, cvx_code, cvx_label, valid_start_date, use_start_date, use_end_date, valid_end_date, use_month_start, use_month_end, concept_type) VALUES (10,'10', 'IPV', TO_DATE('1970-01-01', 'YYYY-MM-DD'), TO_DATE('1970-01-01', 'YYYY-MM-DD'), TO_DATE('2100-01-01', 'YYYY-MM-DD'), TO_DATE('2100-01-01', 'YYYY-MM-DD'), 1, 1440, 'vaccine');
INSERT INTO dqa_vaccine_cvx (cvx_id, cvx_code, cvx_label, valid_start_date, use_start_date, use_end_date, valid_end_date, use_month_start, use_month_end, concept_type) VALUES (134,'134', 'Japanese Encephalitis IM', TO_DATE('1970-01-01', 'YYYY-MM-DD'), TO_DATE('1970-01-01', 'YYYY-MM-DD'), TO_DATE('2100-01-01', 'YYYY-MM-DD'), TO_DATE('2100-01-01', 'YYYY-MM-DD'), 1, 1440, 'vaccine');
INSERT INTO dqa_vaccine_cvx (cvx_id, cvx_code, cvx_label, valid_start_date, use_start_date, use_end_date, valid_end_date, use_month_start, use_month_end, concept_type) VALUES (39,'39', 'Japanese encephalitis SC', TO_DATE('1970-01-01', 'YYYY-MM-DD'), TO_DATE('1970-01-01', 'YYYY-MM-DD'), TO_DATE('2100-01-01', 'YYYY-MM-DD'), TO_DATE('2100-01-01', 'YYYY-MM-DD'), 1, 1440, 'vaccine');
INSERT INTO dqa_vaccine_cvx (cvx_id, cvx_code, cvx_label, valid_start_date, use_start_date, use_end_date, valid_end_date, use_month_start, use_month_end, concept_type) VALUES (129,'129', 'Japanese Encephalitis, unspecified formulation', TO_DATE('1970-01-01', 'YYYY-MM-DD'), TO_DATE('1970-01-01', 'YYYY-MM-DD'), TO_DATE('2010-09-30', 'YYYY-MM-DD'), TO_DATE('2010-09-30', 'YYYY-MM-DD'), 1, 1440, 'vaccine');
INSERT INTO dqa_vaccine_cvx (cvx_id, cvx_code, cvx_label, valid_start_date, use_start_date, use_end_date, valid_end_date, use_month_start, use_month_end, concept_type) VALUES (63,'63', 'Junin virus', TO_DATE('1970-01-01', 'YYYY-MM-DD'), TO_DATE('1970-01-01', 'YYYY-MM-DD'), TO_DATE('2100-01-01', 'YYYY-MM-DD'), TO_DATE('2100-01-01', 'YYYY-MM-DD'), 1, 1440, 'vaccine');
INSERT INTO dqa_vaccine_cvx (cvx_id, cvx_code, cvx_label, valid_start_date, use_start_date, use_end_date, valid_end_date, use_month_start, use_month_end, concept_type) VALUES (64,'64', 'leishmaniasis', TO_DATE('1970-01-01', 'YYYY-MM-DD'), TO_DATE('1970-01-01', 'YYYY-MM-DD'), TO_DATE('2100-01-01', 'YYYY-MM-DD'), TO_DATE('2100-01-01', 'YYYY-MM-DD'), 1, 1440, 'vaccine');
INSERT INTO dqa_vaccine_cvx (cvx_id, cvx_code, cvx_label, valid_start_date, use_start_date, use_end_date, valid_end_date, use_month_start, use_month_end, concept_type) VALUES (65,'65', 'leprosy', TO_DATE('1970-01-01', 'YYYY-MM-DD'), TO_DATE('1970-01-01', 'YYYY-MM-DD'), TO_DATE('2100-01-01', 'YYYY-MM-DD'), TO_DATE('2100-01-01', 'YYYY-MM-DD'), 1, 1440, 'vaccine');
INSERT INTO dqa_vaccine_cvx (cvx_id, cvx_code, cvx_label, valid_start_date, use_start_date, use_end_date, valid_end_date, use_month_start, use_month_end, concept_type) VALUES (66,'66', 'Lyme disease', TO_DATE('1970-01-01', 'YYYY-MM-DD'), TO_DATE('1970-01-01', 'YYYY-MM-DD'), TO_DATE('2010-05-28', 'YYYY-MM-DD'), TO_DATE('2010-05-28', 'YYYY-MM-DD'), 1, 1440, 'vaccine');
INSERT INTO dqa_vaccine_cvx (cvx_id, cvx_code, cvx_label, valid_start_date, use_start_date, use_end_date, valid_end_date, use_month_start, use_month_end, concept_type) VALUES (4,'04', 'M/R', TO_DATE('1970-01-01', 'YYYY-MM-DD'), TO_DATE('1970-01-01', 'YYYY-MM-DD'), TO_DATE('2100-01-01', 'YYYY-MM-DD'), TO_DATE('2100-01-01', 'YYYY-MM-DD'), 1, 1440, 'vaccine');
INSERT INTO dqa_vaccine_cvx (cvx_id, cvx_code, cvx_label, valid_start_date, use_start_date, use_end_date, valid_end_date, use_month_start, use_month_end, concept_type) VALUES (67,'67', 'malaria', TO_DATE('1970-01-01', 'YYYY-MM-DD'), TO_DATE('1970-01-01', 'YYYY-MM-DD'), TO_DATE('2100-01-01', 'YYYY-MM-DD'), TO_DATE('2100-01-01', 'YYYY-MM-DD'), 1, 1440, 'vaccine');
INSERT INTO dqa_vaccine_cvx (cvx_id, cvx_code, cvx_label, valid_start_date, use_start_date, use_end_date, valid_end_date, use_month_start, use_month_end, concept_type) VALUES (5,'05', 'measles', TO_DATE('1970-01-01', 'YYYY-MM-DD'), TO_DATE('1970-01-01', 'YYYY-MM-DD'), TO_DATE('2010-08-31', 'YYYY-MM-DD'), TO_DATE('2010-08-31', 'YYYY-MM-DD'), 1, 1440, 'vaccine');
INSERT INTO dqa_vaccine_cvx (cvx_id, cvx_code, cvx_label, valid_start_date, use_start_date, use_end_date, valid_end_date, use_month_start, use_month_end, concept_type) VALUES (68,'68', 'melanoma', TO_DATE('1970-01-01', 'YYYY-MM-DD'), TO_DATE('1970-01-01', 'YYYY-MM-DD'), TO_DATE('2100-01-01', 'YYYY-MM-DD'), TO_DATE('2100-01-01', 'YYYY-MM-DD'), 1, 1440, 'vaccine');
INSERT INTO dqa_vaccine_cvx (cvx_id, cvx_code, cvx_label, valid_start_date, use_start_date, use_end_date, valid_end_date, use_month_start, use_month_end, concept_type) VALUES (103,'103', 'meningococcal C conjugate', TO_DATE('1970-01-01', 'YYYY-MM-DD'), TO_DATE('1970-01-01', 'YYYY-MM-DD'), TO_DATE('2010-05-28', 'YYYY-MM-DD'), TO_DATE('2010-05-28', 'YYYY-MM-DD'), 1, 1440, 'vaccine');
INSERT INTO dqa_vaccine_cvx (cvx_id, cvx_code, cvx_label, valid_start_date, use_start_date, use_end_date, valid_end_date, use_month_start, use_month_end, concept_type) VALUES (136,'136', 'Meningococcal MCV4O', TO_DATE('1970-01-01', 'YYYY-MM-DD'), TO_DATE('1970-01-01', 'YYYY-MM-DD'), TO_DATE('2100-01-01', 'YYYY-MM-DD'), TO_DATE('2100-01-01', 'YYYY-MM-DD'), 1, 1440, 'vaccine');
INSERT INTO dqa_vaccine_cvx (cvx_id, cvx_code, cvx_label, valid_start_date, use_start_date, use_end_date, valid_end_date, use_month_start, use_month_end, concept_type) VALUES (114,'114', 'meningococcal MCV4P', TO_DATE('1970-01-01', 'YYYY-MM-DD'), TO_DATE('1970-01-01', 'YYYY-MM-DD'), TO_DATE('2100-01-01', 'YYYY-MM-DD'), TO_DATE('2100-01-01', 'YYYY-MM-DD'), 1, 1440, 'vaccine');
INSERT INTO dqa_vaccine_cvx (cvx_id, cvx_code, cvx_label, valid_start_date, use_start_date, use_end_date, valid_end_date, use_month_start, use_month_end, concept_type) VALUES (32,'32', 'meningococcal MPSV4', TO_DATE('1970-01-01', 'YYYY-MM-DD'), TO_DATE('1970-01-01', 'YYYY-MM-DD'), TO_DATE('2100-01-01', 'YYYY-MM-DD'), TO_DATE('2100-01-01', 'YYYY-MM-DD'), 1, 1440, 'vaccine');
INSERT INTO dqa_vaccine_cvx (cvx_id, cvx_code, cvx_label, valid_start_date, use_start_date, use_end_date, valid_end_date, use_month_start, use_month_end, concept_type) VALUES (108,'108', 'meningococcal, unspecified formulation', TO_DATE('1970-01-01', 'YYYY-MM-DD'), TO_DATE('1970-01-01', 'YYYY-MM-DD'), TO_DATE('2010-09-30', 'YYYY-MM-DD'), TO_DATE('2010-09-30', 'YYYY-MM-DD'), 1, 1440, 'unspecified');
INSERT INTO dqa_vaccine_cvx (cvx_id, cvx_code, cvx_label, valid_start_date, use_start_date, use_end_date, valid_end_date, use_month_start, use_month_end, concept_type) VALUES (3,'03', 'MMR', TO_DATE('1970-01-01', 'YYYY-MM-DD'), TO_DATE('1970-01-01', 'YYYY-MM-DD'), TO_DATE('2100-01-01', 'YYYY-MM-DD'), TO_DATE('2100-01-01', 'YYYY-MM-DD'), 1, 1440, 'vaccine');
INSERT INTO dqa_vaccine_cvx (cvx_id, cvx_code, cvx_label, valid_start_date, use_start_date, use_end_date, valid_end_date, use_month_start, use_month_end, concept_type) VALUES (94,'94', 'MMRV', TO_DATE('1970-01-01', 'YYYY-MM-DD'), TO_DATE('1970-01-01', 'YYYY-MM-DD'), TO_DATE('2100-01-01', 'YYYY-MM-DD'), TO_DATE('2100-01-01', 'YYYY-MM-DD'), 1, 1440, 'vaccine');
INSERT INTO dqa_vaccine_cvx (cvx_id, cvx_code, cvx_label, valid_start_date, use_start_date, use_end_date, valid_end_date, use_month_start, use_month_end, concept_type) VALUES (7,'07', 'mumps', TO_DATE('1970-01-01', 'YYYY-MM-DD'), TO_DATE('1970-01-01', 'YYYY-MM-DD'), TO_DATE('2100-01-01', 'YYYY-MM-DD'), TO_DATE('2100-01-01', 'YYYY-MM-DD'), 1, 1440, 'vaccine');
INSERT INTO dqa_vaccine_cvx (cvx_id, cvx_code, cvx_label, valid_start_date, use_start_date, use_end_date, valid_end_date, use_month_start, use_month_end, concept_type) VALUES (127,'127', 'Novel influenza-H1N1-09', TO_DATE('1970-01-01', 'YYYY-MM-DD'), TO_DATE('1970-01-01', 'YYYY-MM-DD'), TO_DATE('2010-08-28', 'YYYY-MM-DD'), TO_DATE('2010-08-28', 'YYYY-MM-DD'), 1, 1440, 'vaccine');
INSERT INTO dqa_vaccine_cvx (cvx_id, cvx_code, cvx_label, valid_start_date, use_start_date, use_end_date, valid_end_date, use_month_start, use_month_end, concept_type) VALUES (128,'128', 'Novel Influenza-H1N1-09, all formulations', TO_DATE('1970-01-01', 'YYYY-MM-DD'), TO_DATE('1970-01-01', 'YYYY-MM-DD'), TO_DATE('2010-08-28', 'YYYY-MM-DD'), TO_DATE('2010-08-28', 'YYYY-MM-DD'), 1, 1440, 'unspecified');
INSERT INTO dqa_vaccine_cvx (cvx_id, cvx_code, cvx_label, valid_start_date, use_start_date, use_end_date, valid_end_date, use_month_start, use_month_end, concept_type) VALUES (125,'125', 'Novel Influenza-H1N1-09, nasal', TO_DATE('1970-01-01', 'YYYY-MM-DD'), TO_DATE('1970-01-01', 'YYYY-MM-DD'), TO_DATE('2010-08-28', 'YYYY-MM-DD'), TO_DATE('2010-08-28', 'YYYY-MM-DD'), 1, 1440, 'vaccine');
INSERT INTO dqa_vaccine_cvx (cvx_id, cvx_code, cvx_label, valid_start_date, use_start_date, use_end_date, valid_end_date, use_month_start, use_month_end, concept_type) VALUES (126,'126', 'Novel influenza-H1N1-09, preservative-free', TO_DATE('1970-01-01', 'YYYY-MM-DD'), TO_DATE('1970-01-01', 'YYYY-MM-DD'), TO_DATE('2010-08-28', 'YYYY-MM-DD'), TO_DATE('2010-08-28', 'YYYY-MM-DD'), 1, 1440, 'vaccine');
INSERT INTO dqa_vaccine_cvx (cvx_id, cvx_code, cvx_label, valid_start_date, use_start_date, use_end_date, valid_end_date, use_month_start, use_month_end, concept_type) VALUES (2,'02', 'OPV', TO_DATE('1970-01-01', 'YYYY-MM-DD'), TO_DATE('1970-01-01', 'YYYY-MM-DD'), TO_DATE('2010-05-28', 'YYYY-MM-DD'), TO_DATE('2010-05-28', 'YYYY-MM-DD'), 1, 1440, 'vaccine');
INSERT INTO dqa_vaccine_cvx (cvx_id, cvx_code, cvx_label, valid_start_date, use_start_date, use_end_date, valid_end_date, use_month_start, use_month_end, concept_type) VALUES (69,'69', 'parainfluenza-3', TO_DATE('1970-01-01', 'YYYY-MM-DD'), TO_DATE('1970-01-01', 'YYYY-MM-DD'), TO_DATE('2010-05-28', 'YYYY-MM-DD'), TO_DATE('2010-05-28', 'YYYY-MM-DD'), 1, 1440, 'vaccine');
INSERT INTO dqa_vaccine_cvx (cvx_id, cvx_code, cvx_label, valid_start_date, use_start_date, use_end_date, valid_end_date, use_month_start, use_month_end, concept_type) VALUES (11,'11', 'pertussis', TO_DATE('1970-01-01', 'YYYY-MM-DD'), TO_DATE('1970-01-01', 'YYYY-MM-DD'), TO_DATE('2010-05-28', 'YYYY-MM-DD'), TO_DATE('2010-05-28', 'YYYY-MM-DD'), 1, 1440, 'vaccine');
INSERT INTO dqa_vaccine_cvx (cvx_id, cvx_code, cvx_label, valid_start_date, use_start_date, use_end_date, valid_end_date, use_month_start, use_month_end, concept_type) VALUES (23,'23', 'plague', TO_DATE('1970-01-01', 'YYYY-MM-DD'), TO_DATE('1970-01-01', 'YYYY-MM-DD'), TO_DATE('2100-01-01', 'YYYY-MM-DD'), TO_DATE('2100-01-01', 'YYYY-MM-DD'), 1, 1440, 'vaccine');
INSERT INTO dqa_vaccine_cvx (cvx_id, cvx_code, cvx_label, valid_start_date, use_start_date, use_end_date, valid_end_date, use_month_start, use_month_end, concept_type) VALUES (133,'133', 'Pneumococcal conjugate PCV 13', TO_DATE('1970-01-01', 'YYYY-MM-DD'), TO_DATE('1970-01-01', 'YYYY-MM-DD'), TO_DATE('2100-01-01', 'YYYY-MM-DD'), TO_DATE('2100-01-01', 'YYYY-MM-DD'), 1, 1440, 'vaccine');
INSERT INTO dqa_vaccine_cvx (cvx_id, cvx_code, cvx_label, valid_start_date, use_start_date, use_end_date, valid_end_date, use_month_start, use_month_end, concept_type) VALUES (100,'100', 'pneumococcal conjugate PCV 7', TO_DATE('1970-01-01', 'YYYY-MM-DD'), TO_DATE('1970-01-01', 'YYYY-MM-DD'), TO_DATE('2100-01-01', 'YYYY-MM-DD'), TO_DATE('2100-01-01', 'YYYY-MM-DD'), 1, 1440, 'vaccine');
INSERT INTO dqa_vaccine_cvx (cvx_id, cvx_code, cvx_label, valid_start_date, use_start_date, use_end_date, valid_end_date, use_month_start, use_month_end, concept_type) VALUES (33,'33', 'pneumococcal polysaccharide PPV23', TO_DATE('1970-01-01', 'YYYY-MM-DD'), TO_DATE('1970-01-01', 'YYYY-MM-DD'), TO_DATE('2100-01-01', 'YYYY-MM-DD'), TO_DATE('2100-01-01', 'YYYY-MM-DD'), 1, 1440, 'vaccine');
INSERT INTO dqa_vaccine_cvx (cvx_id, cvx_code, cvx_label, valid_start_date, use_start_date, use_end_date, valid_end_date, use_month_start, use_month_end, concept_type) VALUES (109,'109', 'pneumococcal, unspecified formulation', TO_DATE('1970-01-01', 'YYYY-MM-DD'), TO_DATE('1970-01-01', 'YYYY-MM-DD'), TO_DATE('2010-09-30', 'YYYY-MM-DD'), TO_DATE('2010-09-30', 'YYYY-MM-DD'), 1, 1440, 'unspecified');
INSERT INTO dqa_vaccine_cvx (cvx_id, cvx_code, cvx_label, valid_start_date, use_start_date, use_end_date, valid_end_date, use_month_start, use_month_end, concept_type) VALUES (89,'89', 'polio, unspecified formulation', TO_DATE('1970-01-01', 'YYYY-MM-DD'), TO_DATE('1970-01-01', 'YYYY-MM-DD'), TO_DATE('2010-09-30', 'YYYY-MM-DD'), TO_DATE('2010-09-30', 'YYYY-MM-DD'), 1, 1440, 'unspecified');
INSERT INTO dqa_vaccine_cvx (cvx_id, cvx_code, cvx_label, valid_start_date, use_start_date, use_end_date, valid_end_date, use_month_start, use_month_end, concept_type) VALUES (70,'70', 'Q fever', TO_DATE('1970-01-01', 'YYYY-MM-DD'), TO_DATE('1970-01-01', 'YYYY-MM-DD'), TO_DATE('2100-01-01', 'YYYY-MM-DD'), TO_DATE('2100-01-01', 'YYYY-MM-DD'), 1, 1440, 'vaccine');
INSERT INTO dqa_vaccine_cvx (cvx_id, cvx_code, cvx_label, valid_start_date, use_start_date, use_end_date, valid_end_date, use_month_start, use_month_end, concept_type) VALUES (40,'40', 'rabies, intradermal injection', TO_DATE('1970-01-01', 'YYYY-MM-DD'), TO_DATE('1970-01-01', 'YYYY-MM-DD'), TO_DATE('2100-01-01', 'YYYY-MM-DD'), TO_DATE('2100-01-01', 'YYYY-MM-DD'), 1, 1440, 'vaccine');
INSERT INTO dqa_vaccine_cvx (cvx_id, cvx_code, cvx_label, valid_start_date, use_start_date, use_end_date, valid_end_date, use_month_start, use_month_end, concept_type) VALUES (18,'18', 'rabies, intramuscular injection', TO_DATE('1970-01-01', 'YYYY-MM-DD'), TO_DATE('1970-01-01', 'YYYY-MM-DD'), TO_DATE('2100-01-01', 'YYYY-MM-DD'), TO_DATE('2100-01-01', 'YYYY-MM-DD'), 1, 1440, 'vaccine');
INSERT INTO dqa_vaccine_cvx (cvx_id, cvx_code, cvx_label, valid_start_date, use_start_date, use_end_date, valid_end_date, use_month_start, use_month_end, concept_type) VALUES (90,'90', 'rabies, unspecified formulation', TO_DATE('1970-01-01', 'YYYY-MM-DD'), TO_DATE('1970-01-01', 'YYYY-MM-DD'), TO_DATE('2010-09-30', 'YYYY-MM-DD'), TO_DATE('2010-09-30', 'YYYY-MM-DD'), 1, 1440, 'unspecified');
INSERT INTO dqa_vaccine_cvx (cvx_id, cvx_code, cvx_label, valid_start_date, use_start_date, use_end_date, valid_end_date, use_month_start, use_month_end, concept_type) VALUES (72,'72', 'rheumatic fever', TO_DATE('1970-01-01', 'YYYY-MM-DD'), TO_DATE('1970-01-01', 'YYYY-MM-DD'), TO_DATE('2100-01-01', 'YYYY-MM-DD'), TO_DATE('2100-01-01', 'YYYY-MM-DD'), 1, 1440, 'vaccine');
INSERT INTO dqa_vaccine_cvx (cvx_id, cvx_code, cvx_label, valid_start_date, use_start_date, use_end_date, valid_end_date, use_month_start, use_month_end, concept_type) VALUES (73,'73', 'Rift Valley fever', TO_DATE('1970-01-01', 'YYYY-MM-DD'), TO_DATE('1970-01-01', 'YYYY-MM-DD'), TO_DATE('2100-01-01', 'YYYY-MM-DD'), TO_DATE('2100-01-01', 'YYYY-MM-DD'), 1, 1440, 'vaccine');
INSERT INTO dqa_vaccine_cvx (cvx_id, cvx_code, cvx_label, valid_start_date, use_start_date, use_end_date, valid_end_date, use_month_start, use_month_end, concept_type) VALUES (34,'34', 'RIG', TO_DATE('1970-01-01', 'YYYY-MM-DD'), TO_DATE('1970-01-01', 'YYYY-MM-DD'), TO_DATE('2100-01-01', 'YYYY-MM-DD'), TO_DATE('2100-01-01', 'YYYY-MM-DD'), 1, 1440, 'vaccine');
INSERT INTO dqa_vaccine_cvx (cvx_id, cvx_code, cvx_label, valid_start_date, use_start_date, use_end_date, valid_end_date, use_month_start, use_month_end, concept_type) VALUES (119,'119', 'rotavirus, monovalent', TO_DATE('1970-01-01', 'YYYY-MM-DD'), TO_DATE('1970-01-01', 'YYYY-MM-DD'), TO_DATE('2100-01-01', 'YYYY-MM-DD'), TO_DATE('2100-01-01', 'YYYY-MM-DD'), 1, 1440, 'vaccine');
INSERT INTO dqa_vaccine_cvx (cvx_id, cvx_code, cvx_label, valid_start_date, use_start_date, use_end_date, valid_end_date, use_month_start, use_month_end, concept_type) VALUES (116,'116', 'rotavirus, pentavalent', TO_DATE('1970-01-01', 'YYYY-MM-DD'), TO_DATE('1970-01-01', 'YYYY-MM-DD'), TO_DATE('2100-01-01', 'YYYY-MM-DD'), TO_DATE('2100-01-01', 'YYYY-MM-DD'), 1, 1440, 'vaccine');
INSERT INTO dqa_vaccine_cvx (cvx_id, cvx_code, cvx_label, valid_start_date, use_start_date, use_end_date, valid_end_date, use_month_start, use_month_end, concept_type) VALUES (74,'74', 'rotavirus, tetravalent', TO_DATE('1970-01-01', 'YYYY-MM-DD'), TO_DATE('1970-01-01', 'YYYY-MM-DD'), TO_DATE('2010-05-28', 'YYYY-MM-DD'), TO_DATE('2010-05-28', 'YYYY-MM-DD'), 1, 1440, 'vaccine');
INSERT INTO dqa_vaccine_cvx (cvx_id, cvx_code, cvx_label, valid_start_date, use_start_date, use_end_date, valid_end_date, use_month_start, use_month_end, concept_type) VALUES (122,'122', 'rotavirus, unspecified formulation', TO_DATE('1970-01-01', 'YYYY-MM-DD'), TO_DATE('1970-01-01', 'YYYY-MM-DD'), TO_DATE('2010-09-30', 'YYYY-MM-DD'), TO_DATE('2010-09-30', 'YYYY-MM-DD'), 1, 1440, 'unspecified');
INSERT INTO dqa_vaccine_cvx (cvx_id, cvx_code, cvx_label, valid_start_date, use_start_date, use_end_date, valid_end_date, use_month_start, use_month_end, concept_type) VALUES (71,'71', 'RSV-IGIV', TO_DATE('1970-01-01', 'YYYY-MM-DD'), TO_DATE('1970-01-01', 'YYYY-MM-DD'), TO_DATE('2100-01-01', 'YYYY-MM-DD'), TO_DATE('2100-01-01', 'YYYY-MM-DD'), 1, 1440, 'vaccine');
INSERT INTO dqa_vaccine_cvx (cvx_id, cvx_code, cvx_label, valid_start_date, use_start_date, use_end_date, valid_end_date, use_month_start, use_month_end, concept_type) VALUES (93,'93', 'RSV-MAb', TO_DATE('1970-01-01', 'YYYY-MM-DD'), TO_DATE('1970-01-01', 'YYYY-MM-DD'), TO_DATE('2100-01-01', 'YYYY-MM-DD'), TO_DATE('2100-01-01', 'YYYY-MM-DD'), 1, 1440, 'vaccine');
INSERT INTO dqa_vaccine_cvx (cvx_id, cvx_code, cvx_label, valid_start_date, use_start_date, use_end_date, valid_end_date, use_month_start, use_month_end, concept_type) VALUES (6,'06', 'rubella', TO_DATE('1970-01-01', 'YYYY-MM-DD'), TO_DATE('1970-01-01', 'YYYY-MM-DD'), TO_DATE('2100-01-01', 'YYYY-MM-DD'), TO_DATE('2100-01-01', 'YYYY-MM-DD'), 1, 1440, 'vaccine');
INSERT INTO dqa_vaccine_cvx (cvx_id, cvx_code, cvx_label, valid_start_date, use_start_date, use_end_date, valid_end_date, use_month_start, use_month_end, concept_type) VALUES (38,'38', 'rubella/mumps', TO_DATE('1970-01-01', 'YYYY-MM-DD'), TO_DATE('1970-01-01', 'YYYY-MM-DD'), TO_DATE('2100-01-01', 'YYYY-MM-DD'), TO_DATE('2100-01-01', 'YYYY-MM-DD'), 1, 1440, 'vaccine');
INSERT INTO dqa_vaccine_cvx (cvx_id, cvx_code, cvx_label, valid_start_date, use_start_date, use_end_date, valid_end_date, use_month_start, use_month_end, concept_type) VALUES (76,'76', 'Staphylococcus bacterio lysate', TO_DATE('1970-01-01', 'YYYY-MM-DD'), TO_DATE('1970-01-01', 'YYYY-MM-DD'), TO_DATE('2010-05-28', 'YYYY-MM-DD'), TO_DATE('2010-05-28', 'YYYY-MM-DD'), 1, 1440, 'vaccine');
INSERT INTO dqa_vaccine_cvx (cvx_id, cvx_code, cvx_label, valid_start_date, use_start_date, use_end_date, valid_end_date, use_month_start, use_month_end, concept_type) VALUES (138,'138', 'Td (adult)', TO_DATE('1970-01-01', 'YYYY-MM-DD'), TO_DATE('1970-01-01', 'YYYY-MM-DD'), TO_DATE('2100-01-01', 'YYYY-MM-DD'), TO_DATE('2100-01-01', 'YYYY-MM-DD'), 1, 1440, 'vaccine');
INSERT INTO dqa_vaccine_cvx (cvx_id, cvx_code, cvx_label, valid_start_date, use_start_date, use_end_date, valid_end_date, use_month_start, use_month_end, concept_type) VALUES (113,'113', 'Td (adult) preservative free', TO_DATE('1970-01-01', 'YYYY-MM-DD'), TO_DATE('1970-01-01', 'YYYY-MM-DD'), TO_DATE('2100-01-01', 'YYYY-MM-DD'), TO_DATE('2100-01-01', 'YYYY-MM-DD'), 1, 1440, 'vaccine');
INSERT INTO dqa_vaccine_cvx (cvx_id, cvx_code, cvx_label, valid_start_date, use_start_date, use_end_date, valid_end_date, use_month_start, use_month_end, concept_type) VALUES (9,'09', 'Td (adult), adsorbed', TO_DATE('1970-01-01', 'YYYY-MM-DD'), TO_DATE('1970-01-01', 'YYYY-MM-DD'), TO_DATE('2100-01-01', 'YYYY-MM-DD'), TO_DATE('2100-01-01', 'YYYY-MM-DD'), 1, 1440, 'vaccine');
INSERT INTO dqa_vaccine_cvx (cvx_id, cvx_code, cvx_label, valid_start_date, use_start_date, use_end_date, valid_end_date, use_month_start, use_month_end, concept_type) VALUES (139,'139', 'Td(adult) unspecified formulation', TO_DATE('1970-01-01', 'YYYY-MM-DD'), TO_DATE('1970-01-01', 'YYYY-MM-DD'), TO_DATE('2010-09-30', 'YYYY-MM-DD'), TO_DATE('2010-09-30', 'YYYY-MM-DD'), 1, 1440, 'unspecified');
INSERT INTO dqa_vaccine_cvx (cvx_id, cvx_code, cvx_label, valid_start_date, use_start_date, use_end_date, valid_end_date, use_month_start, use_month_end, concept_type) VALUES (115,'115', 'Tdap', TO_DATE('1970-01-01', 'YYYY-MM-DD'), TO_DATE('1970-01-01', 'YYYY-MM-DD'), TO_DATE('2100-01-01', 'YYYY-MM-DD'), TO_DATE('2100-01-01', 'YYYY-MM-DD'), 1, 1440, 'vaccine');
INSERT INTO dqa_vaccine_cvx (cvx_id, cvx_code, cvx_label, valid_start_date, use_start_date, use_end_date, valid_end_date, use_month_start, use_month_end, concept_type) VALUES (35,'35', 'tetanus toxoid, adsorbed', TO_DATE('1970-01-01', 'YYYY-MM-DD'), TO_DATE('1970-01-01', 'YYYY-MM-DD'), TO_DATE('2100-01-01', 'YYYY-MM-DD'), TO_DATE('2100-01-01', 'YYYY-MM-DD'), 1, 1440, 'vaccine');
INSERT INTO dqa_vaccine_cvx (cvx_id, cvx_code, cvx_label, valid_start_date, use_start_date, use_end_date, valid_end_date, use_month_start, use_month_end, concept_type) VALUES (142,'142', 'tetanus toxoid, not adsorbed', TO_DATE('1970-01-01', 'YYYY-MM-DD'), TO_DATE('1970-01-01', 'YYYY-MM-DD'), TO_DATE('2100-01-01', 'YYYY-MM-DD'), TO_DATE('2100-01-01', 'YYYY-MM-DD'), 1, 1440, 'vaccine');
INSERT INTO dqa_vaccine_cvx (cvx_id, cvx_code, cvx_label, valid_start_date, use_start_date, use_end_date, valid_end_date, use_month_start, use_month_end, concept_type) VALUES (112,'112', 'tetanus toxoid, unspecified formulation', TO_DATE('1970-01-01', 'YYYY-MM-DD'), TO_DATE('1970-01-01', 'YYYY-MM-DD'), TO_DATE('2010-09-30', 'YYYY-MM-DD'), TO_DATE('2010-09-30', 'YYYY-MM-DD'), 1, 1440, 'vaccine');
INSERT INTO dqa_vaccine_cvx (cvx_id, cvx_code, cvx_label, valid_start_date, use_start_date, use_end_date, valid_end_date, use_month_start, use_month_end, concept_type) VALUES (77,'77', 'tick-borne encephalitis', TO_DATE('1970-01-01', 'YYYY-MM-DD'), TO_DATE('1970-01-01', 'YYYY-MM-DD'), TO_DATE('2010-05-28', 'YYYY-MM-DD'), TO_DATE('2010-05-28', 'YYYY-MM-DD'), 1, 1440, 'vaccine');
INSERT INTO dqa_vaccine_cvx (cvx_id, cvx_code, cvx_label, valid_start_date, use_start_date, use_end_date, valid_end_date, use_month_start, use_month_end, concept_type) VALUES (13,'13', 'TIG', TO_DATE('1970-01-01', 'YYYY-MM-DD'), TO_DATE('1970-01-01', 'YYYY-MM-DD'), TO_DATE('2100-01-01', 'YYYY-MM-DD'), TO_DATE('2100-01-01', 'YYYY-MM-DD'), 1, 1440, 'vaccine');
INSERT INTO dqa_vaccine_cvx (cvx_id, cvx_code, cvx_label, valid_start_date, use_start_date, use_end_date, valid_end_date, use_month_start, use_month_end, concept_type) VALUES (98,'98', 'TST, unspecified formulation', TO_DATE('1970-01-01', 'YYYY-MM-DD'), TO_DATE('1970-01-01', 'YYYY-MM-DD'), TO_DATE('2010-09-30', 'YYYY-MM-DD'), TO_DATE('2010-09-30', 'YYYY-MM-DD'), 1, 1440, 'vaccine');
INSERT INTO dqa_vaccine_cvx (cvx_id, cvx_code, cvx_label, valid_start_date, use_start_date, use_end_date, valid_end_date, use_month_start, use_month_end, concept_type) VALUES (95,'95', 'TST-OT tine test', TO_DATE('1970-01-01', 'YYYY-MM-DD'), TO_DATE('1970-01-01', 'YYYY-MM-DD'), TO_DATE('2010-05-28', 'YYYY-MM-DD'), TO_DATE('2010-05-28', 'YYYY-MM-DD'), 1, 1440, 'vaccine');
INSERT INTO dqa_vaccine_cvx (cvx_id, cvx_code, cvx_label, valid_start_date, use_start_date, use_end_date, valid_end_date, use_month_start, use_month_end, concept_type) VALUES (96,'96', 'TST-PPD intradermal', TO_DATE('1970-01-01', 'YYYY-MM-DD'), TO_DATE('1970-01-01', 'YYYY-MM-DD'), TO_DATE('2010-05-28', 'YYYY-MM-DD'), TO_DATE('2010-05-28', 'YYYY-MM-DD'), 1, 1440, 'vaccine');
INSERT INTO dqa_vaccine_cvx (cvx_id, cvx_code, cvx_label, valid_start_date, use_start_date, use_end_date, valid_end_date, use_month_start, use_month_end, concept_type) VALUES (97,'97', 'TST-PPD tine test', TO_DATE('1970-01-01', 'YYYY-MM-DD'), TO_DATE('1970-01-01', 'YYYY-MM-DD'), TO_DATE('2010-05-28', 'YYYY-MM-DD'), TO_DATE('2010-05-28', 'YYYY-MM-DD'), 1, 1440, 'vaccine');
INSERT INTO dqa_vaccine_cvx (cvx_id, cvx_code, cvx_label, valid_start_date, use_start_date, use_end_date, valid_end_date, use_month_start, use_month_end, concept_type) VALUES (78,'78', 'tularemia vaccine', TO_DATE('1970-01-01', 'YYYY-MM-DD'), TO_DATE('1970-01-01', 'YYYY-MM-DD'), TO_DATE('2010-05-28', 'YYYY-MM-DD'), TO_DATE('2010-05-28', 'YYYY-MM-DD'), 1, 1440, 'vaccine');
INSERT INTO dqa_vaccine_cvx (cvx_id, cvx_code, cvx_label, valid_start_date, use_start_date, use_end_date, valid_end_date, use_month_start, use_month_end, concept_type) VALUES (25,'25', 'typhoid, oral', TO_DATE('1970-01-01', 'YYYY-MM-DD'), TO_DATE('1970-01-01', 'YYYY-MM-DD'), TO_DATE('2100-01-01', 'YYYY-MM-DD'), TO_DATE('2100-01-01', 'YYYY-MM-DD'), 1, 1440, 'vaccine');
INSERT INTO dqa_vaccine_cvx (cvx_id, cvx_code, cvx_label, valid_start_date, use_start_date, use_end_date, valid_end_date, use_month_start, use_month_end, concept_type) VALUES (41,'41', 'typhoid, parenteral', TO_DATE('1970-01-01', 'YYYY-MM-DD'), TO_DATE('1970-01-01', 'YYYY-MM-DD'), TO_DATE('2100-01-01', 'YYYY-MM-DD'), TO_DATE('2100-01-01', 'YYYY-MM-DD'), 1, 1440, 'vaccine');
INSERT INTO dqa_vaccine_cvx (cvx_id, cvx_code, cvx_label, valid_start_date, use_start_date, use_end_date, valid_end_date, use_month_start, use_month_end, concept_type) VALUES (53,'53', 'typhoid, parenteral, AKD (U.S. military)', TO_DATE('1970-01-01', 'YYYY-MM-DD'), TO_DATE('1970-01-01', 'YYYY-MM-DD'), TO_DATE('2100-01-01', 'YYYY-MM-DD'), TO_DATE('2100-01-01', 'YYYY-MM-DD'), 1, 1440, 'vaccine');
INSERT INTO dqa_vaccine_cvx (cvx_id, cvx_code, cvx_label, valid_start_date, use_start_date, use_end_date, valid_end_date, use_month_start, use_month_end, concept_type) VALUES (91,'91', 'typhoid, unspecified formulation', TO_DATE('1970-01-01', 'YYYY-MM-DD'), TO_DATE('1970-01-01', 'YYYY-MM-DD'), TO_DATE('2010-09-30', 'YYYY-MM-DD'), TO_DATE('2010-09-30', 'YYYY-MM-DD'), 1, 1440, 'unspecified');
INSERT INTO dqa_vaccine_cvx (cvx_id, cvx_code, cvx_label, valid_start_date, use_start_date, use_end_date, valid_end_date, use_month_start, use_month_end, concept_type) VALUES (101,'101', 'typhoid, ViCPs', TO_DATE('1970-01-01', 'YYYY-MM-DD'), TO_DATE('1970-01-01', 'YYYY-MM-DD'), TO_DATE('2100-01-01', 'YYYY-MM-DD'), TO_DATE('2100-01-01', 'YYYY-MM-DD'), 1, 1440, 'vaccine');
INSERT INTO dqa_vaccine_cvx (cvx_id, cvx_code, cvx_label, valid_start_date, use_start_date, use_end_date, valid_end_date, use_month_start, use_month_end, concept_type) VALUES (131,'131', 'typhus, historical', TO_DATE('1970-01-01', 'YYYY-MM-DD'), TO_DATE('1970-01-01', 'YYYY-MM-DD'), TO_DATE('2010-05-28', 'YYYY-MM-DD'), TO_DATE('2010-05-28', 'YYYY-MM-DD'), 1, 1440, 'vaccine');
INSERT INTO dqa_vaccine_cvx (cvx_id, cvx_code, cvx_label, valid_start_date, use_start_date, use_end_date, valid_end_date, use_month_start, use_month_end, concept_type) VALUES (75,'75', 'vaccinia (smallpox)', TO_DATE('1970-01-01', 'YYYY-MM-DD'), TO_DATE('1970-01-01', 'YYYY-MM-DD'), TO_DATE('2100-01-01', 'YYYY-MM-DD'), TO_DATE('2100-01-01', 'YYYY-MM-DD'), 1, 1440, 'vaccine');
INSERT INTO dqa_vaccine_cvx (cvx_id, cvx_code, cvx_label, valid_start_date, use_start_date, use_end_date, valid_end_date, use_month_start, use_month_end, concept_type) VALUES (105,'105', 'vaccinia (smallpox) diluted', TO_DATE('1970-01-01', 'YYYY-MM-DD'), TO_DATE('1970-01-01', 'YYYY-MM-DD'), TO_DATE('2010-05-28', 'YYYY-MM-DD'), TO_DATE('2010-05-28', 'YYYY-MM-DD'), 1, 1440, 'vaccine');
INSERT INTO dqa_vaccine_cvx (cvx_id, cvx_code, cvx_label, valid_start_date, use_start_date, use_end_date, valid_end_date, use_month_start, use_month_end, concept_type) VALUES (79,'79', 'vaccinia immune globulin', TO_DATE('1970-01-01', 'YYYY-MM-DD'), TO_DATE('1970-01-01', 'YYYY-MM-DD'), TO_DATE('2100-01-01', 'YYYY-MM-DD'), TO_DATE('2100-01-01', 'YYYY-MM-DD'), 1, 1440, 'vaccine');
INSERT INTO dqa_vaccine_cvx (cvx_id, cvx_code, cvx_label, valid_start_date, use_start_date, use_end_date, valid_end_date, use_month_start, use_month_end, concept_type) VALUES (21,'21', 'varicella', TO_DATE('1970-01-01', 'YYYY-MM-DD'), TO_DATE('1970-01-01', 'YYYY-MM-DD'), TO_DATE('2100-01-01', 'YYYY-MM-DD'), TO_DATE('2100-01-01', 'YYYY-MM-DD'), 1, 1440, 'vaccine');
INSERT INTO dqa_vaccine_cvx (cvx_id, cvx_code, cvx_label, valid_start_date, use_start_date, use_end_date, valid_end_date, use_month_start, use_month_end, concept_type) VALUES (81,'81', 'VEE, inactivated', TO_DATE('1970-01-01', 'YYYY-MM-DD'), TO_DATE('1970-01-01', 'YYYY-MM-DD'), TO_DATE('2100-01-01', 'YYYY-MM-DD'), TO_DATE('2100-01-01', 'YYYY-MM-DD'), 1, 1440, 'vaccine');
INSERT INTO dqa_vaccine_cvx (cvx_id, cvx_code, cvx_label, valid_start_date, use_start_date, use_end_date, valid_end_date, use_month_start, use_month_end, concept_type) VALUES (80,'80', 'VEE, live', TO_DATE('1970-01-01', 'YYYY-MM-DD'), TO_DATE('1970-01-01', 'YYYY-MM-DD'), TO_DATE('2010-05-28', 'YYYY-MM-DD'), TO_DATE('2010-05-28', 'YYYY-MM-DD'), 1, 1440, 'vaccine');
INSERT INTO dqa_vaccine_cvx (cvx_id, cvx_code, cvx_label, valid_start_date, use_start_date, use_end_date, valid_end_date, use_month_start, use_month_end, concept_type) VALUES (92,'92', 'VEE, unspecified formulation', TO_DATE('1970-01-01', 'YYYY-MM-DD'), TO_DATE('1970-01-01', 'YYYY-MM-DD'), TO_DATE('2010-09-30', 'YYYY-MM-DD'), TO_DATE('2010-09-30', 'YYYY-MM-DD'), 1, 1440, 'unspecified');
INSERT INTO dqa_vaccine_cvx (cvx_id, cvx_code, cvx_label, valid_start_date, use_start_date, use_end_date, valid_end_date, use_month_start, use_month_end, concept_type) VALUES (36,'36', 'VZIG', TO_DATE('1970-01-01', 'YYYY-MM-DD'), TO_DATE('1970-01-01', 'YYYY-MM-DD'), TO_DATE('2100-01-01', 'YYYY-MM-DD'), TO_DATE('2100-01-01', 'YYYY-MM-DD'), 1, 1440, 'vaccine');
INSERT INTO dqa_vaccine_cvx (cvx_id, cvx_code, cvx_label, valid_start_date, use_start_date, use_end_date, valid_end_date, use_month_start, use_month_end, concept_type) VALUES (117,'117', 'VZIG (IND)', TO_DATE('1970-01-01', 'YYYY-MM-DD'), TO_DATE('1970-01-01', 'YYYY-MM-DD'), TO_DATE('2010-05-28', 'YYYY-MM-DD'), TO_DATE('2010-05-28', 'YYYY-MM-DD'), 1, 1440, 'vaccine');
INSERT INTO dqa_vaccine_cvx (cvx_id, cvx_code, cvx_label, valid_start_date, use_start_date, use_end_date, valid_end_date, use_month_start, use_month_end, concept_type) VALUES (37,'37', 'yellow fever', TO_DATE('1970-01-01', 'YYYY-MM-DD'), TO_DATE('1970-01-01', 'YYYY-MM-DD'), TO_DATE('2100-01-01', 'YYYY-MM-DD'), TO_DATE('2100-01-01', 'YYYY-MM-DD'), 1, 1440, 'vaccine');
INSERT INTO dqa_vaccine_cvx (cvx_id, cvx_code, cvx_label, valid_start_date, use_start_date, use_end_date, valid_end_date, use_month_start, use_month_end, concept_type) VALUES (121,'121', 'zoster', TO_DATE('1970-01-01', 'YYYY-MM-DD'), TO_DATE('1970-01-01', 'YYYY-MM-DD'), TO_DATE('2100-01-01', 'YYYY-MM-DD'), TO_DATE('2100-01-01', 'YYYY-MM-DD'), 1, 1440, 'vaccine');

DROP TABLE dqa_vaccine_cpt;

CREATE TABLE dqa_vaccine_cpt
(
  cpt_id              INTEGER NOT NULL PRIMARY KEY,
  cpt_code            VARCHAR2(10) NOT NULL,
  cpt_label           VARCHAR2(250) NOT NULL,
  valid_start_date    DATE NOT NULL,
  use_start_date      DATE NOT NULL,
  use_end_date        DATE NOT NULL,
  valid_end_date      DATE NOT NULL,
  cvx_id              INTEGER NOT NULL
);

INSERT INTO dqa_vaccine_cpt (cpt_id, cpt_code, cpt_label, valid_start_date, use_start_date, use_end_date, valid_end_date, cvx_id) VALUES (2, '90476', 'adenovirus, type 4', TO_DATE('1970-01-01', 'YYYY-MM-DD'), TO_DATE('1970-01-01', 'YYYY-MM-DD'), TO_DATE('2100-01-01', 'YYYY-MM-DD'), TO_DATE('2100-01-01', 'YYYY-MM-DD'), 54);
INSERT INTO dqa_vaccine_cpt (cpt_id, cpt_code, cpt_label, valid_start_date, use_start_date, use_end_date, valid_end_date, cvx_id) VALUES (3, '90477', 'adenovirus, type 7', TO_DATE('1970-01-01', 'YYYY-MM-DD'), TO_DATE('1970-01-01', 'YYYY-MM-DD'), TO_DATE('2100-01-01', 'YYYY-MM-DD'), TO_DATE('2100-01-01', 'YYYY-MM-DD'), 55);
INSERT INTO dqa_vaccine_cpt (cpt_id, cpt_code, cpt_label, valid_start_date, use_start_date, use_end_date, valid_end_date, cvx_id) VALUES (4, '90581', 'anthrax', TO_DATE('1970-01-01', 'YYYY-MM-DD'), TO_DATE('1970-01-01', 'YYYY-MM-DD'), TO_DATE('2100-01-01', 'YYYY-MM-DD'), TO_DATE('2100-01-01', 'YYYY-MM-DD'), 24);
INSERT INTO dqa_vaccine_cpt (cpt_id, cpt_code, cpt_label, valid_start_date, use_start_date, use_end_date, valid_end_date, cvx_id) VALUES (5, '90585', 'BCG', TO_DATE('1970-01-01', 'YYYY-MM-DD'), TO_DATE('1970-01-01', 'YYYY-MM-DD'), TO_DATE('2100-01-01', 'YYYY-MM-DD'), TO_DATE('2100-01-01', 'YYYY-MM-DD'), 19);
INSERT INTO dqa_vaccine_cpt (cpt_id, cpt_code, cpt_label, valid_start_date, use_start_date, use_end_date, valid_end_date, cvx_id) VALUES (6, '90728', 'BCG', TO_DATE('1970-01-01', 'YYYY-MM-DD'), TO_DATE('1970-01-01', 'YYYY-MM-DD'), TO_DATE('2011-03-17', 'YYYY-MM-DD'), TO_DATE('2011-03-17', 'YYYY-MM-DD'), 19);
INSERT INTO dqa_vaccine_cpt (cpt_id, cpt_code, cpt_label, valid_start_date, use_start_date, use_end_date, valid_end_date, cvx_id) VALUES (7, '90287', 'botulinum antitoxin', TO_DATE('1970-01-01', 'YYYY-MM-DD'), TO_DATE('1970-01-01', 'YYYY-MM-DD'), TO_DATE('2100-01-01', 'YYYY-MM-DD'), TO_DATE('2100-01-01', 'YYYY-MM-DD'), 27);
INSERT INTO dqa_vaccine_cpt (cpt_id, cpt_code, cpt_label, valid_start_date, use_start_date, use_end_date, valid_end_date, cvx_id) VALUES (8, '90725', 'cholera', TO_DATE('1970-01-01', 'YYYY-MM-DD'), TO_DATE('1970-01-01', 'YYYY-MM-DD'), TO_DATE('2100-01-01', 'YYYY-MM-DD'), TO_DATE('2100-01-01', 'YYYY-MM-DD'), 26);
INSERT INTO dqa_vaccine_cpt (cpt_id, cpt_code, cpt_label, valid_start_date, use_start_date, use_end_date, valid_end_date, cvx_id) VALUES (9, '90291', 'CMVIG', TO_DATE('1970-01-01', 'YYYY-MM-DD'), TO_DATE('1970-01-01', 'YYYY-MM-DD'), TO_DATE('2100-01-01', 'YYYY-MM-DD'), TO_DATE('2100-01-01', 'YYYY-MM-DD'), 29);
INSERT INTO dqa_vaccine_cpt (cpt_id, cpt_code, cpt_label, valid_start_date, use_start_date, use_end_date, valid_end_date, cvx_id) VALUES (10, '90296', 'diphtheria antitoxin', TO_DATE('1970-01-01', 'YYYY-MM-DD'), TO_DATE('1970-01-01', 'YYYY-MM-DD'), TO_DATE('2100-01-01', 'YYYY-MM-DD'), TO_DATE('2100-01-01', 'YYYY-MM-DD'), 12);
INSERT INTO dqa_vaccine_cpt (cpt_id, cpt_code, cpt_label, valid_start_date, use_start_date, use_end_date, valid_end_date, cvx_id) VALUES (11, '90702', 'DT (pediatric)', TO_DATE('1970-01-01', 'YYYY-MM-DD'), TO_DATE('1970-01-01', 'YYYY-MM-DD'), TO_DATE('2100-01-01', 'YYYY-MM-DD'), TO_DATE('2100-01-01', 'YYYY-MM-DD'), 28);
INSERT INTO dqa_vaccine_cpt (cpt_id, cpt_code, cpt_label, valid_start_date, use_start_date, use_end_date, valid_end_date, cvx_id) VALUES (12, '90700', 'DTaP', TO_DATE('1970-01-01', 'YYYY-MM-DD'), TO_DATE('1970-01-01', 'YYYY-MM-DD'), TO_DATE('2100-01-01', 'YYYY-MM-DD'), TO_DATE('2100-01-01', 'YYYY-MM-DD'), 20);
INSERT INTO dqa_vaccine_cpt (cpt_id, cpt_code, cpt_label, valid_start_date, use_start_date, use_end_date, valid_end_date, cvx_id) VALUES (13, '90700', 'DTaP, 5 pertussis antigens', TO_DATE('1970-01-01', 'YYYY-MM-DD'), TO_DATE('1970-01-01', 'YYYY-MM-DD'), TO_DATE('2100-01-01', 'YYYY-MM-DD'), TO_DATE('2100-01-01', 'YYYY-MM-DD'), 106);
INSERT INTO dqa_vaccine_cpt (cpt_id, cpt_code, cpt_label, valid_start_date, use_start_date, use_end_date, valid_end_date, cvx_id) VALUES (14, '90723', 'DTaP-Hep B-IPV', TO_DATE('1970-01-01', 'YYYY-MM-DD'), TO_DATE('1970-01-01', 'YYYY-MM-DD'), TO_DATE('2100-01-01', 'YYYY-MM-DD'), TO_DATE('2100-01-01', 'YYYY-MM-DD'), 110);
INSERT INTO dqa_vaccine_cpt (cpt_id, cpt_code, cpt_label, valid_start_date, use_start_date, use_end_date, valid_end_date, cvx_id) VALUES (15, '90721', 'DTaP-Hib', TO_DATE('1970-01-01', 'YYYY-MM-DD'), TO_DATE('1970-01-01', 'YYYY-MM-DD'), TO_DATE('2100-01-01', 'YYYY-MM-DD'), TO_DATE('2100-01-01', 'YYYY-MM-DD'), 50);
INSERT INTO dqa_vaccine_cpt (cpt_id, cpt_code, cpt_label, valid_start_date, use_start_date, use_end_date, valid_end_date, cvx_id) VALUES (16, '90698', 'DTaP-Hib-IPV', TO_DATE('1970-01-01', 'YYYY-MM-DD'), TO_DATE('1970-01-01', 'YYYY-MM-DD'), TO_DATE('2100-01-01', 'YYYY-MM-DD'), TO_DATE('2100-01-01', 'YYYY-MM-DD'), 120);
INSERT INTO dqa_vaccine_cpt (cpt_id, cpt_code, cpt_label, valid_start_date, use_start_date, use_end_date, valid_end_date, cvx_id) VALUES (17, '90696', 'DTaP-IPV', TO_DATE('1970-01-01', 'YYYY-MM-DD'), TO_DATE('1970-01-01', 'YYYY-MM-DD'), TO_DATE('2100-01-01', 'YYYY-MM-DD'), TO_DATE('2100-01-01', 'YYYY-MM-DD'), 130);
INSERT INTO dqa_vaccine_cpt (cpt_id, cpt_code, cpt_label, valid_start_date, use_start_date, use_end_date, valid_end_date, cvx_id) VALUES (18, '90701', 'DTP', TO_DATE('1970-01-01', 'YYYY-MM-DD'), TO_DATE('1970-01-01', 'YYYY-MM-DD'), TO_DATE('2100-01-01', 'YYYY-MM-DD'), TO_DATE('2100-01-01', 'YYYY-MM-DD'), 1);
INSERT INTO dqa_vaccine_cpt (cpt_id, cpt_code, cpt_label, valid_start_date, use_start_date, use_end_date, valid_end_date, cvx_id) VALUES (19, '90720', 'DTP-Hib', TO_DATE('1970-01-01', 'YYYY-MM-DD'), TO_DATE('1970-01-01', 'YYYY-MM-DD'), TO_DATE('2100-01-01', 'YYYY-MM-DD'), TO_DATE('2100-01-01', 'YYYY-MM-DD'), 22);
INSERT INTO dqa_vaccine_cpt (cpt_id, cpt_code, cpt_label, valid_start_date, use_start_date, use_end_date, valid_end_date, cvx_id) VALUES (20, '90371', 'HBIG', TO_DATE('1970-01-01', 'YYYY-MM-DD'), TO_DATE('1970-01-01', 'YYYY-MM-DD'), TO_DATE('2100-01-01', 'YYYY-MM-DD'), TO_DATE('2100-01-01', 'YYYY-MM-DD'), 30);
INSERT INTO dqa_vaccine_cpt (cpt_id, cpt_code, cpt_label, valid_start_date, use_start_date, use_end_date, valid_end_date, cvx_id) VALUES (21, '90632', 'Hep A, adult', TO_DATE('1970-01-01', 'YYYY-MM-DD'), TO_DATE('1970-01-01', 'YYYY-MM-DD'), TO_DATE('2100-01-01', 'YYYY-MM-DD'), TO_DATE('2100-01-01', 'YYYY-MM-DD'), 52);
INSERT INTO dqa_vaccine_cpt (cpt_id, cpt_code, cpt_label, valid_start_date, use_start_date, use_end_date, valid_end_date, cvx_id) VALUES (22, '90633', 'Hep A, ped/adol, 2 dose', TO_DATE('1970-01-01', 'YYYY-MM-DD'), TO_DATE('1970-01-01', 'YYYY-MM-DD'), TO_DATE('2100-01-01', 'YYYY-MM-DD'), TO_DATE('2100-01-01', 'YYYY-MM-DD'), 83);
INSERT INTO dqa_vaccine_cpt (cpt_id, cpt_code, cpt_label, valid_start_date, use_start_date, use_end_date, valid_end_date, cvx_id) VALUES (23, '90634', 'Hep A, ped/adol, 3 dose', TO_DATE('1970-01-01', 'YYYY-MM-DD'), TO_DATE('1970-01-01', 'YYYY-MM-DD'), TO_DATE('2100-01-01', 'YYYY-MM-DD'), TO_DATE('2100-01-01', 'YYYY-MM-DD'), 84);
INSERT INTO dqa_vaccine_cpt (cpt_id, cpt_code, cpt_label, valid_start_date, use_start_date, use_end_date, valid_end_date, cvx_id) VALUES (24, '90730', 'Hep A, unspecified formulation', TO_DATE('1970-01-01', 'YYYY-MM-DD'), TO_DATE('1970-01-01', 'YYYY-MM-DD'), TO_DATE('2011-03-17', 'YYYY-MM-DD'), TO_DATE('2011-03-17', 'YYYY-MM-DD'), 85);
INSERT INTO dqa_vaccine_cpt (cpt_id, cpt_code, cpt_label, valid_start_date, use_start_date, use_end_date, valid_end_date, cvx_id) VALUES (25, '90636', 'Hep A-Hep B', TO_DATE('1970-01-01', 'YYYY-MM-DD'), TO_DATE('1970-01-01', 'YYYY-MM-DD'), TO_DATE('2100-01-01', 'YYYY-MM-DD'), TO_DATE('2100-01-01', 'YYYY-MM-DD'), 104);
INSERT INTO dqa_vaccine_cpt (cpt_id, cpt_code, cpt_label, valid_start_date, use_start_date, use_end_date, valid_end_date, cvx_id) VALUES (26, '90744', 'Hep B, adolescent or pediatric', TO_DATE('1970-01-01', 'YYYY-MM-DD'), TO_DATE('1970-01-01', 'YYYY-MM-DD'), TO_DATE('2100-01-01', 'YYYY-MM-DD'), TO_DATE('2100-01-01', 'YYYY-MM-DD'), 8);
INSERT INTO dqa_vaccine_cpt (cpt_id, cpt_code, cpt_label, valid_start_date, use_start_date, use_end_date, valid_end_date, cvx_id) VALUES (27, '90745', 'Hep B, adolescent/high risk infant', TO_DATE('1970-01-01', 'YYYY-MM-DD'), TO_DATE('1970-01-01', 'YYYY-MM-DD'), TO_DATE('2011-03-17', 'YYYY-MM-DD'), TO_DATE('2011-03-17', 'YYYY-MM-DD'), 42);
INSERT INTO dqa_vaccine_cpt (cpt_id, cpt_code, cpt_label, valid_start_date, use_start_date, use_end_date, valid_end_date, cvx_id) VALUES (28, '90743', 'Hep B, adult', TO_DATE('1970-01-01', 'YYYY-MM-DD'), TO_DATE('1970-01-01', 'YYYY-MM-DD'), TO_DATE('2100-01-01', 'YYYY-MM-DD'), TO_DATE('2100-01-01', 'YYYY-MM-DD'), 43);
INSERT INTO dqa_vaccine_cpt (cpt_id, cpt_code, cpt_label, valid_start_date, use_start_date, use_end_date, valid_end_date, cvx_id) VALUES (29, '90746', 'Hep B, adult', TO_DATE('1970-01-01', 'YYYY-MM-DD'), TO_DATE('1970-01-01', 'YYYY-MM-DD'), TO_DATE('2100-01-01', 'YYYY-MM-DD'), TO_DATE('2100-01-01', 'YYYY-MM-DD'), 43);
INSERT INTO dqa_vaccine_cpt (cpt_id, cpt_code, cpt_label, valid_start_date, use_start_date, use_end_date, valid_end_date, cvx_id) VALUES (30, '90740', 'Hep B, dialysis', TO_DATE('1970-01-01', 'YYYY-MM-DD'), TO_DATE('1970-01-01', 'YYYY-MM-DD'), TO_DATE('2100-01-01', 'YYYY-MM-DD'), TO_DATE('2100-01-01', 'YYYY-MM-DD'), 44);
INSERT INTO dqa_vaccine_cpt (cpt_id, cpt_code, cpt_label, valid_start_date, use_start_date, use_end_date, valid_end_date, cvx_id) VALUES (31, '90747', 'Hep B, dialysis', TO_DATE('1970-01-01', 'YYYY-MM-DD'), TO_DATE('1970-01-01', 'YYYY-MM-DD'), TO_DATE('2100-01-01', 'YYYY-MM-DD'), TO_DATE('2100-01-01', 'YYYY-MM-DD'), 44);
INSERT INTO dqa_vaccine_cpt (cpt_id, cpt_code, cpt_label, valid_start_date, use_start_date, use_end_date, valid_end_date, cvx_id) VALUES (32, '90731', 'Hep B, unspecified formulation', TO_DATE('1970-01-01', 'YYYY-MM-DD'), TO_DATE('1970-01-01', 'YYYY-MM-DD'), TO_DATE('2011-03-17', 'YYYY-MM-DD'), TO_DATE('2011-03-17', 'YYYY-MM-DD'), 45);
INSERT INTO dqa_vaccine_cpt (cpt_id, cpt_code, cpt_label, valid_start_date, use_start_date, use_end_date, valid_end_date, cvx_id) VALUES (33, '90645', 'Hib (HbOC)', TO_DATE('1970-01-01', 'YYYY-MM-DD'), TO_DATE('1970-01-01', 'YYYY-MM-DD'), TO_DATE('2100-01-01', 'YYYY-MM-DD'), TO_DATE('2100-01-01', 'YYYY-MM-DD'), 47);
INSERT INTO dqa_vaccine_cpt (cpt_id, cpt_code, cpt_label, valid_start_date, use_start_date, use_end_date, valid_end_date, cvx_id) VALUES (34, '90646', 'Hib (PRP-D)', TO_DATE('1970-01-01', 'YYYY-MM-DD'), TO_DATE('1970-01-01', 'YYYY-MM-DD'), TO_DATE('2100-01-01', 'YYYY-MM-DD'), TO_DATE('2100-01-01', 'YYYY-MM-DD'), 46);
INSERT INTO dqa_vaccine_cpt (cpt_id, cpt_code, cpt_label, valid_start_date, use_start_date, use_end_date, valid_end_date, cvx_id) VALUES (35, '90647', 'Hib (PRP-OMP)', TO_DATE('1970-01-01', 'YYYY-MM-DD'), TO_DATE('1970-01-01', 'YYYY-MM-DD'), TO_DATE('2100-01-01', 'YYYY-MM-DD'), TO_DATE('2100-01-01', 'YYYY-MM-DD'), 49);
INSERT INTO dqa_vaccine_cpt (cpt_id, cpt_code, cpt_label, valid_start_date, use_start_date, use_end_date, valid_end_date, cvx_id) VALUES (36, '90648', 'Hib (PRP-T)', TO_DATE('1970-01-01', 'YYYY-MM-DD'), TO_DATE('1970-01-01', 'YYYY-MM-DD'), TO_DATE('2100-01-01', 'YYYY-MM-DD'), TO_DATE('2100-01-01', 'YYYY-MM-DD'), 48);
INSERT INTO dqa_vaccine_cpt (cpt_id, cpt_code, cpt_label, valid_start_date, use_start_date, use_end_date, valid_end_date, cvx_id) VALUES (37, '90737', 'Hib, unspecified formulation', TO_DATE('1970-01-01', 'YYYY-MM-DD'), TO_DATE('1970-01-01', 'YYYY-MM-DD'), TO_DATE('2011-03-17', 'YYYY-MM-DD'), TO_DATE('2011-03-17', 'YYYY-MM-DD'), 17);
INSERT INTO dqa_vaccine_cpt (cpt_id, cpt_code, cpt_label, valid_start_date, use_start_date, use_end_date, valid_end_date, cvx_id) VALUES (38, '90748', 'Hib-Hep B', TO_DATE('1970-01-01', 'YYYY-MM-DD'), TO_DATE('1970-01-01', 'YYYY-MM-DD'), TO_DATE('2100-01-01', 'YYYY-MM-DD'), TO_DATE('2100-01-01', 'YYYY-MM-DD'), 51);
INSERT INTO dqa_vaccine_cpt (cpt_id, cpt_code, cpt_label, valid_start_date, use_start_date, use_end_date, valid_end_date, cvx_id) VALUES (39, '90650', 'HPV, bivalent', TO_DATE('1970-01-01', 'YYYY-MM-DD'), TO_DATE('1970-01-01', 'YYYY-MM-DD'), TO_DATE('2100-01-01', 'YYYY-MM-DD'), TO_DATE('2100-01-01', 'YYYY-MM-DD'), 118);
INSERT INTO dqa_vaccine_cpt (cpt_id, cpt_code, cpt_label, valid_start_date, use_start_date, use_end_date, valid_end_date, cvx_id) VALUES (40, '90649', 'HPV, quadrivalent', TO_DATE('1970-01-01', 'YYYY-MM-DD'), TO_DATE('1970-01-01', 'YYYY-MM-DD'), TO_DATE('2100-01-01', 'YYYY-MM-DD'), TO_DATE('2100-01-01', 'YYYY-MM-DD'), 62);
INSERT INTO dqa_vaccine_cpt (cpt_id, cpt_code, cpt_label, valid_start_date, use_start_date, use_end_date, valid_end_date, cvx_id) VALUES (41, '90281', 'IG', TO_DATE('1970-01-01', 'YYYY-MM-DD'), TO_DATE('1970-01-01', 'YYYY-MM-DD'), TO_DATE('2100-01-01', 'YYYY-MM-DD'), TO_DATE('2100-01-01', 'YYYY-MM-DD'), 86);
INSERT INTO dqa_vaccine_cpt (cpt_id, cpt_code, cpt_label, valid_start_date, use_start_date, use_end_date, valid_end_date, cvx_id) VALUES (42, '90741', 'IG, unspecified formulation', TO_DATE('1970-01-01', 'YYYY-MM-DD'), TO_DATE('1970-01-01', 'YYYY-MM-DD'), TO_DATE('2011-03-17', 'YYYY-MM-DD'), TO_DATE('2011-03-17', 'YYYY-MM-DD'), 14);
INSERT INTO dqa_vaccine_cpt (cpt_id, cpt_code, cpt_label, valid_start_date, use_start_date, use_end_date, valid_end_date, cvx_id) VALUES (43, '90283', 'IGIV', TO_DATE('1970-01-01', 'YYYY-MM-DD'), TO_DATE('1970-01-01', 'YYYY-MM-DD'), TO_DATE('2100-01-01', 'YYYY-MM-DD'), TO_DATE('2100-01-01', 'YYYY-MM-DD'), 87);
INSERT INTO dqa_vaccine_cpt (cpt_id, cpt_code, cpt_label, valid_start_date, use_start_date, use_end_date, valid_end_date, cvx_id) VALUES (44, '90662', 'Influenza, high dose seasonal', TO_DATE('1970-01-01', 'YYYY-MM-DD'), TO_DATE('1970-01-01', 'YYYY-MM-DD'), TO_DATE('2100-01-01', 'YYYY-MM-DD'), TO_DATE('2100-01-01', 'YYYY-MM-DD'), 135);
INSERT INTO dqa_vaccine_cpt (cpt_id, cpt_code, cpt_label, valid_start_date, use_start_date, use_end_date, valid_end_date, cvx_id) VALUES (45, '90660', 'influenza, live, intranasal', TO_DATE('1970-01-01', 'YYYY-MM-DD'), TO_DATE('1970-01-01', 'YYYY-MM-DD'), TO_DATE('2100-01-01', 'YYYY-MM-DD'), TO_DATE('2100-01-01', 'YYYY-MM-DD'), 111);
INSERT INTO dqa_vaccine_cpt (cpt_id, cpt_code, cpt_label, valid_start_date, use_start_date, use_end_date, valid_end_date, cvx_id) VALUES (46, '90657', 'Influenza, seasonal, injectable', TO_DATE('1970-01-01', 'YYYY-MM-DD'), TO_DATE('1970-01-01', 'YYYY-MM-DD'), TO_DATE('2100-01-01', 'YYYY-MM-DD'), TO_DATE('2100-01-01', 'YYYY-MM-DD'), 141);
INSERT INTO dqa_vaccine_cpt (cpt_id, cpt_code, cpt_label, valid_start_date, use_start_date, use_end_date, valid_end_date, cvx_id) VALUES (47, '90658', 'Influenza, seasonal, injectable', TO_DATE('1970-01-01', 'YYYY-MM-DD'), TO_DATE('1970-01-01', 'YYYY-MM-DD'), TO_DATE('2100-01-01', 'YYYY-MM-DD'), TO_DATE('2100-01-01', 'YYYY-MM-DD'), 141);
INSERT INTO dqa_vaccine_cpt (cpt_id, cpt_code, cpt_label, valid_start_date, use_start_date, use_end_date, valid_end_date, cvx_id) VALUES (48, '90656', 'Influenza, seasonal, injectable, preservative free', TO_DATE('1970-01-01', 'YYYY-MM-DD'), TO_DATE('1970-01-01', 'YYYY-MM-DD'), TO_DATE('2100-01-01', 'YYYY-MM-DD'), TO_DATE('2100-01-01', 'YYYY-MM-DD'), 140);
INSERT INTO dqa_vaccine_cpt (cpt_id, cpt_code, cpt_label, valid_start_date, use_start_date, use_end_date, valid_end_date, cvx_id) VALUES (49, '90654', 'Influenza, seasonal, injectable, preservative free', TO_DATE('1970-01-01', 'YYYY-MM-DD'), TO_DATE('1970-01-01', 'YYYY-MM-DD'), TO_DATE('2100-01-01', 'YYYY-MM-DD'), TO_DATE('2100-01-01', 'YYYY-MM-DD'), 144);
INSERT INTO dqa_vaccine_cpt (cpt_id, cpt_code, cpt_label, valid_start_date, use_start_date, use_end_date, valid_end_date, cvx_id) VALUES (50, '90655', 'Influenza, seasonal, injectable, preservative free', TO_DATE('1970-01-01', 'YYYY-MM-DD'), TO_DATE('1970-01-01', 'YYYY-MM-DD'), TO_DATE('2100-01-01', 'YYYY-MM-DD'), TO_DATE('2100-01-01', 'YYYY-MM-DD'), 140);
INSERT INTO dqa_vaccine_cpt (cpt_id, cpt_code, cpt_label, valid_start_date, use_start_date, use_end_date, valid_end_date, cvx_id) VALUES (51, '90724', 'influenza, unspecified formulation', TO_DATE('1970-01-01', 'YYYY-MM-DD'), TO_DATE('1970-01-01', 'YYYY-MM-DD'), TO_DATE('2011-03-17', 'YYYY-MM-DD'), TO_DATE('2011-03-17', 'YYYY-MM-DD'), 88);
INSERT INTO dqa_vaccine_cpt (cpt_id, cpt_code, cpt_label, valid_start_date, use_start_date, use_end_date, valid_end_date, cvx_id) VALUES (52, '90659', 'influenza, whole', TO_DATE('1970-01-01', 'YYYY-MM-DD'), TO_DATE('1970-01-01', 'YYYY-MM-DD'), TO_DATE('2011-03-17', 'YYYY-MM-DD'), TO_DATE('2011-03-17', 'YYYY-MM-DD'), 16);
INSERT INTO dqa_vaccine_cpt (cpt_id, cpt_code, cpt_label, valid_start_date, use_start_date, use_end_date, valid_end_date, cvx_id) VALUES (53, '90713', 'IPV', TO_DATE('1970-01-01', 'YYYY-MM-DD'), TO_DATE('1970-01-01', 'YYYY-MM-DD'), TO_DATE('2100-01-01', 'YYYY-MM-DD'), TO_DATE('2100-01-01', 'YYYY-MM-DD'), 10);
INSERT INTO dqa_vaccine_cpt (cpt_id, cpt_code, cpt_label, valid_start_date, use_start_date, use_end_date, valid_end_date, cvx_id) VALUES (54, '90738', 'Japanese Encephalitis IM', TO_DATE('1970-01-01', 'YYYY-MM-DD'), TO_DATE('1970-01-01', 'YYYY-MM-DD'), TO_DATE('2100-01-01', 'YYYY-MM-DD'), TO_DATE('2100-01-01', 'YYYY-MM-DD'), 134);
INSERT INTO dqa_vaccine_cpt (cpt_id, cpt_code, cpt_label, valid_start_date, use_start_date, use_end_date, valid_end_date, cvx_id) VALUES (55, '90735', 'Japanese encephalitis SC', TO_DATE('1970-01-01', 'YYYY-MM-DD'), TO_DATE('1970-01-01', 'YYYY-MM-DD'), TO_DATE('2100-01-01', 'YYYY-MM-DD'), TO_DATE('2100-01-01', 'YYYY-MM-DD'), 39);
INSERT INTO dqa_vaccine_cpt (cpt_id, cpt_code, cpt_label, valid_start_date, use_start_date, use_end_date, valid_end_date, cvx_id) VALUES (56, '90665', 'Lyme disease', TO_DATE('1970-01-01', 'YYYY-MM-DD'), TO_DATE('1970-01-01', 'YYYY-MM-DD'), TO_DATE('2100-01-01', 'YYYY-MM-DD'), TO_DATE('2100-01-01', 'YYYY-MM-DD'), 66);
INSERT INTO dqa_vaccine_cpt (cpt_id, cpt_code, cpt_label, valid_start_date, use_start_date, use_end_date, valid_end_date, cvx_id) VALUES (57, '90708', 'M/R', TO_DATE('1970-01-01', 'YYYY-MM-DD'), TO_DATE('1970-01-01', 'YYYY-MM-DD'), TO_DATE('2100-01-01', 'YYYY-MM-DD'), TO_DATE('2100-01-01', 'YYYY-MM-DD'), 4);
INSERT INTO dqa_vaccine_cpt (cpt_id, cpt_code, cpt_label, valid_start_date, use_start_date, use_end_date, valid_end_date, cvx_id) VALUES (58, '90705', 'measles', TO_DATE('1970-01-01', 'YYYY-MM-DD'), TO_DATE('1970-01-01', 'YYYY-MM-DD'), TO_DATE('2100-01-01', 'YYYY-MM-DD'), TO_DATE('2100-01-01', 'YYYY-MM-DD'), 5);
INSERT INTO dqa_vaccine_cpt (cpt_id, cpt_code, cpt_label, valid_start_date, use_start_date, use_end_date, valid_end_date, cvx_id) VALUES (59, '90734', 'Meningococcal MCV4O', TO_DATE('1970-01-01', 'YYYY-MM-DD'), TO_DATE('1970-01-01', 'YYYY-MM-DD'), TO_DATE('2100-01-01', 'YYYY-MM-DD'), TO_DATE('2100-01-01', 'YYYY-MM-DD'), 136);
INSERT INTO dqa_vaccine_cpt (cpt_id, cpt_code, cpt_label, valid_start_date, use_start_date, use_end_date, valid_end_date, cvx_id) VALUES (60, '90734', 'meningococcal MCV4P', TO_DATE('1970-01-01', 'YYYY-MM-DD'), TO_DATE('1970-01-01', 'YYYY-MM-DD'), TO_DATE('2100-01-01', 'YYYY-MM-DD'), TO_DATE('2100-01-01', 'YYYY-MM-DD'), 114);
INSERT INTO dqa_vaccine_cpt (cpt_id, cpt_code, cpt_label, valid_start_date, use_start_date, use_end_date, valid_end_date, cvx_id) VALUES (61, '90733', 'meningococcal MPSV4', TO_DATE('1970-01-01', 'YYYY-MM-DD'), TO_DATE('1970-01-01', 'YYYY-MM-DD'), TO_DATE('2100-01-01', 'YYYY-MM-DD'), TO_DATE('2100-01-01', 'YYYY-MM-DD'), 32);
INSERT INTO dqa_vaccine_cpt (cpt_id, cpt_code, cpt_label, valid_start_date, use_start_date, use_end_date, valid_end_date, cvx_id) VALUES (62, '90707', 'MMR', TO_DATE('1970-01-01', 'YYYY-MM-DD'), TO_DATE('1970-01-01', 'YYYY-MM-DD'), TO_DATE('2100-01-01', 'YYYY-MM-DD'), TO_DATE('2100-01-01', 'YYYY-MM-DD'), 3);
INSERT INTO dqa_vaccine_cpt (cpt_id, cpt_code, cpt_label, valid_start_date, use_start_date, use_end_date, valid_end_date, cvx_id) VALUES (63, '90710', 'MMRV', TO_DATE('1970-01-01', 'YYYY-MM-DD'), TO_DATE('1970-01-01', 'YYYY-MM-DD'), TO_DATE('2100-01-01', 'YYYY-MM-DD'), TO_DATE('2100-01-01', 'YYYY-MM-DD'), 94);
INSERT INTO dqa_vaccine_cpt (cpt_id, cpt_code, cpt_label, valid_start_date, use_start_date, use_end_date, valid_end_date, cvx_id) VALUES (64, '90704', 'mumps', TO_DATE('1970-01-01', 'YYYY-MM-DD'), TO_DATE('1970-01-01', 'YYYY-MM-DD'), TO_DATE('2100-01-01', 'YYYY-MM-DD'), TO_DATE('2100-01-01', 'YYYY-MM-DD'), 7);
INSERT INTO dqa_vaccine_cpt (cpt_id, cpt_code, cpt_label, valid_start_date, use_start_date, use_end_date, valid_end_date, cvx_id) VALUES (65, '90668', 'Novel influenza-H1N1-09', TO_DATE('1970-01-01', 'YYYY-MM-DD'), TO_DATE('1970-01-01', 'YYYY-MM-DD'), TO_DATE('2010-08-31', 'YYYY-MM-DD'), TO_DATE('2010-08-31', 'YYYY-MM-DD'), 127);
INSERT INTO dqa_vaccine_cpt (cpt_id, cpt_code, cpt_label, valid_start_date, use_start_date, use_end_date, valid_end_date, cvx_id) VALUES (66, '90470', 'Novel Influenza-H1N1-09, all formulations', TO_DATE('1970-01-01', 'YYYY-MM-DD'), TO_DATE('1970-01-01', 'YYYY-MM-DD'), TO_DATE('2010-08-31', 'YYYY-MM-DD'), TO_DATE('2010-08-31', 'YYYY-MM-DD'), 128);
INSERT INTO dqa_vaccine_cpt (cpt_id, cpt_code, cpt_label, valid_start_date, use_start_date, use_end_date, valid_end_date, cvx_id) VALUES (67, '90663', 'Novel Influenza-H1N1-09, all formulations', TO_DATE('1970-01-01', 'YYYY-MM-DD'), TO_DATE('1970-01-01', 'YYYY-MM-DD'), TO_DATE('2010-08-31', 'YYYY-MM-DD'), TO_DATE('2010-08-31', 'YYYY-MM-DD'), 128);
INSERT INTO dqa_vaccine_cpt (cpt_id, cpt_code, cpt_label, valid_start_date, use_start_date, use_end_date, valid_end_date, cvx_id) VALUES (68, '90664', 'Novel Influenza-H1N1-09, nasal', TO_DATE('1970-01-01', 'YYYY-MM-DD'), TO_DATE('1970-01-01', 'YYYY-MM-DD'), TO_DATE('2010-08-31', 'YYYY-MM-DD'), TO_DATE('2010-08-31', 'YYYY-MM-DD'), 125);
INSERT INTO dqa_vaccine_cpt (cpt_id, cpt_code, cpt_label, valid_start_date, use_start_date, use_end_date, valid_end_date, cvx_id) VALUES (69, '90666', 'Novel influenza-H1N1-09, preservative-free', TO_DATE('1970-01-01', 'YYYY-MM-DD'), TO_DATE('1970-01-01', 'YYYY-MM-DD'), TO_DATE('2010-08-31', 'YYYY-MM-DD'), TO_DATE('2010-08-31', 'YYYY-MM-DD'), 126);
INSERT INTO dqa_vaccine_cpt (cpt_id, cpt_code, cpt_label, valid_start_date, use_start_date, use_end_date, valid_end_date, cvx_id) VALUES (70, '90712', 'OPV', TO_DATE('1970-01-01', 'YYYY-MM-DD'), TO_DATE('1970-01-01', 'YYYY-MM-DD'), TO_DATE('2100-01-01', 'YYYY-MM-DD'), TO_DATE('2100-01-01', 'YYYY-MM-DD'), 2);
INSERT INTO dqa_vaccine_cpt (cpt_id, cpt_code, cpt_label, valid_start_date, use_start_date, use_end_date, valid_end_date, cvx_id) VALUES (71, '90727', 'plague', TO_DATE('1970-01-01', 'YYYY-MM-DD'), TO_DATE('1970-01-01', 'YYYY-MM-DD'), TO_DATE('2100-01-01', 'YYYY-MM-DD'), TO_DATE('2100-01-01', 'YYYY-MM-DD'), 23);
INSERT INTO dqa_vaccine_cpt (cpt_id, cpt_code, cpt_label, valid_start_date, use_start_date, use_end_date, valid_end_date, cvx_id) VALUES (72, '90670', 'Pneumococcal conjugate PCV 13', TO_DATE('1970-01-01', 'YYYY-MM-DD'), TO_DATE('1970-01-01', 'YYYY-MM-DD'), TO_DATE('2100-01-01', 'YYYY-MM-DD'), TO_DATE('2100-01-01', 'YYYY-MM-DD'), 133);
INSERT INTO dqa_vaccine_cpt (cpt_id, cpt_code, cpt_label, valid_start_date, use_start_date, use_end_date, valid_end_date, cvx_id) VALUES (73, '90669', 'pneumococcal conjugate PCV 7', TO_DATE('1970-01-01', 'YYYY-MM-DD'), TO_DATE('1970-01-01', 'YYYY-MM-DD'), TO_DATE('2100-01-01', 'YYYY-MM-DD'), TO_DATE('2100-01-01', 'YYYY-MM-DD'), 100);
INSERT INTO dqa_vaccine_cpt (cpt_id, cpt_code, cpt_label, valid_start_date, use_start_date, use_end_date, valid_end_date, cvx_id) VALUES (74, '90732', 'pneumococcal polysaccharide PPV23', TO_DATE('1970-01-01', 'YYYY-MM-DD'), TO_DATE('1970-01-01', 'YYYY-MM-DD'), TO_DATE('2100-01-01', 'YYYY-MM-DD'), TO_DATE('2100-01-01', 'YYYY-MM-DD'), 33);
INSERT INTO dqa_vaccine_cpt (cpt_id, cpt_code, cpt_label, valid_start_date, use_start_date, use_end_date, valid_end_date, cvx_id) VALUES (75, '90676', 'rabies, intradermal injection', TO_DATE('1970-01-01', 'YYYY-MM-DD'), TO_DATE('1970-01-01', 'YYYY-MM-DD'), TO_DATE('2100-01-01', 'YYYY-MM-DD'), TO_DATE('2100-01-01', 'YYYY-MM-DD'), 40);
INSERT INTO dqa_vaccine_cpt (cpt_id, cpt_code, cpt_label, valid_start_date, use_start_date, use_end_date, valid_end_date, cvx_id) VALUES (76, '90675', 'rabies, intramuscular injection', TO_DATE('1970-01-01', 'YYYY-MM-DD'), TO_DATE('1970-01-01', 'YYYY-MM-DD'), TO_DATE('2100-01-01', 'YYYY-MM-DD'), TO_DATE('2100-01-01', 'YYYY-MM-DD'), 18);
INSERT INTO dqa_vaccine_cpt (cpt_id, cpt_code, cpt_label, valid_start_date, use_start_date, use_end_date, valid_end_date, cvx_id) VALUES (77, '90726', 'rabies, unspecified formulation', TO_DATE('1970-01-01', 'YYYY-MM-DD'), TO_DATE('1970-01-01', 'YYYY-MM-DD'), TO_DATE('2011-03-17', 'YYYY-MM-DD'), TO_DATE('2011-03-17', 'YYYY-MM-DD'), 90);
INSERT INTO dqa_vaccine_cpt (cpt_id, cpt_code, cpt_label, valid_start_date, use_start_date, use_end_date, valid_end_date, cvx_id) VALUES (78, '90375', 'RIG', TO_DATE('1970-01-01', 'YYYY-MM-DD'), TO_DATE('1970-01-01', 'YYYY-MM-DD'), TO_DATE('2100-01-01', 'YYYY-MM-DD'), TO_DATE('2100-01-01', 'YYYY-MM-DD'), 34);
INSERT INTO dqa_vaccine_cpt (cpt_id, cpt_code, cpt_label, valid_start_date, use_start_date, use_end_date, valid_end_date, cvx_id) VALUES (79, '90376', 'RIG', TO_DATE('1970-01-01', 'YYYY-MM-DD'), TO_DATE('1970-01-01', 'YYYY-MM-DD'), TO_DATE('2100-01-01', 'YYYY-MM-DD'), TO_DATE('2100-01-01', 'YYYY-MM-DD'), 34);
INSERT INTO dqa_vaccine_cpt (cpt_id, cpt_code, cpt_label, valid_start_date, use_start_date, use_end_date, valid_end_date, cvx_id) VALUES (80, '90681', 'rotavirus, monovalent', TO_DATE('1970-01-01', 'YYYY-MM-DD'), TO_DATE('1970-01-01', 'YYYY-MM-DD'), TO_DATE('2100-01-01', 'YYYY-MM-DD'), TO_DATE('2100-01-01', 'YYYY-MM-DD'), 119);
INSERT INTO dqa_vaccine_cpt (cpt_id, cpt_code, cpt_label, valid_start_date, use_start_date, use_end_date, valid_end_date, cvx_id) VALUES (81, '90680', 'rotavirus, pentavalent', TO_DATE('1970-01-01', 'YYYY-MM-DD'), TO_DATE('1970-01-01', 'YYYY-MM-DD'), TO_DATE('2100-01-01', 'YYYY-MM-DD'), TO_DATE('2100-01-01', 'YYYY-MM-DD'), 116);
INSERT INTO dqa_vaccine_cpt (cpt_id, cpt_code, cpt_label, valid_start_date, use_start_date, use_end_date, valid_end_date, cvx_id) VALUES (82, '90379', 'RSV-IGIV', TO_DATE('1970-01-01', 'YYYY-MM-DD'), TO_DATE('1970-01-01', 'YYYY-MM-DD'), TO_DATE('2100-01-01', 'YYYY-MM-DD'), TO_DATE('2100-01-01', 'YYYY-MM-DD'), 71);
INSERT INTO dqa_vaccine_cpt (cpt_id, cpt_code, cpt_label, valid_start_date, use_start_date, use_end_date, valid_end_date, cvx_id) VALUES (83, '90378', 'RSV-MAb', TO_DATE('1970-01-01', 'YYYY-MM-DD'), TO_DATE('1970-01-01', 'YYYY-MM-DD'), TO_DATE('2100-01-01', 'YYYY-MM-DD'), TO_DATE('2100-01-01', 'YYYY-MM-DD'), 93);
INSERT INTO dqa_vaccine_cpt (cpt_id, cpt_code, cpt_label, valid_start_date, use_start_date, use_end_date, valid_end_date, cvx_id) VALUES (84, '90706', 'rubella', TO_DATE('1970-01-01', 'YYYY-MM-DD'), TO_DATE('1970-01-01', 'YYYY-MM-DD'), TO_DATE('2100-01-01', 'YYYY-MM-DD'), TO_DATE('2100-01-01', 'YYYY-MM-DD'), 6);
INSERT INTO dqa_vaccine_cpt (cpt_id, cpt_code, cpt_label, valid_start_date, use_start_date, use_end_date, valid_end_date, cvx_id) VALUES (85, '90714', 'Td (adult) preservative free', TO_DATE('2005-01-01', 'YYYY-MM-DD'), TO_DATE('2005-01-01', 'YYYY-MM-DD'), TO_DATE('2100-01-01', 'YYYY-MM-DD'), TO_DATE('2100-01-01', 'YYYY-MM-DD'), 113);
INSERT INTO dqa_vaccine_cpt (cpt_id, cpt_code, cpt_label, valid_start_date, use_start_date, use_end_date, valid_end_date, cvx_id) VALUES (86, '90718', 'Td (adult), adsorbed', TO_DATE('1970-01-01', 'YYYY-MM-DD'), TO_DATE('1970-01-01', 'YYYY-MM-DD'), TO_DATE('2100-01-01', 'YYYY-MM-DD'), TO_DATE('2100-01-01', 'YYYY-MM-DD'), 9);
INSERT INTO dqa_vaccine_cpt (cpt_id, cpt_code, cpt_label, valid_start_date, use_start_date, use_end_date, valid_end_date, cvx_id) VALUES (87, '90715', 'Tdap', TO_DATE('1970-01-01', 'YYYY-MM-DD'), TO_DATE('1970-01-01', 'YYYY-MM-DD'), TO_DATE('2100-01-01', 'YYYY-MM-DD'), TO_DATE('2100-01-01', 'YYYY-MM-DD'), 115);
INSERT INTO dqa_vaccine_cpt (cpt_id, cpt_code, cpt_label, valid_start_date, use_start_date, use_end_date, valid_end_date, cvx_id) VALUES (88, '90703', 'tetanus toxoid, adsorbed', TO_DATE('1970-01-01', 'YYYY-MM-DD'), TO_DATE('1970-01-01', 'YYYY-MM-DD'), TO_DATE('2100-01-01', 'YYYY-MM-DD'), TO_DATE('2100-01-01', 'YYYY-MM-DD'), 35);
INSERT INTO dqa_vaccine_cpt (cpt_id, cpt_code, cpt_label, valid_start_date, use_start_date, use_end_date, valid_end_date, cvx_id) VALUES (89, '90389', 'TIG', TO_DATE('1970-01-01', 'YYYY-MM-DD'), TO_DATE('1970-01-01', 'YYYY-MM-DD'), TO_DATE('2100-01-01', 'YYYY-MM-DD'), TO_DATE('2100-01-01', 'YYYY-MM-DD'), 13);
INSERT INTO dqa_vaccine_cpt (cpt_id, cpt_code, cpt_label, valid_start_date, use_start_date, use_end_date, valid_end_date, cvx_id) VALUES (90, '90690', 'typhoid, oral', TO_DATE('1970-01-01', 'YYYY-MM-DD'), TO_DATE('1970-01-01', 'YYYY-MM-DD'), TO_DATE('2100-01-01', 'YYYY-MM-DD'), TO_DATE('2100-01-01', 'YYYY-MM-DD'), 25);
INSERT INTO dqa_vaccine_cpt (cpt_id, cpt_code, cpt_label, valid_start_date, use_start_date, use_end_date, valid_end_date, cvx_id) VALUES (91, '90692', 'typhoid, parenteral', TO_DATE('1970-01-01', 'YYYY-MM-DD'), TO_DATE('1970-01-01', 'YYYY-MM-DD'), TO_DATE('2100-01-01', 'YYYY-MM-DD'), TO_DATE('2100-01-01', 'YYYY-MM-DD'), 41);
INSERT INTO dqa_vaccine_cpt (cpt_id, cpt_code, cpt_label, valid_start_date, use_start_date, use_end_date, valid_end_date, cvx_id) VALUES (92, '90693', 'typhoid, parenteral, AKD (U.S. military)', TO_DATE('1970-01-01', 'YYYY-MM-DD'), TO_DATE('1970-01-01', 'YYYY-MM-DD'), TO_DATE('2100-01-01', 'YYYY-MM-DD'), TO_DATE('2100-01-01', 'YYYY-MM-DD'), 53);
INSERT INTO dqa_vaccine_cpt (cpt_id, cpt_code, cpt_label, valid_start_date, use_start_date, use_end_date, valid_end_date, cvx_id) VALUES (93, '90714', 'typhoid, unspecified formulation', TO_DATE('1970-01-01', 'YYYY-MM-DD'), TO_DATE('1970-01-01', 'YYYY-MM-DD'), TO_DATE('2011-03-17', 'YYYY-MM-DD'), TO_DATE('2011-03-17', 'YYYY-MM-DD'), 91);
INSERT INTO dqa_vaccine_cpt (cpt_id, cpt_code, cpt_label, valid_start_date, use_start_date, use_end_date, valid_end_date, cvx_id) VALUES (94, '90691', 'typhoid, ViCPs', TO_DATE('1970-01-01', 'YYYY-MM-DD'), TO_DATE('1970-01-01', 'YYYY-MM-DD'), TO_DATE('2100-01-01', 'YYYY-MM-DD'), TO_DATE('2100-01-01', 'YYYY-MM-DD'), 101);
INSERT INTO dqa_vaccine_cpt (cpt_id, cpt_code, cpt_label, valid_start_date, use_start_date, use_end_date, valid_end_date, cvx_id) VALUES (95, '90393', 'vaccinia immune globulin', TO_DATE('1970-01-01', 'YYYY-MM-DD'), TO_DATE('1970-01-01', 'YYYY-MM-DD'), TO_DATE('2100-01-01', 'YYYY-MM-DD'), TO_DATE('2100-01-01', 'YYYY-MM-DD'), 79);
INSERT INTO dqa_vaccine_cpt (cpt_id, cpt_code, cpt_label, valid_start_date, use_start_date, use_end_date, valid_end_date, cvx_id) VALUES (96, '90716', 'varicella', TO_DATE('1970-01-01', 'YYYY-MM-DD'), TO_DATE('1970-01-01', 'YYYY-MM-DD'), TO_DATE('2100-01-01', 'YYYY-MM-DD'), TO_DATE('2100-01-01', 'YYYY-MM-DD'), 21);
INSERT INTO dqa_vaccine_cpt (cpt_id, cpt_code, cpt_label, valid_start_date, use_start_date, use_end_date, valid_end_date, cvx_id) VALUES (97, '90396', 'VZIG', TO_DATE('1970-01-01', 'YYYY-MM-DD'), TO_DATE('1970-01-01', 'YYYY-MM-DD'), TO_DATE('2100-01-01', 'YYYY-MM-DD'), TO_DATE('2100-01-01', 'YYYY-MM-DD'), 36);
INSERT INTO dqa_vaccine_cpt (cpt_id, cpt_code, cpt_label, valid_start_date, use_start_date, use_end_date, valid_end_date, cvx_id) VALUES (98, '90717', 'yellow fever', TO_DATE('1970-01-01', 'YYYY-MM-DD'), TO_DATE('1970-01-01', 'YYYY-MM-DD'), TO_DATE('2100-01-01', 'YYYY-MM-DD'), TO_DATE('2100-01-01', 'YYYY-MM-DD'), 37);
INSERT INTO dqa_vaccine_cpt (cpt_id, cpt_code, cpt_label, valid_start_date, use_start_date, use_end_date, valid_end_date, cvx_id) VALUES (99, '90736', 'zoster', TO_DATE('1970-01-01', 'YYYY-MM-DD'), TO_DATE('1970-01-01', 'YYYY-MM-DD'), TO_DATE('2100-01-01', 'YYYY-MM-DD'), TO_DATE('2100-01-01', 'YYYY-MM-DD'), 121);

DROP TABLE dqa_submitter_profile;

CREATE TABLE dqa_submitter_profile
(
  profile_id         INTEGER NOT NULL PRIMARY KEY,
  profile_code       VARCHAR2(50) NOT NULL,
  profile_label      VARCHAR2(50) NOT NULL,
  profile_status     VARCHAR2(10) DEFAULT 'Setup' NOT NULL, -- Setup, Test, Prod, Hold, Clos, Template
  org_id             INTEGER NOT NULL,
  data_format        VARCHAR2(5) DEFAULT 'HL7v2' NOT NULL, -- HL7v2
  transfer_priority  VARCHAR2(7) DEFAULT 'Normal' NOT NULL, -- Normal, High, Highest, Low, Lowest
  access_key         VARCHAR2(50)
);

INSERT INTO dqa_submitter_profile(profile_id, profile_code, profile_label, profile_status, org_id, data_format, transfer_priority, access_key) VALUES (1, 'MASTER:HL7', 'HL7', 'Template', 1, 'HL7v2', 'Normal', 'hl7');

